OrderID,OrderDate,CustomerID,ProductID,ProductName,Category,UnitPrice,Quantity,Country,LineAmount
O00001,2025-06-28,C033,P020,Water Bottle,Home & Kitchen,247.28,2,Canada,494.56
O00001,2025-06-28,C033,P019,Bedsheet,Home & Kitchen,949.06,2,Australia,1898.12
O00001,2025-06-28,C033,P004,Bluetooth Speaker,Electronics,3785.67,3,Canada,11357.01
O00002,2025-09-06,C021,P018,Dinner Set,Home & Kitchen,2794.42,1,UK,2794.42
O00002,2025-09-06,C021,P023,Yoga Mat,Sports,705.87,3,Canada,2117.61
O00002,2025-09-06,C021,P002,Laptop,Electronics,59719.4,1,Canada,59719.4
O00002,2025-09-06,C021,P013,Cooking Oil 1L,Groceries,159.66,1,Canada,159.66
O00003,2025-05-24,C083,P022,Football,Sports,938.46,2,Australia,1876.92
O00003,2025-05-24,C083,P008,Sneakers,Fashion,2406.54,2,Australia,4813.08
O00003,2025-05-24,C083,P001,Smartphone,Electronics,18170.96,2,UK,36341.92
O00003,2025-05-24,C083,P006,T-Shirt,Fashion,680.39,2,Australia,1360.78
O00003,2025-05-24,C083,P002,Laptop,Electronics,54174.13,1,Australia,54174.13
O00004,2025-12-08,C065,P008,Sneakers,Fashion,2525.08,2,Canada,5050.16
O00004,2025-12-08,C065,P014,Sugar 1kg,Groceries,52.93,1,India,52.93
O00004,2025-12-08,C065,P018,Dinner Set,Home & Kitchen,2843.26,2,USA,5686.52
O00004,2025-12-08,C065,P016,Mixer Grinder,Home & Kitchen,3505.54,1,Australia,3505.54
O00005,2025-05-29,C047,P008,Sneakers,Fashion,2479.02,1,Canada,2479.02
O00005,2025-05-29,C047,P017,Pressure Cooker,Home & Kitchen,2218.13,2,Canada,4436.26
O00005,2025-05-29,C047,P013,Cooking Oil 1L,Groceries,158.38,2,Australia,316.76
O00005,2025-05-29,C047,P025,Badminton Racket,Sports,791.19,1,UK,791.19
O00005,2025-05-29,C047,P002,Laptop,Electronics,52516.61,2,India,105033.22
O00006,2025-07-31,C161,P004,Bluetooth Speaker,Electronics,3636.92,3,India,10910.76
O00006,2025-07-31,C161,P023,Yoga Mat,Sports,752.06,2,India,1504.12
O00006,2025-07-31,C161,P022,Football,Sports,863.57,1,India,863.57
O00006,2025-07-31,C161,P012,Wheat Flour 5kg,Groceries,310.42,3,Australia,931.26
O00006,2025-07-31,C161,P025,Badminton Racket,Sports,863.77,3,India,2591.31
O00007,2025-12-17,C197,P015,Tea 500g,Groceries,236.44,2,USA,472.88
O00007,2025-12-17,C197,P012,Wheat Flour 5kg,Groceries,330.49,1,Australia,330.49
O00007,2025-12-17,C197,P025,Badminton Racket,Sports,865.2,2,India,1730.4
O00007,2025-12-17,C197,P016,Mixer Grinder,Home & Kitchen,3104.33,1,Australia,3104.33
O00007,2025-12-17,C197,P007,Jeans,Fashion,1568.86,1,UK,1568.86
O00008,2025-04-13,C179,P011,Rice 5kg,Groceries,383.95,1,Australia,383.95
O00008,2025-04-13,C179,P013,Cooking Oil 1L,Groceries,159.89,2,UK,319.78
O00008,2025-04-13,C179,P020,Water Bottle,Home & Kitchen,246.51,3,UK,739.53
O00008,2025-04-13,C179,P017,Pressure Cooker,Home & Kitchen,2132.53,3,UK,6397.59
O00009,2025-01-08,C118,P024,Dumbbells 5kg,Sports,1226.61,1,UK,1226.61
O00009,2025-01-08,C118,P007,Jeans,Fashion,1509.89,3,India,4529.67
O00009,2025-01-08,C118,P025,Badminton Racket,Sports,864.2,2,India,1728.4
O00009,2025-01-08,C118,P022,Football,Sports,879.91,3,USA,2639.73
O00010,2025-03-19,C028,P008,Sneakers,Fashion,2408.45,3,Canada,7225.349999999999
O00010,2025-03-19,C028,P016,Mixer Grinder,Home & Kitchen,3467.45,1,Canada,3467.45
O00011,2025-03-09,C025,P011,Rice 5kg,Groceries,364.3,2,India,728.6
O00011,2025-03-09,C025,P014,Sugar 1kg,Groceries,53.09,1,Canada,53.09
O00012,2025-11-27,C094,P021,Cricket Bat,Sports,1598.14,1,USA,1598.14
O00013,2025-11-20,C118,P021,Cricket Bat,Sports,1444.77,2,Australia,2889.54
O00013,2025-11-20,C118,P010,Formal Shirt,Fashion,1276.84,1,UK,1276.84
O00013,2025-11-20,C118,P009,Jacket,Fashion,3062.21,3,UK,9186.630000000001
O00014,2025-04-05,C094,P023,Yoga Mat,Sports,734.85,3,USA,2204.55
O00015,2025-05-12,C062,P024,Dumbbells 5kg,Sports,1271.5,3,USA,3814.5
O00016,2025-01-15,C192,P015,Tea 500g,Groceries,225.05,1,Canada,225.05
O00016,2025-01-15,C192,P012,Wheat Flour 5kg,Groceries,338.56,1,UK,338.56
O00016,2025-01-15,C192,P003,Headphones,Electronics,2587.07,3,USA,7761.210000000001
O00016,2025-01-15,C192,P008,Sneakers,Fashion,2599.64,3,Canada,7798.92
O00016,2025-01-15,C192,P023,Yoga Mat,Sports,765.7,3,USA,2297.1000000000004
O00017,2025-12-29,C046,P019,Bedsheet,Home & Kitchen,981.14,2,UK,1962.28
O00017,2025-12-29,C046,P017,Pressure Cooker,Home & Kitchen,2130.53,3,Australia,6391.59
O00017,2025-12-29,C046,P003,Headphones,Electronics,2437.07,1,Canada,2437.07
O00017,2025-12-29,C046,P006,T-Shirt,Fashion,752.94,2,India,1505.88
O00018,2025-02-24,C063,P012,Wheat Flour 5kg,Groceries,310.76,3,India,932.28
O00018,2025-02-24,C063,P016,Mixer Grinder,Home & Kitchen,3119.45,3,Australia,9358.349999999999
O00018,2025-02-24,C063,P005,Smartwatch,Electronics,7030.51,1,UK,7030.51
O00019,2025-06-03,C150,P019,Bedsheet,Home & Kitchen,863.87,3,UK,2591.61
O00019,2025-06-03,C150,P002,Laptop,Electronics,56603.09,3,Canada,169809.27
O00019,2025-06-03,C150,P004,Bluetooth Speaker,Electronics,3535.4,1,UK,3535.4
O00019,2025-06-03,C150,P012,Wheat Flour 5kg,Groceries,308.94,3,Australia,926.8199999999999
O00020,2025-12-25,C055,P004,Bluetooth Speaker,Electronics,3703.43,3,UK,11110.289999999999
O00020,2025-12-25,C055,P021,Cricket Bat,Sports,1560.72,2,UK,3121.44
O00020,2025-12-25,C055,P024,Dumbbells 5kg,Sports,1165.39,1,USA,1165.39
O00021,2025-11-26,C007,P006,T-Shirt,Fashion,703.09,2,Australia,1406.18
O00022,2025-12-21,C172,P011,Rice 5kg,Groceries,368.79,1,Australia,368.79
O00022,2025-12-21,C172,P001,Smartphone,Electronics,19320.98,3,Australia,57962.94
O00022,2025-12-21,C172,P005,Smartwatch,Electronics,7255.34,2,USA,14510.68
O00022,2025-12-21,C172,P019,Bedsheet,Home & Kitchen,909.71,1,USA,909.71
O00023,2025-03-28,C076,P017,Pressure Cooker,Home & Kitchen,2218.47,1,UK,2218.47
O00023,2025-03-28,C076,P011,Rice 5kg,Groceries,370.38,1,UK,370.38
O00023,2025-03-28,C076,P009,Jacket,Fashion,3064.22,2,Australia,6128.44
O00023,2025-03-28,C076,P004,Bluetooth Speaker,Electronics,3466.7,1,Canada,3466.7
O00023,2025-03-28,C076,P019,Bedsheet,Home & Kitchen,935.34,3,UK,2806.02
O00024,2025-12-31,C081,P018,Dinner Set,Home & Kitchen,2907.9,2,UK,5815.8
O00024,2025-12-31,C081,P012,Wheat Flour 5kg,Groceries,308.4,1,UK,308.4
O00024,2025-12-31,C081,P015,Tea 500g,Groceries,213.52,1,USA,213.52
O00025,2025-11-07,C057,P004,Bluetooth Speaker,Electronics,3805.63,2,Australia,7611.26
O00026,2025-05-17,C007,P013,Cooking Oil 1L,Groceries,169.71,1,India,169.71
O00026,2025-05-17,C007,P025,Badminton Racket,Sports,833.9,1,USA,833.9
O00026,2025-05-17,C007,P009,Jacket,Fashion,3057.87,3,USA,9173.61
O00027,2025-09-08,C158,P025,Badminton Racket,Sports,862.34,2,USA,1724.68
O00027,2025-09-08,C158,P015,Tea 500g,Groceries,228.44,2,India,456.88
O00027,2025-09-08,C158,P002,Laptop,Electronics,60398.71,1,India,60398.71
O00027,2025-09-08,C158,P011,Rice 5kg,Groceries,352.68,3,Canada,1058.04
O00027,2025-09-08,C158,P023,Yoga Mat,Sports,764.75,3,Australia,2294.25
O00028,2025-07-17,C171,P021,Cricket Bat,Sports,1541.61,1,Canada,1541.61
O00028,2025-07-17,C171,P012,Wheat Flour 5kg,Groceries,329.2,2,UK,658.4
O00028,2025-07-17,C171,P015,Tea 500g,Groceries,226.0,2,USA,452.0
O00029,2025-05-25,C062,P024,Dumbbells 5kg,Sports,1155.66,3,Canada,3466.9800000000005
O00029,2025-05-25,C062,P007,Jeans,Fashion,1426.14,3,UK,4278.42
O00029,2025-05-25,C062,P018,Dinner Set,Home & Kitchen,2680.49,1,USA,2680.49
O00030,2025-02-06,C198,P014,Sugar 1kg,Groceries,54.22,3,Australia,162.66
O00030,2025-02-06,C198,P007,Jeans,Fashion,1448.81,2,UK,2897.62
O00030,2025-02-06,C198,P010,Formal Shirt,Fashion,1174.06,2,Australia,2348.12
O00030,2025-02-06,C198,P023,Yoga Mat,Sports,765.94,3,India,2297.82
O00031,2025-01-23,C031,P006,T-Shirt,Fashion,694.75,2,USA,1389.5
O00031,2025-01-23,C031,P003,Headphones,Electronics,2736.12,1,Canada,2736.12
O00032,2025-12-01,C060,P009,Jacket,Fashion,3022.63,1,Australia,3022.63
O00032,2025-12-01,C060,P014,Sugar 1kg,Groceries,59.03,3,UK,177.09
O00032,2025-12-01,C060,P003,Headphones,Electronics,2631.24,3,USA,7893.719999999999
O00032,2025-12-01,C060,P011,Rice 5kg,Groceries,346.87,2,Australia,693.74
O00032,2025-12-01,C060,P023,Yoga Mat,Sports,675.73,1,India,675.73
O00033,2025-09-28,C039,P010,Formal Shirt,Fashion,1181.39,2,Australia,2362.78
O00033,2025-09-28,C039,P023,Yoga Mat,Sports,668.27,3,India,2004.81
O00033,2025-09-28,C039,P007,Jeans,Fashion,1619.48,2,UK,3238.96
O00033,2025-09-28,C039,P009,Jacket,Fashion,2941.67,2,Australia,5883.34
O00033,2025-09-28,C039,P016,Mixer Grinder,Home & Kitchen,3113.76,1,UK,3113.76
O00034,2025-02-19,C174,P010,Formal Shirt,Fashion,1317.18,3,India,3951.54
O00034,2025-02-19,C174,P022,Football,Sports,864.78,1,USA,864.78
O00034,2025-02-19,C174,P002,Laptop,Electronics,60291.27,2,UK,120582.54
O00034,2025-02-19,C174,P016,Mixer Grinder,Home & Kitchen,3403.39,1,Canada,3403.39
O00035,2025-09-24,C102,P007,Jeans,Fashion,1454.86,3,USA,4364.58
O00035,2025-09-24,C102,P003,Headphones,Electronics,2634.95,2,USA,5269.9
O00035,2025-09-24,C102,P021,Cricket Bat,Sports,1462.68,2,India,2925.36
O00036,2025-11-13,C104,P005,Smartwatch,Electronics,6822.2,1,UK,6822.2
O00036,2025-11-13,C104,P001,Smartphone,Electronics,17262.95,2,Canada,34525.9
O00036,2025-11-13,C104,P020,Water Bottle,Home & Kitchen,255.47,1,UK,255.47
O00037,2025-05-27,C122,P004,Bluetooth Speaker,Electronics,3706.76,1,Australia,3706.76
O00037,2025-05-27,C122,P002,Laptop,Electronics,55103.96,1,Canada,55103.96
O00037,2025-05-27,C122,P007,Jeans,Fashion,1647.22,2,USA,3294.44
O00037,2025-05-27,C122,P014,Sugar 1kg,Groceries,56.49,1,India,56.49
O00038,2025-09-07,C164,P009,Jacket,Fashion,2956.89,2,USA,5913.78
O00038,2025-09-07,C164,P013,Cooking Oil 1L,Groceries,161.91,3,Australia,485.73
O00038,2025-09-07,C164,P020,Water Bottle,Home & Kitchen,246.77,1,Canada,246.77
O00038,2025-09-07,C164,P014,Sugar 1kg,Groceries,55.92,1,India,55.92
O00038,2025-09-07,C164,P011,Rice 5kg,Groceries,337.5,2,India,675.0
O00039,2025-12-11,C123,P025,Badminton Racket,Sports,780.11,2,India,1560.22
O00040,2025-06-24,C107,P016,Mixer Grinder,Home & Kitchen,3191.75,3,India,9575.25
O00040,2025-06-24,C107,P007,Jeans,Fashion,1434.35,3,USA,4303.049999999999
O00040,2025-06-24,C107,P018,Dinner Set,Home & Kitchen,2861.56,1,UK,2861.56
O00040,2025-06-24,C107,P008,Sneakers,Fashion,2381.52,3,India,7144.5599999999995
O00040,2025-06-24,C107,P003,Headphones,Electronics,2739.91,2,UK,5479.82
O00041,2025-10-21,C178,P009,Jacket,Fashion,3128.03,2,India,6256.06
O00041,2025-10-21,C178,P012,Wheat Flour 5kg,Groceries,348.69,3,Canada,1046.07
O00041,2025-10-21,C178,P004,Bluetooth Speaker,Electronics,3640.32,1,Australia,3640.32
O00041,2025-10-21,C178,P011,Rice 5kg,Groceries,362.8,1,Canada,362.8
O00042,2025-07-11,C194,P008,Sneakers,Fashion,2579.18,2,India,5158.36
O00043,2025-03-06,C143,P004,Bluetooth Speaker,Electronics,3382.18,2,Australia,6764.36
O00043,2025-03-06,C143,P022,Football,Sports,926.09,2,Canada,1852.18
O00043,2025-03-06,C143,P023,Yoga Mat,Sports,706.41,3,USA,2119.23
O00043,2025-03-06,C143,P025,Badminton Racket,Sports,822.55,3,Australia,2467.6499999999996
O00044,2025-04-17,C151,P012,Wheat Flour 5kg,Groceries,312.7,2,Canada,625.4
O00044,2025-04-17,C151,P009,Jacket,Fashion,3209.9,2,India,6419.8
O00044,2025-04-17,C151,P010,Formal Shirt,Fashion,1173.34,2,Canada,2346.68
O00044,2025-04-17,C151,P017,Pressure Cooker,Home & Kitchen,2355.98,2,India,4711.96
O00044,2025-04-17,C151,P001,Smartphone,Electronics,18809.51,1,UK,18809.51
O00045,2025-04-28,C141,P014,Sugar 1kg,Groceries,55.98,2,USA,111.96
O00045,2025-04-28,C141,P025,Badminton Racket,Sports,780.16,1,UK,780.16
O00045,2025-04-28,C141,P018,Dinner Set,Home & Kitchen,2858.61,2,Australia,5717.22
O00045,2025-04-28,C141,P006,T-Shirt,Fashion,683.74,1,Australia,683.74
O00045,2025-04-28,C141,P001,Smartphone,Electronics,17721.66,3,UK,53164.979999999996
O00046,2025-03-19,C138,P012,Wheat Flour 5kg,Groceries,323.26,3,India,969.78
O00046,2025-03-19,C138,P014,Sugar 1kg,Groceries,55.08,3,Canada,165.24
O00046,2025-03-19,C138,P015,Tea 500g,Groceries,226.13,1,USA,226.13
O00046,2025-03-19,C138,P016,Mixer Grinder,Home & Kitchen,3073.57,1,Australia,3073.57
O00046,2025-03-19,C138,P020,Water Bottle,Home & Kitchen,259.73,2,UK,519.46
O00047,2025-02-27,C044,P018,Dinner Set,Home & Kitchen,2977.59,3,India,8932.77
O00047,2025-02-27,C044,P025,Badminton Racket,Sports,871.26,3,Australia,2613.7799999999997
O00047,2025-02-27,C044,P011,Rice 5kg,Groceries,353.46,3,Australia,1060.3799999999999
O00048,2025-09-05,C104,P017,Pressure Cooker,Home & Kitchen,2258.21,1,UK,2258.21
O00048,2025-09-05,C104,P015,Tea 500g,Groceries,223.76,2,Canada,447.52
O00048,2025-09-05,C104,P003,Headphones,Electronics,2568.38,2,UK,5136.76
O00048,2025-09-05,C104,P010,Formal Shirt,Fashion,1229.45,2,Canada,2458.9
O00049,2025-09-01,C101,P001,Smartphone,Electronics,18830.62,2,India,37661.24
O00049,2025-09-01,C101,P011,Rice 5kg,Groceries,339.46,2,India,678.92
O00050,2025-04-05,C164,P010,Formal Shirt,Fashion,1297.7,2,Australia,2595.4
O00051,2025-06-09,C060,P004,Bluetooth Speaker,Electronics,3418.33,3,Canada,10254.99
O00051,2025-06-09,C060,P006,T-Shirt,Fashion,718.49,1,India,718.49
O00051,2025-06-09,C060,P012,Wheat Flour 5kg,Groceries,333.53,1,Canada,333.53
O00051,2025-06-09,C060,P017,Pressure Cooker,Home & Kitchen,2295.89,1,Canada,2295.89
O00051,2025-06-09,C060,P020,Water Bottle,Home & Kitchen,253.48,2,Australia,506.96
O00052,2025-07-10,C116,P004,Bluetooth Speaker,Electronics,3745.81,1,Australia,3745.81
O00052,2025-07-10,C116,P025,Badminton Racket,Sports,773.17,1,Canada,773.17
O00052,2025-07-10,C116,P011,Rice 5kg,Groceries,356.35,3,Canada,1069.0500000000002
O00052,2025-07-10,C116,P017,Pressure Cooker,Home & Kitchen,2139.25,3,Canada,6417.75
O00052,2025-07-10,C116,P018,Dinner Set,Home & Kitchen,2796.36,2,Canada,5592.72
O00053,2025-08-20,C082,P003,Headphones,Electronics,2560.79,3,UK,7682.37
O00053,2025-08-20,C082,P023,Yoga Mat,Sports,731.85,2,India,1463.7
O00053,2025-08-20,C082,P012,Wheat Flour 5kg,Groceries,328.88,3,UK,986.64
O00054,2025-03-28,C069,P006,T-Shirt,Fashion,734.33,1,USA,734.33
O00054,2025-03-28,C069,P021,Cricket Bat,Sports,1443.59,2,Canada,2887.18
O00054,2025-03-28,C069,P002,Laptop,Electronics,54687.42,1,India,54687.42
O00054,2025-03-28,C069,P014,Sugar 1kg,Groceries,55.4,1,USA,55.4
O00054,2025-03-28,C069,P020,Water Bottle,Home & Kitchen,242.05,3,Canada,726.1500000000001
O00055,2025-04-15,C078,P014,Sugar 1kg,Groceries,57.31,2,Canada,114.62
O00056,2025-08-01,C158,P010,Formal Shirt,Fashion,1271.03,1,USA,1271.03
O00056,2025-08-01,C158,P018,Dinner Set,Home & Kitchen,2947.83,1,Canada,2947.83
O00056,2025-08-01,C158,P016,Mixer Grinder,Home & Kitchen,3503.26,3,UK,10509.78
O00056,2025-08-01,C158,P001,Smartphone,Electronics,19369.9,3,Australia,58109.700000000004
O00057,2025-06-20,C022,P020,Water Bottle,Home & Kitchen,265.34,2,UK,530.68
O00057,2025-06-20,C022,P021,Cricket Bat,Sports,1579.77,3,Australia,4739.3099999999995
O00057,2025-06-20,C022,P006,T-Shirt,Fashion,723.19,1,USA,723.19
O00057,2025-06-20,C022,P013,Cooking Oil 1L,Groceries,172.16,2,Canada,344.32
O00057,2025-06-20,C022,P002,Laptop,Electronics,52341.01,1,India,52341.01
O00058,2025-01-20,C162,P001,Smartphone,Electronics,18146.72,1,India,18146.72
O00058,2025-01-20,C162,P012,Wheat Flour 5kg,Groceries,345.96,3,Australia,1037.8799999999999
O00058,2025-01-20,C162,P025,Badminton Racket,Sports,846.81,2,Australia,1693.62
O00059,2025-07-05,C080,P016,Mixer Grinder,Home & Kitchen,3327.15,1,UK,3327.15
O00059,2025-07-05,C080,P009,Jacket,Fashion,3299.26,3,Canada,9897.78
O00059,2025-07-05,C080,P015,Tea 500g,Groceries,230.2,2,India,460.4
O00059,2025-07-05,C080,P023,Yoga Mat,Sports,731.8,2,UK,1463.6
O00060,2025-07-17,C143,P023,Yoga Mat,Sports,715.5,1,Australia,715.5
O00060,2025-07-17,C143,P004,Bluetooth Speaker,Electronics,3817.11,2,Canada,7634.22
O00060,2025-07-17,C143,P015,Tea 500g,Groceries,229.83,2,USA,459.66
O00060,2025-07-17,C143,P012,Wheat Flour 5kg,Groceries,324.97,3,India,974.9100000000001
O00061,2025-11-22,C100,P016,Mixer Grinder,Home & Kitchen,3475.09,2,India,6950.18
O00062,2025-07-15,C021,P017,Pressure Cooker,Home & Kitchen,2410.76,3,Canada,7232.280000000001
O00062,2025-07-15,C021,P023,Yoga Mat,Sports,684.22,1,India,684.22
O00063,2025-04-27,C178,P003,Headphones,Electronics,2548.36,2,UK,5096.72
O00063,2025-04-27,C178,P004,Bluetooth Speaker,Electronics,3718.37,1,Canada,3718.37
O00063,2025-04-27,C178,P018,Dinner Set,Home & Kitchen,2875.25,3,Canada,8625.75
O00063,2025-04-27,C178,P019,Bedsheet,Home & Kitchen,917.0,3,UK,2751.0
O00064,2025-02-18,C063,P005,Smartwatch,Electronics,7339.62,3,India,22018.86
O00064,2025-02-18,C063,P013,Cooking Oil 1L,Groceries,161.13,3,UK,483.39
O00064,2025-02-18,C063,P007,Jeans,Fashion,1642.01,1,Canada,1642.01
O00064,2025-02-18,C063,P011,Rice 5kg,Groceries,337.44,2,Canada,674.88
O00064,2025-02-18,C063,P018,Dinner Set,Home & Kitchen,2902.59,1,Australia,2902.59
O00065,2025-02-24,C072,P009,Jacket,Fashion,2990.92,3,UK,8972.76
O00066,2025-05-17,C032,P024,Dumbbells 5kg,Sports,1208.22,2,UK,2416.44
O00066,2025-05-17,C032,P008,Sneakers,Fashion,2501.32,1,India,2501.32
O00066,2025-05-17,C032,P018,Dinner Set,Home & Kitchen,2887.13,2,UK,5774.26
O00066,2025-05-17,C032,P015,Tea 500g,Groceries,224.55,1,Canada,224.55
O00067,2025-08-01,C108,P023,Yoga Mat,Sports,668.27,3,Australia,2004.81
O00067,2025-08-01,C108,P008,Sneakers,Fashion,2496.91,2,Canada,4993.82
O00068,2025-07-20,C047,P010,Formal Shirt,Fashion,1140.03,3,UK,3420.09
O00068,2025-07-20,C047,P019,Bedsheet,Home & Kitchen,907.62,3,Canada,2722.86
O00068,2025-07-20,C047,P011,Rice 5kg,Groceries,361.2,1,UK,361.2
O00068,2025-07-20,C047,P024,Dumbbells 5kg,Sports,1315.82,3,UK,3947.46
O00069,2025-10-08,C084,P017,Pressure Cooker,Home & Kitchen,2094.09,1,Canada,2094.09
O00069,2025-10-08,C084,P002,Laptop,Electronics,59052.41,1,Australia,59052.41
O00070,2025-11-30,C187,P015,Tea 500g,Groceries,226.33,1,India,226.33
O00071,2025-02-04,C068,P025,Badminton Racket,Sports,821.48,3,Canada,2464.44
O00072,2025-03-17,C004,P011,Rice 5kg,Groceries,365.18,1,UK,365.18
O00072,2025-03-17,C004,P014,Sugar 1kg,Groceries,56.16,1,India,56.16
O00072,2025-03-17,C004,P007,Jeans,Fashion,1545.83,1,India,1545.83
O00072,2025-03-17,C004,P005,Smartwatch,Electronics,6701.97,2,UK,13403.94
O00072,2025-03-17,C004,P023,Yoga Mat,Sports,700.58,1,Australia,700.58
O00073,2025-07-11,C177,P014,Sugar 1kg,Groceries,54.8,1,Australia,54.8
O00073,2025-07-11,C177,P002,Laptop,Electronics,60129.25,2,USA,120258.5
O00074,2025-01-08,C197,P011,Rice 5kg,Groceries,381.94,1,Australia,381.94
O00075,2025-07-21,C105,P021,Cricket Bat,Sports,1525.99,3,Australia,4577.97
O00075,2025-07-21,C105,P008,Sneakers,Fashion,2391.4,3,Australia,7174.200000000001
O00076,2025-02-18,C062,P014,Sugar 1kg,Groceries,52.48,1,Canada,52.48
O00077,2025-06-16,C161,P013,Cooking Oil 1L,Groceries,168.52,3,Australia,505.56000000000006
O00077,2025-06-16,C161,P009,Jacket,Fashion,3068.52,2,UK,6137.04
O00078,2025-03-16,C067,P009,Jacket,Fashion,2979.78,1,Canada,2979.78
O00078,2025-03-16,C067,P008,Sneakers,Fashion,2519.57,1,Canada,2519.57
O00078,2025-03-16,C067,P001,Smartphone,Electronics,17516.19,1,India,17516.19
O00078,2025-03-16,C067,P002,Laptop,Electronics,56719.06,1,Australia,56719.06
O00078,2025-03-16,C067,P025,Badminton Racket,Sports,860.63,3,UK,2581.89
O00079,2025-12-20,C042,P006,T-Shirt,Fashion,713.45,2,Australia,1426.9
O00079,2025-12-20,C042,P018,Dinner Set,Home & Kitchen,2859.73,1,Canada,2859.73
O00079,2025-12-20,C042,P013,Cooking Oil 1L,Groceries,157.47,2,UK,314.94
O00079,2025-12-20,C042,P025,Badminton Racket,Sports,831.89,1,Australia,831.89
O00079,2025-12-20,C042,P010,Formal Shirt,Fashion,1296.59,3,Australia,3889.7699999999995
O00080,2025-01-05,C139,P002,Laptop,Electronics,58237.16,2,Australia,116474.32
O00081,2025-04-02,C082,P002,Laptop,Electronics,54071.15,2,USA,108142.3
O00081,2025-04-02,C082,P005,Smartwatch,Electronics,7372.11,2,UK,14744.22
O00081,2025-04-02,C082,P019,Bedsheet,Home & Kitchen,948.49,3,USA,2845.4700000000003
O00082,2025-05-06,C064,P011,Rice 5kg,Groceries,372.72,1,Canada,372.72
O00082,2025-05-06,C064,P023,Yoga Mat,Sports,729.43,3,India,2188.29
O00082,2025-05-06,C064,P022,Football,Sports,865.48,2,Canada,1730.96
O00082,2025-05-06,C064,P006,T-Shirt,Fashion,667.57,2,UK,1335.14
O00082,2025-05-06,C064,P024,Dumbbells 5kg,Sports,1238.84,3,Canada,3716.5199999999995
O00083,2025-10-17,C173,P004,Bluetooth Speaker,Electronics,3767.17,1,India,3767.17
O00083,2025-10-17,C173,P005,Smartwatch,Electronics,6880.24,1,Australia,6880.24
O00083,2025-10-17,C173,P001,Smartphone,Electronics,17679.5,1,UK,17679.5
O00083,2025-10-17,C173,P015,Tea 500g,Groceries,234.07,1,India,234.07
O00083,2025-10-17,C173,P011,Rice 5kg,Groceries,358.91,3,USA,1076.73
O00084,2025-02-23,C010,P016,Mixer Grinder,Home & Kitchen,3040.06,1,USA,3040.06
O00084,2025-02-23,C010,P006,T-Shirt,Fashion,669.92,1,India,669.92
O00084,2025-02-23,C010,P005,Smartwatch,Electronics,7262.43,3,India,21787.29
O00084,2025-02-23,C010,P022,Football,Sports,888.32,2,India,1776.64
O00085,2025-06-06,C064,P010,Formal Shirt,Fashion,1209.78,1,UK,1209.78
O00085,2025-06-06,C064,P021,Cricket Bat,Sports,1583.37,1,USA,1583.37
O00085,2025-06-06,C064,P007,Jeans,Fashion,1462.56,3,Australia,4387.68
O00085,2025-06-06,C064,P016,Mixer Grinder,Home & Kitchen,3359.86,3,India,10079.58
O00086,2025-12-30,C024,P011,Rice 5kg,Groceries,354.37,1,Australia,354.37
O00086,2025-12-30,C024,P014,Sugar 1kg,Groceries,58.19,3,India,174.57
O00086,2025-12-30,C024,P018,Dinner Set,Home & Kitchen,3025.3,1,India,3025.3
O00087,2025-04-19,C100,P024,Dumbbells 5kg,Sports,1160.07,1,USA,1160.07
O00087,2025-04-19,C100,P010,Formal Shirt,Fashion,1188.17,1,Australia,1188.17
O00087,2025-04-19,C100,P023,Yoga Mat,Sports,666.54,2,Australia,1333.08
O00087,2025-04-19,C100,P021,Cricket Bat,Sports,1500.9,2,India,3001.8
O00087,2025-04-19,C100,P019,Bedsheet,Home & Kitchen,910.84,2,India,1821.68
O00088,2025-04-21,C131,P007,Jeans,Fashion,1428.95,3,Australia,4286.85
O00089,2025-02-02,C153,P002,Laptop,Electronics,59983.37,1,USA,59983.37
O00089,2025-02-02,C153,P023,Yoga Mat,Sports,743.48,1,Canada,743.48
O00090,2025-03-31,C004,P002,Laptop,Electronics,59819.26,3,Canada,179457.78
O00091,2025-02-16,C057,P023,Yoga Mat,Sports,713.15,1,UK,713.15
O00092,2025-04-03,C006,P018,Dinner Set,Home & Kitchen,3046.14,1,USA,3046.14
O00092,2025-04-03,C006,P005,Smartwatch,Electronics,6664.9,2,Canada,13329.8
O00092,2025-04-03,C006,P007,Jeans,Fashion,1589.73,3,Australia,4769.1900000000005
O00092,2025-04-03,C006,P021,Cricket Bat,Sports,1582.12,2,UK,3164.24
O00093,2025-09-04,C080,P019,Bedsheet,Home & Kitchen,909.37,1,Canada,909.37
O00093,2025-09-04,C080,P020,Water Bottle,Home & Kitchen,237.52,1,Canada,237.52
O00093,2025-09-04,C080,P021,Cricket Bat,Sports,1459.61,1,UK,1459.61
O00093,2025-09-04,C080,P006,T-Shirt,Fashion,769.29,2,India,1538.58
O00093,2025-09-04,C080,P003,Headphones,Electronics,2555.58,1,UK,2555.58
O00094,2025-04-27,C148,P006,T-Shirt,Fashion,683.4,1,USA,683.4
O00094,2025-04-27,C148,P008,Sneakers,Fashion,2459.33,1,Canada,2459.33
O00094,2025-04-27,C148,P012,Wheat Flour 5kg,Groceries,338.52,1,UK,338.52
O00095,2025-04-09,C149,P018,Dinner Set,Home & Kitchen,3055.13,2,Australia,6110.26
O00095,2025-04-09,C149,P021,Cricket Bat,Sports,1517.12,1,UK,1517.12
O00095,2025-04-09,C149,P001,Smartphone,Electronics,17996.92,3,USA,53990.759999999995
O00095,2025-04-09,C149,P012,Wheat Flour 5kg,Groceries,341.01,1,USA,341.01
O00096,2025-11-19,C004,P001,Smartphone,Electronics,19075.66,2,Canada,38151.32
O00096,2025-11-19,C004,P011,Rice 5kg,Groceries,354.34,3,Australia,1063.02
O00097,2025-11-10,C087,P010,Formal Shirt,Fashion,1188.39,1,USA,1188.39
O00097,2025-11-10,C087,P023,Yoga Mat,Sports,692.86,2,Canada,1385.72
O00098,2025-04-21,C048,P020,Water Bottle,Home & Kitchen,267.77,2,Australia,535.54
O00099,2025-05-21,C073,P008,Sneakers,Fashion,2738.85,1,Australia,2738.85
O00099,2025-05-21,C073,P005,Smartwatch,Electronics,6896.72,3,UK,20690.16
O00099,2025-05-21,C073,P009,Jacket,Fashion,3217.71,1,India,3217.71
O00099,2025-05-21,C073,P006,T-Shirt,Fashion,766.54,1,UK,766.54
O00100,2025-10-10,C193,P023,Yoga Mat,Sports,666.28,3,Canada,1998.84
O00100,2025-10-10,C193,P001,Smartphone,Electronics,18581.92,1,Australia,18581.92
O00100,2025-10-10,C193,P020,Water Bottle,Home & Kitchen,244.68,3,Canada,734.04
O00100,2025-10-10,C193,P018,Dinner Set,Home & Kitchen,3052.7,1,Australia,3052.7
O00100,2025-10-10,C193,P015,Tea 500g,Groceries,237.97,1,Australia,237.97
O00101,2025-02-28,C118,P023,Yoga Mat,Sports,761.05,2,USA,1522.1
O00102,2025-06-06,C062,P008,Sneakers,Fashion,2428.98,2,UK,4857.96
O00102,2025-06-06,C062,P013,Cooking Oil 1L,Groceries,174.21,1,Canada,174.21
O00103,2025-05-28,C041,P008,Sneakers,Fashion,2729.28,1,UK,2729.28
O00103,2025-05-28,C041,P007,Jeans,Fashion,1470.59,1,Canada,1470.59
O00103,2025-05-28,C041,P012,Wheat Flour 5kg,Groceries,321.93,2,Australia,643.86
O00103,2025-05-28,C041,P016,Mixer Grinder,Home & Kitchen,3047.39,1,Canada,3047.39
O00104,2025-11-01,C007,P007,Jeans,Fashion,1483.21,3,Australia,4449.63
O00105,2025-03-14,C123,P022,Football,Sports,935.61,2,USA,1871.22
O00105,2025-03-14,C123,P012,Wheat Flour 5kg,Groceries,349.67,2,USA,699.34
O00105,2025-03-14,C123,P006,T-Shirt,Fashion,749.53,2,UK,1499.06
O00106,2025-11-15,C164,P012,Wheat Flour 5kg,Groceries,341.79,2,Australia,683.58
O00106,2025-11-15,C164,P023,Yoga Mat,Sports,731.18,2,UK,1462.36
O00106,2025-11-15,C164,P005,Smartwatch,Electronics,7390.73,3,USA,22172.19
O00106,2025-11-15,C164,P002,Laptop,Electronics,57606.91,2,Australia,115213.82
O00106,2025-11-15,C164,P018,Dinner Set,Home & Kitchen,2686.88,3,USA,8060.64
O00107,2025-05-30,C063,P019,Bedsheet,Home & Kitchen,955.81,1,UK,955.81
O00107,2025-05-30,C063,P018,Dinner Set,Home & Kitchen,3007.12,1,UK,3007.12
O00107,2025-05-30,C063,P012,Wheat Flour 5kg,Groceries,342.68,3,India,1028.04
O00108,2025-05-20,C196,P002,Laptop,Electronics,56553.2,2,Australia,113106.4
O00108,2025-05-20,C196,P017,Pressure Cooker,Home & Kitchen,2381.84,2,Canada,4763.68
O00108,2025-05-20,C196,P011,Rice 5kg,Groceries,356.75,3,India,1070.25
O00108,2025-05-20,C196,P006,T-Shirt,Fashion,729.11,3,Australia,2187.33
O00109,2025-03-28,C165,P024,Dumbbells 5kg,Sports,1249.4,2,UK,2498.8
O00109,2025-03-28,C165,P010,Formal Shirt,Fashion,1179.52,2,Canada,2359.04
O00109,2025-03-28,C165,P019,Bedsheet,Home & Kitchen,930.18,3,India,2790.54
O00109,2025-03-28,C165,P009,Jacket,Fashion,3242.16,2,UK,6484.32
O00109,2025-03-28,C165,P004,Bluetooth Speaker,Electronics,3541.23,2,USA,7082.46
O00110,2025-12-20,C193,P009,Jacket,Fashion,3278.15,1,India,3278.15
O00110,2025-12-20,C193,P006,T-Shirt,Fashion,729.19,1,UK,729.19
O00110,2025-12-20,C193,P004,Bluetooth Speaker,Electronics,3678.45,1,UK,3678.45
O00111,2025-04-27,C029,P008,Sneakers,Fashion,2400.12,2,Canada,4800.24
O00111,2025-04-27,C029,P021,Cricket Bat,Sports,1546.9,3,Canada,4640.700000000001
O00111,2025-04-27,C029,P011,Rice 5kg,Groceries,335.99,3,India,1007.97
O00112,2025-06-22,C049,P005,Smartwatch,Electronics,6701.09,3,Canada,20103.27
O00112,2025-06-22,C049,P021,Cricket Bat,Sports,1556.34,1,Australia,1556.34
O00113,2025-11-14,C112,P025,Badminton Racket,Sports,845.53,1,UK,845.53
O00113,2025-11-14,C112,P014,Sugar 1kg,Groceries,54.24,1,UK,54.24
O00114,2025-04-04,C130,P014,Sugar 1kg,Groceries,57.98,1,Australia,57.98
O00114,2025-04-04,C130,P004,Bluetooth Speaker,Electronics,3637.53,3,USA,10912.59
O00114,2025-04-04,C130,P013,Cooking Oil 1L,Groceries,170.64,3,Canada,511.91999999999996
O00114,2025-04-04,C130,P020,Water Bottle,Home & Kitchen,274.37,3,Canada,823.11
O00115,2025-12-06,C101,P004,Bluetooth Speaker,Electronics,3696.09,2,UK,7392.18
O00115,2025-12-06,C101,P023,Yoga Mat,Sports,763.02,3,UK,2289.06
O00115,2025-12-06,C101,P020,Water Bottle,Home & Kitchen,269.68,1,Australia,269.68
O00115,2025-12-06,C101,P017,Pressure Cooker,Home & Kitchen,2169.69,3,Australia,6509.07
O00116,2025-10-18,C013,P013,Cooking Oil 1L,Groceries,167.32,1,UK,167.32
O00116,2025-10-18,C013,P017,Pressure Cooker,Home & Kitchen,2313.12,3,Australia,6939.36
O00116,2025-10-18,C013,P020,Water Bottle,Home & Kitchen,259.21,3,UK,777.6299999999999
O00116,2025-10-18,C013,P015,Tea 500g,Groceries,239.63,3,USA,718.89
O00117,2025-01-28,C183,P008,Sneakers,Fashion,2616.6,1,India,2616.6
O00117,2025-01-28,C183,P016,Mixer Grinder,Home & Kitchen,3073.5,1,UK,3073.5
O00117,2025-01-28,C183,P001,Smartphone,Electronics,18817.04,1,Canada,18817.04
O00117,2025-01-28,C183,P020,Water Bottle,Home & Kitchen,244.23,1,Canada,244.23
O00117,2025-01-28,C183,P025,Badminton Racket,Sports,814.62,2,India,1629.24
O00118,2025-05-22,C093,P013,Cooking Oil 1L,Groceries,162.16,1,India,162.16
O00118,2025-05-22,C093,P021,Cricket Bat,Sports,1623.66,3,UK,4870.9800000000005
O00119,2025-02-14,C007,P006,T-Shirt,Fashion,673.94,1,UK,673.94
O00119,2025-02-14,C007,P020,Water Bottle,Home & Kitchen,240.16,2,Canada,480.32
O00119,2025-02-14,C007,P002,Laptop,Electronics,54142.27,2,Canada,108284.54
O00120,2025-12-24,C050,P021,Cricket Bat,Sports,1627.1,2,USA,3254.2
O00120,2025-12-24,C050,P002,Laptop,Electronics,59383.44,2,USA,118766.88
O00121,2025-01-11,C031,P019,Bedsheet,Home & Kitchen,932.53,1,UK,932.53
O00121,2025-01-11,C031,P004,Bluetooth Speaker,Electronics,3777.66,1,Australia,3777.66
O00121,2025-01-11,C031,P023,Yoga Mat,Sports,745.34,1,Canada,745.34
O00121,2025-01-11,C031,P017,Pressure Cooker,Home & Kitchen,2154.4,2,USA,4308.8
O00122,2025-07-27,C077,P014,Sugar 1kg,Groceries,55.57,3,Canada,166.71
O00123,2025-03-13,C039,P001,Smartphone,Electronics,19069.55,1,Australia,19069.55
O00124,2025-07-09,C069,P011,Rice 5kg,Groceries,382.3,2,UK,764.6
O00124,2025-07-09,C069,P003,Headphones,Electronics,2669.68,2,Australia,5339.36
O00124,2025-07-09,C069,P016,Mixer Grinder,Home & Kitchen,3043.09,3,Canada,9129.27
O00124,2025-07-09,C069,P017,Pressure Cooker,Home & Kitchen,2321.82,1,USA,2321.82
O00125,2025-10-13,C145,P002,Laptop,Electronics,54027.88,2,Canada,108055.76
O00125,2025-10-13,C145,P022,Football,Sports,959.41,1,India,959.41
O00125,2025-10-13,C145,P003,Headphones,Electronics,2445.93,1,UK,2445.93
O00125,2025-10-13,C145,P021,Cricket Bat,Sports,1581.52,2,UK,3163.04
O00125,2025-10-13,C145,P006,T-Shirt,Fashion,706.17,2,UK,1412.34
O00126,2025-06-20,C103,P007,Jeans,Fashion,1568.35,3,UK,4705.049999999999
O00127,2025-01-06,C017,P018,Dinner Set,Home & Kitchen,3016.8,3,USA,9050.400000000001
O00127,2025-01-06,C017,P008,Sneakers,Fashion,2746.89,2,India,5493.78
O00127,2025-01-06,C017,P021,Cricket Bat,Sports,1646.59,3,USA,4939.7699999999995
O00128,2025-05-17,C132,P022,Football,Sports,970.58,2,USA,1941.16
O00128,2025-05-17,C132,P006,T-Shirt,Fashion,695.98,3,India,2087.94
O00128,2025-05-17,C132,P021,Cricket Bat,Sports,1467.89,2,UK,2935.78
O00128,2025-05-17,C132,P012,Wheat Flour 5kg,Groceries,332.98,2,Canada,665.96
O00129,2025-04-26,C177,P019,Bedsheet,Home & Kitchen,982.26,1,UK,982.26
O00129,2025-04-26,C177,P009,Jacket,Fashion,3200.99,1,USA,3200.99
O00129,2025-04-26,C177,P010,Formal Shirt,Fashion,1153.62,1,Australia,1153.62
O00129,2025-04-26,C177,P008,Sneakers,Fashion,2742.71,3,Australia,8228.130000000001
O00129,2025-04-26,C177,P013,Cooking Oil 1L,Groceries,153.61,1,USA,153.61
O00130,2025-12-26,C193,P022,Football,Sports,932.98,1,USA,932.98
O00130,2025-12-26,C193,P020,Water Bottle,Home & Kitchen,265.44,1,UK,265.44
O00130,2025-12-26,C193,P024,Dumbbells 5kg,Sports,1282.91,1,India,1282.91
O00130,2025-12-26,C193,P003,Headphones,Electronics,2583.99,1,Australia,2583.99
O00131,2025-06-15,C145,P009,Jacket,Fashion,3089.21,3,USA,9267.630000000001
O00132,2025-01-05,C047,P009,Jacket,Fashion,3047.18,1,UK,3047.18
O00132,2025-01-05,C047,P005,Smartwatch,Electronics,6761.17,2,Canada,13522.34
O00133,2025-11-10,C141,P011,Rice 5kg,Groceries,352.43,3,Australia,1057.29
O00133,2025-11-10,C141,P018,Dinner Set,Home & Kitchen,2779.99,1,USA,2779.99
O00133,2025-11-10,C141,P009,Jacket,Fashion,3089.08,2,Australia,6178.16
O00133,2025-11-10,C141,P014,Sugar 1kg,Groceries,55.78,1,Canada,55.78
O00133,2025-11-10,C141,P005,Smartwatch,Electronics,7515.7,2,Australia,15031.4
O00134,2025-12-16,C151,P002,Laptop,Electronics,59018.52,2,UK,118037.04
O00134,2025-12-16,C151,P013,Cooking Oil 1L,Groceries,155.18,2,UK,310.36
O00135,2025-11-12,C003,P016,Mixer Grinder,Home & Kitchen,3426.38,3,India,10279.14
O00135,2025-11-12,C003,P003,Headphones,Electronics,2434.86,2,USA,4869.72
O00135,2025-11-12,C003,P024,Dumbbells 5kg,Sports,1182.09,2,UK,2364.18
O00135,2025-11-12,C003,P013,Cooking Oil 1L,Groceries,172.04,1,Australia,172.04
O00136,2025-07-28,C135,P020,Water Bottle,Home & Kitchen,247.68,3,Canada,743.04
O00136,2025-07-28,C135,P001,Smartphone,Electronics,19347.38,1,India,19347.38
O00137,2025-09-10,C063,P013,Cooking Oil 1L,Groceries,171.33,1,UK,171.33
O00138,2025-10-12,C055,P014,Sugar 1kg,Groceries,54.23,2,India,108.46
O00138,2025-10-12,C055,P019,Bedsheet,Home & Kitchen,928.65,1,USA,928.65
O00138,2025-10-12,C055,P009,Jacket,Fashion,2870.38,2,UK,5740.76
O00138,2025-10-12,C055,P021,Cricket Bat,Sports,1443.46,1,Canada,1443.46
O00139,2025-10-17,C044,P012,Wheat Flour 5kg,Groceries,304.78,3,USA,914.3399999999999
O00139,2025-10-17,C044,P016,Mixer Grinder,Home & Kitchen,3266.06,3,UK,9798.18
O00139,2025-10-17,C044,P015,Tea 500g,Groceries,230.52,1,Australia,230.52
O00139,2025-10-17,C044,P006,T-Shirt,Fashion,748.1,2,USA,1496.2
O00139,2025-10-17,C044,P014,Sugar 1kg,Groceries,53.29,3,USA,159.87
O00140,2025-11-27,C171,P013,Cooking Oil 1L,Groceries,166.54,1,Canada,166.54
O00140,2025-11-27,C171,P007,Jeans,Fashion,1435.12,2,India,2870.24
O00140,2025-11-27,C171,P018,Dinner Set,Home & Kitchen,2737.05,2,India,5474.1
O00140,2025-11-27,C171,P023,Yoga Mat,Sports,708.19,2,India,1416.38
O00140,2025-11-27,C171,P019,Bedsheet,Home & Kitchen,856.85,2,India,1713.7
O00141,2025-10-03,C176,P024,Dumbbells 5kg,Sports,1268.65,2,Canada,2537.3
O00141,2025-10-03,C176,P003,Headphones,Electronics,2572.05,2,Australia,5144.1
O00141,2025-10-03,C176,P009,Jacket,Fashion,2988.55,1,Australia,2988.55
O00141,2025-10-03,C176,P020,Water Bottle,Home & Kitchen,259.29,2,Australia,518.58
O00142,2025-07-06,C123,P023,Yoga Mat,Sports,741.54,3,UK,2224.62
O00142,2025-07-06,C123,P010,Formal Shirt,Fashion,1161.28,2,India,2322.56
O00142,2025-07-06,C123,P003,Headphones,Electronics,2642.05,1,India,2642.05
O00142,2025-07-06,C123,P011,Rice 5kg,Groceries,340.28,3,Australia,1020.8399999999999
O00142,2025-07-06,C123,P005,Smartwatch,Electronics,7514.79,3,Australia,22544.37
O00143,2025-11-22,C029,P025,Badminton Racket,Sports,818.68,1,Canada,818.68
O00144,2025-01-08,C070,P015,Tea 500g,Groceries,229.36,3,UK,688.08
O00144,2025-01-08,C070,P002,Laptop,Electronics,54114.77,3,USA,162344.31
O00144,2025-01-08,C070,P017,Pressure Cooker,Home & Kitchen,2125.65,2,USA,4251.3
O00144,2025-01-08,C070,P023,Yoga Mat,Sports,726.48,3,Canada,2179.44
O00144,2025-01-08,C070,P014,Sugar 1kg,Groceries,52.96,1,UK,52.96
O00145,2025-09-25,C039,P015,Tea 500g,Groceries,234.42,2,Canada,468.84
O00145,2025-09-25,C039,P022,Football,Sports,982.11,3,Australia,2946.33
O00145,2025-09-25,C039,P013,Cooking Oil 1L,Groceries,169.58,2,India,339.16
O00146,2025-03-30,C013,P016,Mixer Grinder,Home & Kitchen,3076.83,3,UK,9230.49
O00146,2025-03-30,C013,P008,Sneakers,Fashion,2562.24,2,UK,5124.48
O00146,2025-03-30,C013,P005,Smartwatch,Electronics,7022.46,2,Australia,14044.92
O00146,2025-03-30,C013,P013,Cooking Oil 1L,Groceries,154.76,1,India,154.76
O00146,2025-03-30,C013,P019,Bedsheet,Home & Kitchen,855.03,3,UK,2565.09
O00147,2025-06-30,C047,P003,Headphones,Electronics,2636.82,3,Canada,7910.460000000001
O00147,2025-06-30,C047,P011,Rice 5kg,Groceries,334.7,1,USA,334.7
O00147,2025-06-30,C047,P008,Sneakers,Fashion,2411.97,1,Australia,2411.97
O00147,2025-06-30,C047,P012,Wheat Flour 5kg,Groceries,318.18,3,Canada,954.54
O00148,2025-10-26,C123,P022,Football,Sports,982.02,3,India,2946.06
O00148,2025-10-26,C123,P001,Smartphone,Electronics,19462.86,3,USA,58388.58
O00148,2025-10-26,C123,P019,Bedsheet,Home & Kitchen,908.21,1,Canada,908.21
O00149,2025-06-01,C200,P003,Headphones,Electronics,2713.4,3,Canada,8140.200000000001
O00149,2025-06-01,C200,P011,Rice 5kg,Groceries,343.86,2,India,687.72
O00149,2025-06-01,C200,P015,Tea 500g,Groceries,215.5,3,UK,646.5
O00150,2025-07-29,C068,P004,Bluetooth Speaker,Electronics,3674.92,3,Australia,11024.76
O00150,2025-07-29,C068,P019,Bedsheet,Home & Kitchen,877.05,3,UK,2631.1499999999996
O00150,2025-07-29,C068,P013,Cooking Oil 1L,Groceries,156.86,2,UK,313.72
O00150,2025-07-29,C068,P011,Rice 5kg,Groceries,352.72,2,Australia,705.44
O00151,2025-05-27,C093,P022,Football,Sports,942.15,1,India,942.15
O00151,2025-05-27,C093,P014,Sugar 1kg,Groceries,60.05,2,India,120.1
O00151,2025-05-27,C093,P011,Rice 5kg,Groceries,381.69,1,India,381.69
O00152,2025-06-03,C188,P021,Cricket Bat,Sports,1647.42,2,UK,3294.84
O00153,2025-01-06,C154,P001,Smartphone,Electronics,17706.57,1,India,17706.57
O00153,2025-01-06,C154,P008,Sneakers,Fashion,2528.63,1,UK,2528.63
O00153,2025-01-06,C154,P004,Bluetooth Speaker,Electronics,3750.5,2,Canada,7501.0
O00153,2025-01-06,C154,P006,T-Shirt,Fashion,704.07,3,Canada,2112.21
O00153,2025-01-06,C154,P023,Yoga Mat,Sports,672.14,3,India,2016.42
O00154,2025-04-09,C037,P004,Bluetooth Speaker,Electronics,3579.0,3,Australia,10737.0
O00154,2025-04-09,C037,P009,Jacket,Fashion,3007.43,3,India,9022.289999999999
O00155,2025-11-09,C149,P025,Badminton Racket,Sports,869.44,1,Canada,869.44
O00155,2025-11-09,C149,P003,Headphones,Electronics,2635.26,1,USA,2635.26
O00155,2025-11-09,C149,P021,Cricket Bat,Sports,1496.79,1,India,1496.79
O00156,2025-11-27,C134,P009,Jacket,Fashion,3109.7,2,India,6219.4
O00157,2025-08-14,C144,P013,Cooking Oil 1L,Groceries,156.12,3,India,468.36
O00157,2025-08-14,C144,P014,Sugar 1kg,Groceries,54.59,2,Canada,109.18
O00157,2025-08-14,C144,P003,Headphones,Electronics,2679.45,1,Canada,2679.45
O00157,2025-08-14,C144,P004,Bluetooth Speaker,Electronics,3778.33,3,Australia,11334.99
O00157,2025-08-14,C144,P017,Pressure Cooker,Home & Kitchen,2186.87,1,India,2186.87
O00158,2025-05-23,C016,P014,Sugar 1kg,Groceries,59.7,3,USA,179.10000000000002
O00158,2025-05-23,C016,P011,Rice 5kg,Groceries,343.5,1,Australia,343.5
O00158,2025-05-23,C016,P022,Football,Sports,887.27,1,India,887.27
O00159,2025-07-18,C052,P015,Tea 500g,Groceries,216.66,1,UK,216.66
O00159,2025-07-18,C052,P004,Bluetooth Speaker,Electronics,3599.79,3,India,10799.369999999999
O00160,2025-01-15,C068,P025,Badminton Racket,Sports,863.04,1,UK,863.04
O00161,2025-02-03,C010,P016,Mixer Grinder,Home & Kitchen,3103.21,3,India,9309.630000000001
O00161,2025-02-03,C010,P001,Smartphone,Electronics,19103.34,1,Canada,19103.34
O00161,2025-02-03,C010,P023,Yoga Mat,Sports,756.67,3,Australia,2270.0099999999998
O00161,2025-02-03,C010,P004,Bluetooth Speaker,Electronics,3701.67,3,UK,11105.01
O00162,2025-06-21,C199,P024,Dumbbells 5kg,Sports,1152.76,3,UK,3458.2799999999997
O00163,2025-02-19,C015,P011,Rice 5kg,Groceries,354.33,1,UK,354.33
O00163,2025-02-19,C015,P006,T-Shirt,Fashion,714.77,2,Australia,1429.54
O00163,2025-02-19,C015,P021,Cricket Bat,Sports,1620.56,2,Australia,3241.12
O00163,2025-02-19,C015,P022,Football,Sports,910.45,1,UK,910.45
O00164,2025-11-02,C016,P010,Formal Shirt,Fashion,1304.7,3,USA,3914.1000000000004
O00164,2025-11-02,C016,P024,Dumbbells 5kg,Sports,1275.51,3,UK,3826.5299999999997
O00165,2025-04-07,C110,P019,Bedsheet,Home & Kitchen,954.78,1,UK,954.78
O00165,2025-04-07,C110,P003,Headphones,Electronics,2680.65,3,India,8041.950000000001
O00166,2025-05-26,C079,P011,Rice 5kg,Groceries,333.46,3,Canada,1000.3799999999999
O00166,2025-05-26,C079,P019,Bedsheet,Home & Kitchen,855.08,3,India,2565.2400000000002
O00166,2025-05-26,C079,P021,Cricket Bat,Sports,1479.26,2,UK,2958.52
O00167,2025-07-04,C063,P016,Mixer Grinder,Home & Kitchen,3073.86,1,UK,3073.86
O00167,2025-07-04,C063,P008,Sneakers,Fashion,2446.3,2,Canada,4892.6
O00167,2025-07-04,C063,P005,Smartwatch,Electronics,7221.86,1,Australia,7221.86
O00167,2025-07-04,C063,P004,Bluetooth Speaker,Electronics,3826.61,1,UK,3826.61
O00168,2025-01-16,C021,P009,Jacket,Fashion,3144.63,2,India,6289.26
O00168,2025-01-16,C021,P006,T-Shirt,Fashion,681.36,1,Australia,681.36
O00168,2025-01-16,C021,P019,Bedsheet,Home & Kitchen,866.81,2,USA,1733.62
O00168,2025-01-16,C021,P025,Badminton Racket,Sports,809.62,2,USA,1619.24
O00169,2025-12-01,C135,P017,Pressure Cooker,Home & Kitchen,2112.78,3,India,6338.34
O00169,2025-12-01,C135,P023,Yoga Mat,Sports,697.94,1,USA,697.94
O00169,2025-12-01,C135,P021,Cricket Bat,Sports,1610.58,3,Canada,4831.74
O00169,2025-12-01,C135,P009,Jacket,Fashion,3021.96,1,India,3021.96
O00170,2025-03-15,C097,P008,Sneakers,Fashion,2603.68,1,UK,2603.68
O00170,2025-03-15,C097,P005,Smartwatch,Electronics,7056.15,1,Australia,7056.15
O00170,2025-03-15,C097,P003,Headphones,Electronics,2486.74,2,India,4973.48
O00171,2025-05-10,C057,P013,Cooking Oil 1L,Groceries,170.24,2,Canada,340.48
O00172,2025-02-16,C082,P023,Yoga Mat,Sports,748.61,3,USA,2245.83
O00172,2025-02-16,C082,P021,Cricket Bat,Sports,1646.8,3,Canada,4940.4
O00172,2025-02-16,C082,P011,Rice 5kg,Groceries,364.07,1,Canada,364.07
O00173,2025-07-08,C144,P013,Cooking Oil 1L,Groceries,161.5,1,USA,161.5
O00174,2025-04-18,C142,P021,Cricket Bat,Sports,1554.05,2,USA,3108.1
O00175,2025-08-26,C044,P014,Sugar 1kg,Groceries,56.67,1,UK,56.67
O00175,2025-08-26,C044,P009,Jacket,Fashion,2978.91,1,USA,2978.91
O00175,2025-08-26,C044,P001,Smartphone,Electronics,19119.64,1,India,19119.64
O00175,2025-08-26,C044,P002,Laptop,Electronics,58060.77,3,USA,174182.31
O00175,2025-08-26,C044,P015,Tea 500g,Groceries,223.37,1,USA,223.37
O00176,2025-10-21,C140,P008,Sneakers,Fashion,2645.42,1,Australia,2645.42
O00176,2025-10-21,C140,P015,Tea 500g,Groceries,225.08,3,India,675.24
O00176,2025-10-21,C140,P022,Football,Sports,888.59,3,USA,2665.77
O00176,2025-10-21,C140,P018,Dinner Set,Home & Kitchen,2800.47,2,Australia,5600.94
O00177,2025-07-31,C010,P005,Smartwatch,Electronics,6739.67,3,Australia,20219.010000000002
O00177,2025-07-31,C010,P004,Bluetooth Speaker,Electronics,3647.45,2,India,7294.9
O00177,2025-07-31,C010,P022,Football,Sports,960.71,3,Canada,2882.13
O00177,2025-07-31,C010,P003,Headphones,Electronics,2546.31,1,Canada,2546.31
O00178,2025-10-25,C048,P016,Mixer Grinder,Home & Kitchen,3208.1,2,Australia,6416.2
O00178,2025-10-25,C048,P006,T-Shirt,Fashion,703.51,2,USA,1407.02
O00178,2025-10-25,C048,P021,Cricket Bat,Sports,1597.48,3,UK,4792.4400000000005
O00179,2025-07-05,C194,P023,Yoga Mat,Sports,671.71,2,UK,1343.42
O00179,2025-07-05,C194,P022,Football,Sports,884.74,1,UK,884.74
O00180,2025-09-07,C186,P004,Bluetooth Speaker,Electronics,3467.56,1,USA,3467.56
O00180,2025-09-07,C186,P022,Football,Sports,882.24,3,Canada,2646.7200000000003
O00180,2025-09-07,C186,P003,Headphones,Electronics,2487.86,3,Canada,7463.58
O00180,2025-09-07,C186,P001,Smartphone,Electronics,18107.1,1,Canada,18107.1
O00181,2025-04-18,C011,P003,Headphones,Electronics,2576.89,1,Canada,2576.89
O00181,2025-04-18,C011,P006,T-Shirt,Fashion,730.22,2,UK,1460.44
O00182,2025-08-14,C197,P017,Pressure Cooker,Home & Kitchen,2157.15,3,Canada,6471.450000000001
O00182,2025-08-14,C197,P020,Water Bottle,Home & Kitchen,261.6,3,Canada,784.8000000000001
O00182,2025-08-14,C197,P021,Cricket Bat,Sports,1516.16,1,USA,1516.16
O00182,2025-08-14,C197,P018,Dinner Set,Home & Kitchen,2842.5,1,Australia,2842.5
O00182,2025-08-14,C197,P019,Bedsheet,Home & Kitchen,879.39,1,UK,879.39
O00183,2025-05-01,C063,P022,Football,Sports,857.25,3,Canada,2571.75
O00183,2025-05-01,C063,P024,Dumbbells 5kg,Sports,1190.82,1,Canada,1190.82
O00184,2025-08-03,C199,P021,Cricket Bat,Sports,1450.01,1,Australia,1450.01
O00184,2025-08-03,C199,P018,Dinner Set,Home & Kitchen,3027.09,3,USA,9081.27
O00185,2025-09-03,C087,P006,T-Shirt,Fashion,699.94,1,USA,699.94
O00185,2025-09-03,C087,P012,Wheat Flour 5kg,Groceries,320.47,2,USA,640.94
O00185,2025-09-03,C087,P001,Smartphone,Electronics,17988.92,2,Australia,35977.84
O00185,2025-09-03,C087,P007,Jeans,Fashion,1528.58,2,UK,3057.16
O00185,2025-09-03,C087,P008,Sneakers,Fashion,2570.58,3,India,7711.74
O00186,2025-08-19,C092,P018,Dinner Set,Home & Kitchen,2989.78,1,UK,2989.78
O00186,2025-08-19,C092,P023,Yoga Mat,Sports,764.26,1,Canada,764.26
O00186,2025-08-19,C092,P025,Badminton Racket,Sports,793.44,2,Canada,1586.88
O00186,2025-08-19,C092,P016,Mixer Grinder,Home & Kitchen,3108.55,1,USA,3108.55
O00186,2025-08-19,C092,P007,Jeans,Fashion,1488.57,3,Australia,4465.71
O00187,2025-12-19,C019,P011,Rice 5kg,Groceries,374.19,3,Australia,1122.57
O00188,2025-10-02,C066,P008,Sneakers,Fashion,2395.89,1,India,2395.89
O00188,2025-10-02,C066,P013,Cooking Oil 1L,Groceries,153.39,1,Canada,153.39
O00188,2025-10-02,C066,P011,Rice 5kg,Groceries,344.43,1,UK,344.43
O00189,2025-01-14,C152,P002,Laptop,Electronics,58442.44,1,USA,58442.44
O00189,2025-01-14,C152,P007,Jeans,Fashion,1457.3,3,Canada,4371.9
O00189,2025-01-14,C152,P016,Mixer Grinder,Home & Kitchen,3253.85,2,UK,6507.7
O00189,2025-01-14,C152,P013,Cooking Oil 1L,Groceries,167.7,2,India,335.4
O00189,2025-01-14,C152,P004,Bluetooth Speaker,Electronics,3453.18,1,USA,3453.18
O00190,2025-02-07,C071,P001,Smartphone,Electronics,18142.98,3,India,54428.94
O00190,2025-02-07,C071,P011,Rice 5kg,Groceries,349.07,3,Canada,1047.21
O00190,2025-02-07,C071,P020,Water Bottle,Home & Kitchen,249.53,2,USA,499.06
O00191,2025-12-24,C042,P013,Cooking Oil 1L,Groceries,157.06,3,Canada,471.18
O00191,2025-12-24,C042,P023,Yoga Mat,Sports,668.19,3,USA,2004.5700000000002
O00191,2025-12-24,C042,P001,Smartphone,Electronics,18342.89,1,UK,18342.89
O00191,2025-12-24,C042,P005,Smartwatch,Electronics,6790.47,3,USA,20371.41
O00192,2025-03-08,C051,P015,Tea 500g,Groceries,222.81,3,Canada,668.4300000000001
O00192,2025-03-08,C051,P021,Cricket Bat,Sports,1493.24,1,UK,1493.24
O00192,2025-03-08,C051,P020,Water Bottle,Home & Kitchen,247.54,3,India,742.62
O00192,2025-03-08,C051,P014,Sugar 1kg,Groceries,59.33,1,Australia,59.33
O00192,2025-03-08,C051,P023,Yoga Mat,Sports,732.67,3,Canada,2198.0099999999998
O00193,2025-12-03,C099,P016,Mixer Grinder,Home & Kitchen,3479.25,1,India,3479.25
O00194,2025-02-09,C057,P017,Pressure Cooker,Home & Kitchen,2188.33,3,Australia,6564.99
O00194,2025-02-09,C057,P016,Mixer Grinder,Home & Kitchen,3118.51,3,UK,9355.53
O00194,2025-02-09,C057,P019,Bedsheet,Home & Kitchen,959.74,2,USA,1919.48
O00194,2025-02-09,C057,P023,Yoga Mat,Sports,730.98,2,Canada,1461.96
O00194,2025-02-09,C057,P014,Sugar 1kg,Groceries,59.13,1,Australia,59.13
O00195,2025-02-21,C049,P014,Sugar 1kg,Groceries,54.45,1,Australia,54.45
O00196,2025-04-02,C119,P001,Smartphone,Electronics,19612.82,1,India,19612.82
O00196,2025-04-02,C119,P008,Sneakers,Fashion,2636.26,2,UK,5272.52
O00196,2025-04-02,C119,P019,Bedsheet,Home & Kitchen,967.91,1,USA,967.91
O00196,2025-04-02,C119,P016,Mixer Grinder,Home & Kitchen,3084.05,3,USA,9252.150000000001
O00196,2025-04-02,C119,P004,Bluetooth Speaker,Electronics,3664.85,3,UK,10994.55
O00197,2025-06-08,C035,P025,Badminton Racket,Sports,877.73,1,Australia,877.73
O00197,2025-06-08,C035,P016,Mixer Grinder,Home & Kitchen,3432.11,2,Australia,6864.22
O00197,2025-06-08,C035,P021,Cricket Bat,Sports,1582.4,1,Canada,1582.4
O00197,2025-06-08,C035,P024,Dumbbells 5kg,Sports,1196.82,2,UK,2393.64
O00198,2025-09-14,C144,P004,Bluetooth Speaker,Electronics,3643.02,2,USA,7286.04
O00198,2025-09-14,C144,P021,Cricket Bat,Sports,1543.59,1,India,1543.59
O00198,2025-09-14,C144,P023,Yoga Mat,Sports,736.8,3,USA,2210.3999999999996
O00198,2025-09-14,C144,P019,Bedsheet,Home & Kitchen,953.21,1,Canada,953.21
O00198,2025-09-14,C144,P025,Badminton Racket,Sports,782.11,1,India,782.11
O00199,2025-12-02,C093,P015,Tea 500g,Groceries,240.77,3,USA,722.3100000000001
O00199,2025-12-02,C093,P018,Dinner Set,Home & Kitchen,2737.32,2,Australia,5474.64
O00199,2025-12-02,C093,P020,Water Bottle,Home & Kitchen,260.08,3,USA,780.24
O00199,2025-12-02,C093,P023,Yoga Mat,Sports,746.57,2,USA,1493.14
O00200,2025-03-28,C082,P024,Dumbbells 5kg,Sports,1305.81,3,Canada,3917.43
O00200,2025-03-28,C082,P025,Badminton Racket,Sports,837.51,3,India,2512.5299999999997
O00201,2025-07-12,C011,P015,Tea 500g,Groceries,215.79,3,Canada,647.37
O00201,2025-07-12,C011,P022,Football,Sports,947.34,2,Canada,1894.68
O00202,2025-01-01,C077,P015,Tea 500g,Groceries,213.11,2,USA,426.22
O00202,2025-01-01,C077,P002,Laptop,Electronics,54142.5,2,Canada,108285.0
O00202,2025-01-01,C077,P018,Dinner Set,Home & Kitchen,2667.42,3,Australia,8002.26
O00202,2025-01-01,C077,P009,Jacket,Fashion,2927.49,2,India,5854.98
O00203,2025-07-07,C080,P025,Badminton Racket,Sports,811.62,1,Canada,811.62
O00203,2025-07-07,C080,P008,Sneakers,Fashion,2590.04,3,USA,7770.12
O00203,2025-07-07,C080,P006,T-Shirt,Fashion,712.17,2,UK,1424.34
O00204,2025-03-10,C081,P023,Yoga Mat,Sports,727.58,2,Australia,1455.16
O00204,2025-03-10,C081,P007,Jeans,Fashion,1629.65,2,Canada,3259.3
O00204,2025-03-10,C081,P005,Smartwatch,Electronics,6657.4,2,India,13314.8
O00204,2025-03-10,C081,P016,Mixer Grinder,Home & Kitchen,3076.86,2,India,6153.72
O00204,2025-03-10,C081,P003,Headphones,Electronics,2406.49,1,USA,2406.49
O00205,2025-03-10,C133,P020,Water Bottle,Home & Kitchen,259.28,3,USA,777.8399999999999
O00205,2025-03-10,C133,P013,Cooking Oil 1L,Groceries,159.34,2,Australia,318.68
O00205,2025-03-10,C133,P005,Smartwatch,Electronics,6716.34,2,USA,13432.68
O00205,2025-03-10,C133,P006,T-Shirt,Fashion,702.88,3,USA,2108.64
O00205,2025-03-10,C133,P017,Pressure Cooker,Home & Kitchen,2255.01,1,UK,2255.01
O00206,2025-01-03,C141,P009,Jacket,Fashion,2945.18,2,Australia,5890.36
O00206,2025-01-03,C141,P003,Headphones,Electronics,2564.77,2,India,5129.54
O00207,2025-11-25,C111,P016,Mixer Grinder,Home & Kitchen,3438.37,1,USA,3438.37
O00207,2025-11-25,C111,P006,T-Shirt,Fashion,692.12,1,Australia,692.12
O00207,2025-11-25,C111,P018,Dinner Set,Home & Kitchen,2887.32,1,India,2887.32
O00208,2025-08-30,C018,P012,Wheat Flour 5kg,Groceries,316.02,1,USA,316.02
O00208,2025-08-30,C018,P005,Smartwatch,Electronics,7631.64,3,UK,22894.920000000002
O00208,2025-08-30,C018,P011,Rice 5kg,Groceries,356.47,3,USA,1069.41
O00208,2025-08-30,C018,P023,Yoga Mat,Sports,730.41,1,India,730.41
O00208,2025-08-30,C018,P009,Jacket,Fashion,3200.09,2,UK,6400.18
O00209,2025-03-20,C009,P009,Jacket,Fashion,3172.9,1,Australia,3172.9
O00209,2025-03-20,C009,P005,Smartwatch,Electronics,7357.09,1,Australia,7357.09
O00209,2025-03-20,C009,P017,Pressure Cooker,Home & Kitchen,2123.15,2,India,4246.3
O00209,2025-03-20,C009,P016,Mixer Grinder,Home & Kitchen,3051.84,2,UK,6103.68
O00210,2025-12-22,C150,P021,Cricket Bat,Sports,1432.09,1,Australia,1432.09
O00210,2025-12-22,C150,P004,Bluetooth Speaker,Electronics,3657.37,3,USA,10972.11
O00210,2025-12-22,C150,P019,Bedsheet,Home & Kitchen,939.21,1,Australia,939.21
O00211,2025-10-10,C065,P022,Football,Sports,932.73,3,Australia,2798.19
O00211,2025-10-10,C065,P014,Sugar 1kg,Groceries,60.17,3,UK,180.51
O00212,2025-05-10,C087,P017,Pressure Cooker,Home & Kitchen,2302.21,3,Australia,6906.63
O00213,2025-12-25,C022,P023,Yoga Mat,Sports,730.43,2,UK,1460.86
O00213,2025-12-25,C022,P019,Bedsheet,Home & Kitchen,949.06,2,India,1898.12
O00213,2025-12-25,C022,P011,Rice 5kg,Groceries,346.89,3,India,1040.67
O00213,2025-12-25,C022,P024,Dumbbells 5kg,Sports,1297.26,2,India,2594.52
O00213,2025-12-25,C022,P010,Formal Shirt,Fashion,1295.99,2,USA,2591.98
O00214,2025-03-01,C197,P012,Wheat Flour 5kg,Groceries,348.86,1,India,348.86
O00214,2025-03-01,C197,P009,Jacket,Fashion,2957.25,3,UK,8871.75
O00214,2025-03-01,C197,P006,T-Shirt,Fashion,720.42,1,India,720.42
O00215,2025-11-26,C196,P018,Dinner Set,Home & Kitchen,2746.52,1,Canada,2746.52
O00215,2025-11-26,C196,P019,Bedsheet,Home & Kitchen,857.86,1,UK,857.86
O00216,2025-04-13,C198,P018,Dinner Set,Home & Kitchen,2742.31,2,Australia,5484.62
O00217,2025-12-13,C191,P002,Laptop,Electronics,53905.88,1,Australia,53905.88
O00218,2025-04-17,C114,P010,Formal Shirt,Fashion,1244.36,3,Canada,3733.08
O00218,2025-04-17,C114,P021,Cricket Bat,Sports,1436.32,3,Canada,4308.96
O00219,2025-10-22,C075,P007,Jeans,Fashion,1613.2,1,USA,1613.2
O00220,2025-08-02,C006,P022,Football,Sports,855.29,3,India,2565.87
O00220,2025-08-02,C006,P018,Dinner Set,Home & Kitchen,3013.72,2,India,6027.44
O00220,2025-08-02,C006,P009,Jacket,Fashion,2882.64,3,Canada,8647.92
O00221,2025-06-11,C199,P023,Yoga Mat,Sports,739.26,3,Canada,2217.7799999999997
O00221,2025-06-11,C199,P009,Jacket,Fashion,3015.02,3,Canada,9045.06
O00221,2025-06-11,C199,P016,Mixer Grinder,Home & Kitchen,3341.54,3,USA,10024.619999999999
O00222,2025-12-30,C132,P024,Dumbbells 5kg,Sports,1269.62,1,Canada,1269.62
O00223,2025-02-08,C025,P007,Jeans,Fashion,1575.94,2,USA,3151.88
O00223,2025-02-08,C025,P013,Cooking Oil 1L,Groceries,165.19,1,USA,165.19
O00223,2025-02-08,C025,P018,Dinner Set,Home & Kitchen,2985.53,3,Canada,8956.59
O00224,2025-04-21,C097,P012,Wheat Flour 5kg,Groceries,320.81,3,USA,962.4300000000001
O00224,2025-04-21,C097,P016,Mixer Grinder,Home & Kitchen,3048.5,2,UK,6097.0
O00224,2025-04-21,C097,P004,Bluetooth Speaker,Electronics,3733.4,3,Australia,11200.2
O00224,2025-04-21,C097,P006,T-Shirt,Fashion,666.42,3,USA,1999.2599999999998
O00225,2025-03-20,C096,P002,Laptop,Electronics,55899.27,2,India,111798.54
O00225,2025-03-20,C096,P007,Jeans,Fashion,1495.97,1,UK,1495.97
O00225,2025-03-20,C096,P004,Bluetooth Speaker,Electronics,3352.67,2,India,6705.34
O00225,2025-03-20,C096,P019,Bedsheet,Home & Kitchen,951.82,1,Canada,951.82
O00226,2025-02-22,C039,P010,Formal Shirt,Fashion,1305.74,3,USA,3917.2200000000003
O00226,2025-02-22,C039,P009,Jacket,Fashion,3056.19,1,Australia,3056.19
O00227,2025-10-19,C077,P022,Football,Sports,966.73,1,USA,966.73
O00228,2025-11-06,C107,P010,Formal Shirt,Fashion,1229.67,2,Canada,2459.34
O00228,2025-11-06,C107,P012,Wheat Flour 5kg,Groceries,325.14,2,UK,650.28
O00228,2025-11-06,C107,P021,Cricket Bat,Sports,1470.79,2,Canada,2941.58
O00228,2025-11-06,C107,P024,Dumbbells 5kg,Sports,1258.86,1,Australia,1258.86
O00228,2025-11-06,C107,P009,Jacket,Fashion,3273.31,1,USA,3273.31
O00229,2025-10-27,C159,P022,Football,Sports,891.22,1,USA,891.22
O00229,2025-10-27,C159,P011,Rice 5kg,Groceries,371.07,2,USA,742.14
O00229,2025-10-27,C159,P005,Smartwatch,Electronics,7190.95,1,Canada,7190.95
O00229,2025-10-27,C159,P008,Sneakers,Fashion,2585.8,2,Australia,5171.6
O00230,2025-05-17,C023,P013,Cooking Oil 1L,Groceries,173.76,3,India,521.28
O00230,2025-05-17,C023,P003,Headphones,Electronics,2527.14,1,Canada,2527.14
O00231,2025-04-23,C162,P022,Football,Sports,956.2,2,UK,1912.4
O00231,2025-04-23,C162,P008,Sneakers,Fashion,2555.93,3,UK,7667.789999999999
O00231,2025-04-23,C162,P005,Smartwatch,Electronics,7668.96,3,USA,23006.88
O00231,2025-04-23,C162,P001,Smartphone,Electronics,18245.8,3,India,54737.399999999994
O00232,2025-08-25,C113,P002,Laptop,Electronics,55128.18,3,Australia,165384.54
O00232,2025-08-25,C113,P006,T-Shirt,Fashion,686.7,3,India,2060.1000000000004
O00233,2025-10-17,C140,P009,Jacket,Fashion,3266.79,3,Australia,9800.369999999999
O00233,2025-10-17,C140,P018,Dinner Set,Home & Kitchen,2691.67,2,UK,5383.34
O00233,2025-10-17,C140,P017,Pressure Cooker,Home & Kitchen,2254.9,2,UK,4509.8
O00234,2025-07-13,C103,P023,Yoga Mat,Sports,723.17,3,Australia,2169.5099999999998
O00234,2025-07-13,C103,P021,Cricket Bat,Sports,1623.32,1,India,1623.32
O00234,2025-07-13,C103,P015,Tea 500g,Groceries,229.06,2,USA,458.12
O00235,2025-09-17,C086,P025,Badminton Racket,Sports,840.3,2,India,1680.6
O00235,2025-09-17,C086,P012,Wheat Flour 5kg,Groceries,338.51,3,Australia,1015.53
O00235,2025-09-17,C086,P015,Tea 500g,Groceries,217.25,2,India,434.5
O00235,2025-09-17,C086,P024,Dumbbells 5kg,Sports,1194.3,2,UK,2388.6
O00236,2025-04-04,C063,P007,Jeans,Fashion,1433.18,1,USA,1433.18
O00236,2025-04-04,C063,P005,Smartwatch,Electronics,7345.93,2,India,14691.86
O00236,2025-04-04,C063,P001,Smartphone,Electronics,18241.3,1,UK,18241.3
O00237,2025-12-24,C176,P009,Jacket,Fashion,3258.09,1,Australia,3258.09
O00237,2025-12-24,C176,P023,Yoga Mat,Sports,707.74,1,USA,707.74
O00237,2025-12-24,C176,P017,Pressure Cooker,Home & Kitchen,2164.82,2,UK,4329.64
O00237,2025-12-24,C176,P008,Sneakers,Fashion,2636.54,3,UK,7909.62
O00237,2025-12-24,C176,P013,Cooking Oil 1L,Groceries,158.31,3,Canada,474.93
O00238,2025-10-30,C138,P016,Mixer Grinder,Home & Kitchen,3468.88,1,Canada,3468.88
O00239,2025-10-05,C127,P019,Bedsheet,Home & Kitchen,857.18,1,USA,857.18
O00239,2025-10-05,C127,P021,Cricket Bat,Sports,1547.28,1,Canada,1547.28
O00239,2025-10-05,C127,P022,Football,Sports,961.67,2,Canada,1923.34
O00239,2025-10-05,C127,P020,Water Bottle,Home & Kitchen,248.13,3,USA,744.39
O00240,2025-01-26,C160,P006,T-Shirt,Fashion,754.99,2,India,1509.98
O00240,2025-01-26,C160,P023,Yoga Mat,Sports,674.38,2,Australia,1348.76
O00240,2025-01-26,C160,P021,Cricket Bat,Sports,1624.54,1,UK,1624.54
O00241,2025-05-05,C165,P006,T-Shirt,Fashion,715.1,3,India,2145.3
O00242,2025-03-26,C042,P013,Cooking Oil 1L,Groceries,175.4,2,Canada,350.8
O00243,2025-01-08,C079,P022,Football,Sports,960.08,2,USA,1920.16
O00243,2025-01-08,C079,P009,Jacket,Fashion,3232.76,2,USA,6465.52
O00244,2025-09-23,C061,P004,Bluetooth Speaker,Electronics,3377.38,1,India,3377.38
O00244,2025-09-23,C061,P006,T-Shirt,Fashion,748.53,3,India,2245.59
O00244,2025-09-23,C061,P012,Wheat Flour 5kg,Groceries,310.28,2,Canada,620.56
O00244,2025-09-23,C061,P008,Sneakers,Fashion,2725.91,2,UK,5451.82
O00245,2025-08-03,C009,P014,Sugar 1kg,Groceries,57.78,3,UK,173.34
O00245,2025-08-03,C009,P007,Jeans,Fashion,1558.05,1,USA,1558.05
O00245,2025-08-03,C009,P004,Bluetooth Speaker,Electronics,3716.25,2,India,7432.5
O00245,2025-08-03,C009,P003,Headphones,Electronics,2447.61,2,USA,4895.22
O00246,2025-11-22,C068,P025,Badminton Racket,Sports,845.82,3,India,2537.46
O00246,2025-11-22,C068,P004,Bluetooth Speaker,Electronics,3485.86,2,India,6971.72
O00246,2025-11-22,C068,P012,Wheat Flour 5kg,Groceries,328.15,1,Australia,328.15
O00246,2025-11-22,C068,P005,Smartwatch,Electronics,7301.0,3,USA,21903.0
O00247,2025-11-11,C200,P012,Wheat Flour 5kg,Groceries,348.64,1,USA,348.64
O00248,2025-11-06,C177,P002,Laptop,Electronics,53675.25,2,Canada,107350.5
O00248,2025-11-06,C177,P007,Jeans,Fashion,1544.52,3,Canada,4633.5599999999995
O00249,2025-08-28,C048,P018,Dinner Set,Home & Kitchen,2820.75,1,Australia,2820.75
O00249,2025-08-28,C048,P025,Badminton Racket,Sports,831.16,2,Australia,1662.32
O00249,2025-08-28,C048,P002,Laptop,Electronics,56922.16,3,India,170766.48
O00250,2025-06-07,C152,P007,Jeans,Fashion,1519.91,3,India,4559.7300000000005
O00250,2025-06-07,C152,P022,Football,Sports,944.16,1,Canada,944.16
O00250,2025-06-07,C152,P013,Cooking Oil 1L,Groceries,166.44,2,India,332.88
O00250,2025-06-07,C152,P023,Yoga Mat,Sports,695.71,2,Australia,1391.42
O00250,2025-06-07,C152,P009,Jacket,Fashion,3020.55,3,Canada,9061.650000000001
O00251,2025-03-29,C182,P010,Formal Shirt,Fashion,1212.81,2,USA,2425.62
O00252,2025-01-10,C067,P022,Football,Sports,859.92,1,Australia,859.92
O00253,2025-11-03,C156,P010,Formal Shirt,Fashion,1220.23,1,Canada,1220.23
O00253,2025-11-03,C156,P016,Mixer Grinder,Home & Kitchen,3167.18,2,Canada,6334.36
O00253,2025-11-03,C156,P024,Dumbbells 5kg,Sports,1295.33,1,India,1295.33
O00253,2025-11-03,C156,P005,Smartwatch,Electronics,7064.55,1,India,7064.55
O00254,2025-11-02,C126,P022,Football,Sports,925.23,3,Canada,2775.69
O00255,2025-08-09,C014,P007,Jeans,Fashion,1429.13,3,UK,4287.39
O00255,2025-08-09,C014,P021,Cricket Bat,Sports,1488.68,3,USA,4466.04
O00255,2025-08-09,C014,P019,Bedsheet,Home & Kitchen,989.27,1,India,989.27
O00256,2025-05-08,C052,P013,Cooking Oil 1L,Groceries,161.98,1,Australia,161.98
O00256,2025-05-08,C052,P003,Headphones,Electronics,2414.41,3,UK,7243.23
O00256,2025-05-08,C052,P014,Sugar 1kg,Groceries,53.56,3,Australia,160.68
O00256,2025-05-08,C052,P009,Jacket,Fashion,2879.62,3,USA,8638.86
O00257,2025-04-02,C125,P009,Jacket,Fashion,3151.07,3,Australia,9453.210000000001
O00257,2025-04-02,C125,P005,Smartwatch,Electronics,7643.07,2,India,15286.14
O00257,2025-04-02,C125,P004,Bluetooth Speaker,Electronics,3731.7,1,Canada,3731.7
O00257,2025-04-02,C125,P021,Cricket Bat,Sports,1635.06,2,UK,3270.12
O00257,2025-04-02,C125,P003,Headphones,Electronics,2657.68,3,Australia,7973.039999999999
O00258,2025-10-15,C097,P025,Badminton Racket,Sports,814.99,3,Canada,2444.9700000000003
O00258,2025-10-15,C097,P007,Jeans,Fashion,1479.4,2,Australia,2958.8
O00258,2025-10-15,C097,P010,Formal Shirt,Fashion,1299.63,3,UK,3898.8900000000003
O00258,2025-10-15,C097,P008,Sneakers,Fashion,2656.15,1,UK,2656.15
O00259,2025-01-26,C024,P019,Bedsheet,Home & Kitchen,870.26,3,USA,2610.7799999999997
O00259,2025-01-26,C024,P025,Badminton Racket,Sports,850.91,2,UK,1701.82
O00259,2025-01-26,C024,P008,Sneakers,Fashion,2473.64,3,Australia,7420.92
O00259,2025-01-26,C024,P005,Smartwatch,Electronics,7138.78,3,USA,21416.34
O00259,2025-01-26,C024,P006,T-Shirt,Fashion,703.75,3,USA,2111.25
O00260,2025-05-18,C103,P021,Cricket Bat,Sports,1546.67,3,USA,4640.01
O00261,2025-12-14,C086,P023,Yoga Mat,Sports,760.09,2,Canada,1520.18
O00261,2025-12-14,C086,P005,Smartwatch,Electronics,7380.18,2,Australia,14760.36
O00261,2025-12-14,C086,P020,Water Bottle,Home & Kitchen,239.6,2,USA,479.2
O00261,2025-12-14,C086,P022,Football,Sports,964.68,1,Australia,964.68
O00261,2025-12-14,C086,P002,Laptop,Electronics,59793.31,1,USA,59793.31
O00262,2025-03-15,C110,P023,Yoga Mat,Sports,678.25,1,USA,678.25
O00262,2025-03-15,C110,P019,Bedsheet,Home & Kitchen,859.01,3,USA,2577.0299999999997
O00262,2025-03-15,C110,P025,Badminton Racket,Sports,839.18,2,Australia,1678.36
O00263,2025-09-14,C060,P011,Rice 5kg,Groceries,340.82,3,Canada,1022.46
O00264,2025-01-02,C157,P015,Tea 500g,Groceries,212.96,2,India,425.92
O00265,2025-03-30,C145,P008,Sneakers,Fashion,2558.5,3,Australia,7675.5
O00265,2025-03-30,C145,P006,T-Shirt,Fashion,693.12,3,India,2079.36
O00265,2025-03-30,C145,P002,Laptop,Electronics,56133.98,2,UK,112267.96
O00265,2025-03-30,C145,P025,Badminton Racket,Sports,826.8,3,India,2480.3999999999996
O00266,2025-05-12,C035,P022,Football,Sports,877.09,3,Canada,2631.27
O00266,2025-05-12,C035,P023,Yoga Mat,Sports,726.83,1,India,726.83
O00266,2025-05-12,C035,P007,Jeans,Fashion,1521.97,3,USA,4565.91
O00266,2025-05-12,C035,P014,Sugar 1kg,Groceries,56.88,1,USA,56.88
O00266,2025-05-12,C035,P021,Cricket Bat,Sports,1498.22,2,India,2996.44
O00267,2025-01-11,C080,P012,Wheat Flour 5kg,Groceries,307.42,3,USA,922.26
O00268,2025-11-07,C196,P006,T-Shirt,Fashion,670.79,3,USA,2012.37
O00268,2025-11-07,C196,P002,Laptop,Electronics,54611.35,3,UK,163834.05
O00268,2025-11-07,C196,P015,Tea 500g,Groceries,223.24,1,UK,223.24
O00268,2025-11-07,C196,P007,Jeans,Fashion,1626.77,1,Australia,1626.77
O00268,2025-11-07,C196,P014,Sugar 1kg,Groceries,54.13,3,India,162.39000000000001
O00269,2025-07-08,C100,P008,Sneakers,Fashion,2526.76,3,Australia,7580.280000000001
O00269,2025-07-08,C100,P002,Laptop,Electronics,54371.04,2,India,108742.08
O00269,2025-07-08,C100,P024,Dumbbells 5kg,Sports,1206.11,2,India,2412.22
O00269,2025-07-08,C100,P007,Jeans,Fashion,1507.87,3,India,4523.61
O00269,2025-07-08,C100,P013,Cooking Oil 1L,Groceries,172.84,1,Canada,172.84
O00270,2025-11-03,C055,P023,Yoga Mat,Sports,736.26,1,India,736.26
O00271,2025-04-30,C069,P003,Headphones,Electronics,2497.6,3,USA,7492.799999999999
O00271,2025-04-30,C069,P014,Sugar 1kg,Groceries,59.93,1,Canada,59.93
O00271,2025-04-30,C069,P016,Mixer Grinder,Home & Kitchen,3277.05,1,USA,3277.05
O00272,2025-03-23,C087,P006,T-Shirt,Fashion,752.77,3,UK,2258.31
O00272,2025-03-23,C087,P007,Jeans,Fashion,1614.1,1,Australia,1614.1
O00272,2025-03-23,C087,P004,Bluetooth Speaker,Electronics,3427.77,3,USA,10283.31
O00272,2025-03-23,C087,P024,Dumbbells 5kg,Sports,1210.86,1,India,1210.86
O00273,2025-10-02,C002,P007,Jeans,Fashion,1537.57,3,Canada,4612.71
O00273,2025-10-02,C002,P023,Yoga Mat,Sports,761.59,3,India,2284.77
O00273,2025-10-02,C002,P013,Cooking Oil 1L,Groceries,169.6,2,USA,339.2
O00273,2025-10-02,C002,P011,Rice 5kg,Groceries,382.45,3,India,1147.35
O00274,2025-03-21,C010,P014,Sugar 1kg,Groceries,59.57,2,Australia,119.14
O00274,2025-03-21,C010,P007,Jeans,Fashion,1477.05,3,USA,4431.15
O00274,2025-03-21,C010,P021,Cricket Bat,Sports,1493.53,1,UK,1493.53
O00274,2025-03-21,C010,P003,Headphones,Electronics,2669.95,2,India,5339.9
O00275,2025-05-26,C111,P018,Dinner Set,Home & Kitchen,2966.4,1,India,2966.4
O00275,2025-05-26,C111,P002,Laptop,Electronics,57868.66,1,Canada,57868.66
O00275,2025-05-26,C111,P012,Wheat Flour 5kg,Groceries,325.14,1,USA,325.14
O00275,2025-05-26,C111,P010,Formal Shirt,Fashion,1275.12,1,Canada,1275.12
O00275,2025-05-26,C111,P008,Sneakers,Fashion,2601.21,1,USA,2601.21
O00276,2025-03-08,C046,P024,Dumbbells 5kg,Sports,1153.18,3,Australia,3459.54
O00276,2025-03-08,C046,P017,Pressure Cooker,Home & Kitchen,2356.62,3,Canada,7069.86
O00276,2025-03-08,C046,P021,Cricket Bat,Sports,1575.61,1,Australia,1575.61
O00276,2025-03-08,C046,P015,Tea 500g,Groceries,230.2,1,Australia,230.2
O00276,2025-03-08,C046,P008,Sneakers,Fashion,2562.63,1,India,2562.63
O00277,2025-03-30,C006,P007,Jeans,Fashion,1634.14,3,UK,4902.42
O00277,2025-03-30,C006,P003,Headphones,Electronics,2592.36,3,UK,7777.08
O00277,2025-03-30,C006,P009,Jacket,Fashion,3074.66,1,USA,3074.66
O00278,2025-11-12,C075,P002,Laptop,Electronics,58536.77,2,UK,117073.54
O00279,2025-08-11,C095,P025,Badminton Racket,Sports,810.95,3,UK,2432.8500000000004
O00280,2025-07-07,C107,P015,Tea 500g,Groceries,230.86,2,India,461.72
O00280,2025-07-07,C107,P007,Jeans,Fashion,1608.45,1,Canada,1608.45
O00280,2025-07-07,C107,P020,Water Bottle,Home & Kitchen,246.77,2,Australia,493.54
O00280,2025-07-07,C107,P017,Pressure Cooker,Home & Kitchen,2176.47,2,Australia,4352.94
O00281,2025-03-11,C018,P021,Cricket Bat,Sports,1566.88,3,UK,4700.64
O00281,2025-03-11,C018,P012,Wheat Flour 5kg,Groceries,328.87,1,USA,328.87
O00282,2025-11-24,C198,P006,T-Shirt,Fashion,736.5,3,India,2209.5
O00282,2025-11-24,C198,P023,Yoga Mat,Sports,677.92,3,India,2033.7599999999998
O00282,2025-11-24,C198,P002,Laptop,Electronics,54850.54,2,Canada,109701.08
O00282,2025-11-24,C198,P021,Cricket Bat,Sports,1449.07,1,Canada,1449.07
O00283,2025-10-13,C092,P010,Formal Shirt,Fashion,1173.16,3,Canada,3519.4800000000005
O00283,2025-10-13,C092,P004,Bluetooth Speaker,Electronics,3531.0,1,Canada,3531.0
O00284,2025-08-11,C114,P004,Bluetooth Speaker,Electronics,3484.19,1,India,3484.19
O00284,2025-08-11,C114,P016,Mixer Grinder,Home & Kitchen,3419.32,3,UK,10257.960000000001
O00284,2025-08-11,C114,P023,Yoga Mat,Sports,679.2,3,USA,2037.6000000000001
O00284,2025-08-11,C114,P024,Dumbbells 5kg,Sports,1181.64,3,India,3544.92
O00285,2025-08-11,C107,P021,Cricket Bat,Sports,1435.07,1,USA,1435.07
O00285,2025-08-11,C107,P013,Cooking Oil 1L,Groceries,154.25,3,Canada,462.75
O00286,2025-07-24,C031,P008,Sneakers,Fashion,2591.38,3,UK,7774.14
O00286,2025-07-24,C031,P002,Laptop,Electronics,54470.24,3,Australia,163410.72
O00286,2025-07-24,C031,P022,Football,Sports,860.96,3,UK,2582.88
O00287,2025-03-29,C093,P002,Laptop,Electronics,59290.11,3,UK,177870.33000000002
O00288,2025-06-17,C111,P003,Headphones,Electronics,2671.16,2,UK,5342.32
O00289,2025-09-15,C157,P017,Pressure Cooker,Home & Kitchen,2317.15,1,Australia,2317.15
O00289,2025-09-15,C157,P020,Water Bottle,Home & Kitchen,272.59,2,Australia,545.18
O00289,2025-09-15,C157,P001,Smartphone,Electronics,17327.85,3,Australia,51983.549999999996
O00289,2025-09-15,C157,P025,Badminton Racket,Sports,762.27,2,USA,1524.54
O00290,2025-09-20,C043,P012,Wheat Flour 5kg,Groceries,309.61,2,USA,619.22
O00290,2025-09-20,C043,P002,Laptop,Electronics,53978.53,3,Canada,161935.59
O00290,2025-09-20,C043,P019,Bedsheet,Home & Kitchen,977.64,3,Canada,2932.92
O00290,2025-09-20,C043,P020,Water Bottle,Home & Kitchen,264.51,1,USA,264.51
O00290,2025-09-20,C043,P022,Football,Sports,867.93,3,USA,2603.79
O00291,2025-10-31,C023,P009,Jacket,Fashion,3032.74,3,Australia,9098.22
O00291,2025-10-31,C023,P010,Formal Shirt,Fashion,1279.78,1,UK,1279.78
O00291,2025-10-31,C023,P001,Smartphone,Electronics,18121.16,2,India,36242.32
O00291,2025-10-31,C023,P022,Football,Sports,973.05,1,Australia,973.05
O00292,2025-03-23,C131,P023,Yoga Mat,Sports,702.63,1,Canada,702.63
O00292,2025-03-23,C131,P002,Laptop,Electronics,56215.35,1,Canada,56215.35
O00293,2025-10-06,C039,P006,T-Shirt,Fashion,720.95,3,USA,2162.8500000000004
O00293,2025-10-06,C039,P003,Headphones,Electronics,2731.79,1,UK,2731.79
O00293,2025-10-06,C039,P014,Sugar 1kg,Groceries,58.67,1,USA,58.67
O00293,2025-10-06,C039,P012,Wheat Flour 5kg,Groceries,336.79,1,UK,336.79
O00294,2025-04-05,C097,P005,Smartwatch,Electronics,7169.57,1,USA,7169.57
O00294,2025-04-05,C097,P014,Sugar 1kg,Groceries,58.61,2,USA,117.22
O00295,2025-02-11,C016,P010,Formal Shirt,Fashion,1145.82,1,USA,1145.82
O00296,2025-07-23,C137,P007,Jeans,Fashion,1481.76,3,UK,4445.28
O00296,2025-07-23,C137,P019,Bedsheet,Home & Kitchen,966.21,2,UK,1932.42
O00297,2025-10-15,C048,P021,Cricket Bat,Sports,1564.35,3,Canada,4693.049999999999
O00297,2025-10-15,C048,P023,Yoga Mat,Sports,685.88,2,UK,1371.76
O00297,2025-10-15,C048,P015,Tea 500g,Groceries,230.76,3,India,692.28
O00298,2025-05-09,C134,P004,Bluetooth Speaker,Electronics,3477.03,1,UK,3477.03
O00299,2025-02-04,C134,P023,Yoga Mat,Sports,749.45,2,USA,1498.9
O00300,2025-12-31,C007,P018,Dinner Set,Home & Kitchen,2677.05,1,UK,2677.05
O00300,2025-12-31,C007,P019,Bedsheet,Home & Kitchen,979.4,3,Canada,2938.2
O00300,2025-12-31,C007,P011,Rice 5kg,Groceries,333.06,2,Canada,666.12
O00301,2025-06-03,C164,P003,Headphones,Electronics,2427.92,3,Australia,7283.76
O00302,2025-09-22,C097,P025,Badminton Racket,Sports,763.4,2,India,1526.8
O00302,2025-09-22,C097,P001,Smartphone,Electronics,19228.34,1,India,19228.34
O00302,2025-09-22,C097,P003,Headphones,Electronics,2640.75,2,Australia,5281.5
O00303,2025-10-27,C001,P023,Yoga Mat,Sports,751.66,1,Canada,751.66
O00303,2025-10-27,C001,P011,Rice 5kg,Groceries,377.87,1,Australia,377.87
O00303,2025-10-27,C001,P005,Smartwatch,Electronics,6783.05,2,USA,13566.1
O00304,2025-07-08,C178,P019,Bedsheet,Home & Kitchen,881.64,1,UK,881.64
O00304,2025-07-08,C178,P014,Sugar 1kg,Groceries,59.61,3,Australia,178.82999999999998
O00304,2025-07-08,C178,P021,Cricket Bat,Sports,1543.76,2,India,3087.52
O00304,2025-07-08,C178,P009,Jacket,Fashion,3012.8,1,Australia,3012.8
O00305,2025-12-14,C132,P006,T-Shirt,Fashion,692.08,1,Canada,692.08
O00306,2025-06-21,C022,P022,Football,Sports,967.39,3,Australia,2902.17
O00306,2025-06-21,C022,P003,Headphones,Electronics,2399.93,1,Canada,2399.93
O00306,2025-06-21,C022,P021,Cricket Bat,Sports,1542.74,2,Canada,3085.48
O00306,2025-06-21,C022,P001,Smartphone,Electronics,19792.26,3,UK,59376.78
O00307,2025-03-31,C060,P013,Cooking Oil 1L,Groceries,156.6,2,Canada,313.2
O00307,2025-03-31,C060,P002,Laptop,Electronics,57535.86,3,UK,172607.58000000002
O00307,2025-03-31,C060,P019,Bedsheet,Home & Kitchen,862.16,1,Canada,862.16
O00307,2025-03-31,C060,P022,Football,Sports,890.11,1,Canada,890.11
O00308,2025-05-22,C174,P005,Smartwatch,Electronics,6974.29,3,UK,20922.87
O00309,2025-11-07,C134,P002,Laptop,Electronics,59957.59,2,Canada,119915.18
O00310,2025-03-02,C116,P016,Mixer Grinder,Home & Kitchen,3464.36,1,UK,3464.36
O00311,2025-11-23,C184,P009,Jacket,Fashion,3135.82,1,Australia,3135.82
O00311,2025-11-23,C184,P011,Rice 5kg,Groceries,361.74,3,India,1085.22
O00312,2025-07-04,C037,P022,Football,Sports,903.26,1,India,903.26
O00312,2025-07-04,C037,P017,Pressure Cooker,Home & Kitchen,2145.13,1,USA,2145.13
O00313,2025-08-22,C015,P001,Smartphone,Electronics,17823.63,1,Australia,17823.63
O00313,2025-08-22,C015,P017,Pressure Cooker,Home & Kitchen,2307.58,2,India,4615.16
O00313,2025-08-22,C015,P003,Headphones,Electronics,2434.49,2,UK,4868.98
O00313,2025-08-22,C015,P012,Wheat Flour 5kg,Groceries,309.08,1,India,309.08
O00314,2025-03-04,C145,P010,Formal Shirt,Fashion,1268.55,1,USA,1268.55
O00314,2025-03-04,C145,P002,Laptop,Electronics,55616.17,1,UK,55616.17
O00315,2025-07-03,C105,P022,Football,Sports,893.27,2,UK,1786.54
O00316,2025-08-22,C111,P024,Dumbbells 5kg,Sports,1178.47,2,UK,2356.94
O00316,2025-08-22,C111,P007,Jeans,Fashion,1641.16,3,Canada,4923.4800000000005
O00316,2025-08-22,C111,P019,Bedsheet,Home & Kitchen,870.13,2,India,1740.26
O00316,2025-08-22,C111,P022,Football,Sports,919.66,1,Canada,919.66
O00316,2025-08-22,C111,P023,Yoga Mat,Sports,706.45,3,USA,2119.3500000000004
O00317,2025-07-13,C109,P009,Jacket,Fashion,2914.73,3,Canada,8744.19
O00317,2025-07-13,C109,P005,Smartwatch,Electronics,7498.56,1,UK,7498.56
O00317,2025-07-13,C109,P001,Smartphone,Electronics,18165.58,3,USA,54496.740000000005
O00318,2025-09-17,C028,P005,Smartwatch,Electronics,6989.13,2,India,13978.26
O00318,2025-09-17,C028,P017,Pressure Cooker,Home & Kitchen,2176.67,1,Australia,2176.67
O00318,2025-09-17,C028,P013,Cooking Oil 1L,Groceries,169.86,1,UK,169.86
O00318,2025-09-17,C028,P015,Tea 500g,Groceries,235.6,1,Canada,235.6
O00318,2025-09-17,C028,P016,Mixer Grinder,Home & Kitchen,3358.78,2,Australia,6717.56
O00319,2025-02-02,C106,P015,Tea 500g,Groceries,241.41,1,Canada,241.41
O00319,2025-02-02,C106,P007,Jeans,Fashion,1443.0,2,Australia,2886.0
O00319,2025-02-02,C106,P013,Cooking Oil 1L,Groceries,158.9,1,UK,158.9
O00319,2025-02-02,C106,P006,T-Shirt,Fashion,694.63,3,USA,2083.89
O00320,2025-04-25,C061,P008,Sneakers,Fashion,2596.39,2,Australia,5192.78
O00320,2025-04-25,C061,P007,Jeans,Fashion,1430.92,1,Australia,1430.92
O00320,2025-04-25,C061,P009,Jacket,Fashion,3092.13,2,Australia,6184.26
O00320,2025-04-25,C061,P018,Dinner Set,Home & Kitchen,2770.56,3,Canada,8311.68
O00321,2025-01-06,C192,P006,T-Shirt,Fashion,717.54,2,USA,1435.08
O00321,2025-01-06,C192,P020,Water Bottle,Home & Kitchen,243.42,1,Australia,243.42
O00321,2025-01-06,C192,P025,Badminton Racket,Sports,819.12,3,Canada,2457.36
O00321,2025-01-06,C192,P004,Bluetooth Speaker,Electronics,3845.81,3,Canada,11537.43
O00321,2025-01-06,C192,P001,Smartphone,Electronics,17690.74,2,India,35381.48
O00322,2025-02-03,C040,P022,Football,Sports,927.12,1,India,927.12
O00322,2025-02-03,C040,P008,Sneakers,Fashion,2503.64,1,Canada,2503.64
O00322,2025-02-03,C040,P010,Formal Shirt,Fashion,1141.49,3,USA,3424.4700000000003
O00322,2025-02-03,C040,P015,Tea 500g,Groceries,231.0,3,Australia,693.0
O00323,2025-04-14,C117,P007,Jeans,Fashion,1519.52,3,Canada,4558.5599999999995
O00323,2025-04-14,C117,P016,Mixer Grinder,Home & Kitchen,3338.57,2,UK,6677.14
O00323,2025-04-14,C117,P014,Sugar 1kg,Groceries,59.14,2,Canada,118.28
O00323,2025-04-14,C117,P018,Dinner Set,Home & Kitchen,2963.92,2,Australia,5927.84
O00323,2025-04-14,C117,P008,Sneakers,Fashion,2450.31,3,Canada,7350.93
O00324,2025-06-06,C125,P008,Sneakers,Fashion,2491.61,1,Canada,2491.61
O00324,2025-06-06,C125,P025,Badminton Racket,Sports,859.81,2,Canada,1719.62
O00325,2025-01-09,C116,P003,Headphones,Electronics,2567.78,1,Canada,2567.78
O00326,2025-05-27,C013,P008,Sneakers,Fashion,2698.84,1,Australia,2698.84
O00326,2025-05-27,C013,P015,Tea 500g,Groceries,216.1,3,Australia,648.3
O00326,2025-05-27,C013,P003,Headphones,Electronics,2745.16,3,USA,8235.48
O00326,2025-05-27,C013,P009,Jacket,Fashion,2973.55,1,Australia,2973.55
O00327,2025-10-07,C087,P021,Cricket Bat,Sports,1520.75,2,India,3041.5
O00327,2025-10-07,C087,P003,Headphones,Electronics,2602.89,1,Australia,2602.89
O00328,2025-10-16,C020,P024,Dumbbells 5kg,Sports,1252.49,3,Canada,3757.4700000000003
O00329,2025-12-07,C181,P007,Jeans,Fashion,1573.38,1,India,1573.38
O00329,2025-12-07,C181,P023,Yoga Mat,Sports,674.46,1,UK,674.46
O00329,2025-12-07,C181,P010,Formal Shirt,Fashion,1286.33,2,UK,2572.66
O00329,2025-12-07,C181,P014,Sugar 1kg,Groceries,57.89,3,UK,173.67000000000002
O00329,2025-12-07,C181,P024,Dumbbells 5kg,Sports,1160.31,3,Canada,3480.93
O00330,2025-02-11,C084,P008,Sneakers,Fashion,2741.03,1,USA,2741.03
O00330,2025-02-11,C084,P003,Headphones,Electronics,2386.26,1,USA,2386.26
O00330,2025-02-11,C084,P017,Pressure Cooker,Home & Kitchen,2278.54,1,Canada,2278.54
O00331,2025-02-03,C026,P012,Wheat Flour 5kg,Groceries,321.5,3,USA,964.5
O00331,2025-02-03,C026,P022,Football,Sports,956.48,1,Australia,956.48
O00332,2025-12-08,C171,P014,Sugar 1kg,Groceries,53.09,2,USA,106.18
O00332,2025-12-08,C171,P021,Cricket Bat,Sports,1451.96,3,Canada,4355.88
O00332,2025-12-08,C171,P020,Water Bottle,Home & Kitchen,240.73,1,Canada,240.73
O00333,2025-04-30,C162,P021,Cricket Bat,Sports,1569.88,3,Canada,4709.64
O00333,2025-04-30,C162,P015,Tea 500g,Groceries,238.34,3,India,715.02
O00333,2025-04-30,C162,P023,Yoga Mat,Sports,758.98,3,India,2276.94
O00333,2025-04-30,C162,P004,Bluetooth Speaker,Electronics,3829.93,2,USA,7659.86
O00334,2025-12-12,C112,P024,Dumbbells 5kg,Sports,1151.33,1,USA,1151.33
O00334,2025-12-12,C112,P018,Dinner Set,Home & Kitchen,2989.49,2,USA,5978.98
O00334,2025-12-12,C112,P006,T-Shirt,Fashion,679.15,2,India,1358.3
O00334,2025-12-12,C112,P023,Yoga Mat,Sports,697.59,1,Australia,697.59
O00335,2025-02-16,C170,P013,Cooking Oil 1L,Groceries,158.57,1,UK,158.57
O00335,2025-02-16,C170,P021,Cricket Bat,Sports,1477.17,1,UK,1477.17
O00335,2025-02-16,C170,P022,Football,Sports,855.78,1,India,855.78
O00335,2025-02-16,C170,P020,Water Bottle,Home & Kitchen,252.8,1,USA,252.8
O00335,2025-02-16,C170,P007,Jeans,Fashion,1576.19,1,India,1576.19
O00336,2025-04-30,C062,P020,Water Bottle,Home & Kitchen,240.35,1,USA,240.35
O00336,2025-04-30,C062,P007,Jeans,Fashion,1579.56,3,UK,4738.68
O00336,2025-04-30,C062,P024,Dumbbells 5kg,Sports,1244.94,3,Australia,3734.82
O00337,2025-12-21,C010,P017,Pressure Cooker,Home & Kitchen,2333.15,3,USA,6999.450000000001
O00337,2025-12-21,C010,P005,Smartwatch,Electronics,6778.71,3,Canada,20336.13
O00337,2025-12-21,C010,P002,Laptop,Electronics,55996.3,3,USA,167988.90000000002
O00338,2025-05-14,C107,P006,T-Shirt,Fashion,690.43,2,UK,1380.86
O00338,2025-05-14,C107,P001,Smartphone,Electronics,19192.12,3,Canada,57576.36
O00338,2025-05-14,C107,P022,Football,Sports,959.25,3,UK,2877.75
O00338,2025-05-14,C107,P019,Bedsheet,Home & Kitchen,899.66,3,India,2698.98
O00339,2025-07-30,C128,P003,Headphones,Electronics,2408.05,2,USA,4816.1
O00339,2025-07-30,C128,P012,Wheat Flour 5kg,Groceries,339.15,1,Canada,339.15
O00339,2025-07-30,C128,P002,Laptop,Electronics,57418.51,2,USA,114837.02
O00340,2025-06-23,C141,P018,Dinner Set,Home & Kitchen,2807.57,3,Australia,8422.710000000001
O00340,2025-06-23,C141,P017,Pressure Cooker,Home & Kitchen,2325.21,2,India,4650.42
O00341,2025-10-25,C153,P025,Badminton Racket,Sports,804.29,1,Australia,804.29
O00341,2025-10-25,C153,P019,Bedsheet,Home & Kitchen,934.68,1,UK,934.68
O00341,2025-10-25,C153,P004,Bluetooth Speaker,Electronics,3789.21,1,India,3789.21
O00341,2025-10-25,C153,P009,Jacket,Fashion,2876.23,3,UK,8628.69
O00342,2025-05-09,C100,P017,Pressure Cooker,Home & Kitchen,2356.98,3,Australia,7070.9400000000005
O00343,2025-04-16,C160,P025,Badminton Racket,Sports,833.76,1,Canada,833.76
O00343,2025-04-16,C160,P009,Jacket,Fashion,3260.62,3,UK,9781.86
O00343,2025-04-16,C160,P005,Smartwatch,Electronics,7135.25,1,Australia,7135.25
O00343,2025-04-16,C160,P017,Pressure Cooker,Home & Kitchen,2281.41,1,India,2281.41
O00344,2025-09-05,C091,P018,Dinner Set,Home & Kitchen,2684.91,1,Australia,2684.91
O00345,2025-09-26,C048,P022,Football,Sports,894.24,1,India,894.24
O00345,2025-09-26,C048,P024,Dumbbells 5kg,Sports,1243.69,1,Canada,1243.69
O00345,2025-09-26,C048,P018,Dinner Set,Home & Kitchen,2722.44,2,USA,5444.88
O00346,2025-11-30,C191,P025,Badminton Racket,Sports,813.59,1,USA,813.59
O00346,2025-11-30,C191,P024,Dumbbells 5kg,Sports,1311.83,1,UK,1311.83
O00346,2025-11-30,C191,P019,Bedsheet,Home & Kitchen,977.75,1,Australia,977.75
O00346,2025-11-30,C191,P020,Water Bottle,Home & Kitchen,251.01,1,Australia,251.01
O00347,2025-10-31,C072,P025,Badminton Racket,Sports,795.53,3,Australia,2386.59
O00348,2025-01-06,C045,P009,Jacket,Fashion,2913.87,1,USA,2913.87
O00348,2025-01-06,C045,P004,Bluetooth Speaker,Electronics,3756.82,3,Australia,11270.460000000001
O00348,2025-01-06,C045,P016,Mixer Grinder,Home & Kitchen,3156.62,3,Australia,9469.86
O00348,2025-01-06,C045,P018,Dinner Set,Home & Kitchen,2882.36,2,Canada,5764.72
O00349,2025-02-16,C013,P018,Dinner Set,Home & Kitchen,2800.34,2,Australia,5600.68
O00349,2025-02-16,C013,P016,Mixer Grinder,Home & Kitchen,3239.87,3,USA,9719.61
O00349,2025-02-16,C013,P006,T-Shirt,Fashion,751.82,2,UK,1503.64
O00350,2025-03-06,C047,P013,Cooking Oil 1L,Groceries,154.46,1,USA,154.46
O00350,2025-03-06,C047,P007,Jeans,Fashion,1436.55,1,USA,1436.55
O00350,2025-03-06,C047,P006,T-Shirt,Fashion,681.56,2,USA,1363.12
O00351,2025-03-03,C186,P019,Bedsheet,Home & Kitchen,908.8,3,India,2726.3999999999996
O00351,2025-03-03,C186,P023,Yoga Mat,Sports,747.73,3,USA,2243.19
O00351,2025-03-03,C186,P025,Badminton Racket,Sports,838.44,3,Australia,2515.32
O00351,2025-03-03,C186,P015,Tea 500g,Groceries,235.86,3,UK,707.58
O00351,2025-03-03,C186,P021,Cricket Bat,Sports,1459.33,2,India,2918.66
O00352,2025-12-10,C045,P008,Sneakers,Fashion,2633.14,1,USA,2633.14
O00352,2025-12-10,C045,P022,Football,Sports,978.31,3,USA,2934.93
O00352,2025-12-10,C045,P018,Dinner Set,Home & Kitchen,2996.34,3,Australia,8989.02
O00352,2025-12-10,C045,P021,Cricket Bat,Sports,1523.5,2,USA,3047.0
O00352,2025-12-10,C045,P014,Sugar 1kg,Groceries,56.24,3,India,168.72
O00353,2025-07-21,C040,P009,Jacket,Fashion,2964.75,1,UK,2964.75
O00353,2025-07-21,C040,P015,Tea 500g,Groceries,210.3,3,India,630.9000000000001
O00354,2025-02-13,C170,P021,Cricket Bat,Sports,1529.03,2,UK,3058.06
O00354,2025-02-13,C170,P003,Headphones,Electronics,2688.34,1,India,2688.34
O00354,2025-02-13,C170,P016,Mixer Grinder,Home & Kitchen,3250.55,3,Australia,9751.650000000001
O00355,2025-11-02,C175,P013,Cooking Oil 1L,Groceries,155.38,1,India,155.38
O00355,2025-11-02,C175,P025,Badminton Racket,Sports,790.93,1,USA,790.93
O00355,2025-11-02,C175,P014,Sugar 1kg,Groceries,56.2,1,Australia,56.2
O00355,2025-11-02,C175,P002,Laptop,Electronics,54492.85,3,Canada,163478.55
O00355,2025-11-02,C175,P016,Mixer Grinder,Home & Kitchen,3384.86,1,Australia,3384.86
O00356,2025-11-26,C029,P009,Jacket,Fashion,3195.69,2,Canada,6391.38
O00356,2025-11-26,C029,P017,Pressure Cooker,Home & Kitchen,2315.73,3,USA,6947.1900000000005
O00357,2025-07-01,C064,P019,Bedsheet,Home & Kitchen,986.07,1,India,986.07
O00357,2025-07-01,C064,P015,Tea 500g,Groceries,238.19,3,UK,714.5699999999999
O00357,2025-07-01,C064,P013,Cooking Oil 1L,Groceries,153.07,3,Australia,459.21
O00357,2025-07-01,C064,P014,Sugar 1kg,Groceries,53.74,3,USA,161.22
O00357,2025-07-01,C064,P022,Football,Sports,900.74,1,India,900.74
O00358,2025-04-30,C117,P011,Rice 5kg,Groceries,363.19,1,Australia,363.19
O00358,2025-04-30,C117,P006,T-Shirt,Fashion,718.97,1,Canada,718.97
O00358,2025-04-30,C117,P023,Yoga Mat,Sports,763.07,1,Australia,763.07
O00359,2025-06-13,C063,P005,Smartwatch,Electronics,7133.41,1,Canada,7133.41
O00360,2025-08-16,C106,P014,Sugar 1kg,Groceries,53.23,2,UK,106.46
O00360,2025-08-16,C106,P017,Pressure Cooker,Home & Kitchen,2417.23,3,Canada,7251.6900000000005
O00360,2025-08-16,C106,P003,Headphones,Electronics,2641.34,2,Canada,5282.68
O00360,2025-08-16,C106,P011,Rice 5kg,Groceries,375.3,1,India,375.3
O00360,2025-08-16,C106,P013,Cooking Oil 1L,Groceries,166.19,3,USA,498.57
O00361,2025-12-08,C071,P003,Headphones,Electronics,2616.41,1,Australia,2616.41
O00361,2025-12-08,C071,P018,Dinner Set,Home & Kitchen,3042.54,3,UK,9127.619999999999
O00362,2025-01-18,C092,P010,Formal Shirt,Fashion,1271.33,2,Australia,2542.66
O00363,2025-08-09,C186,P005,Smartwatch,Electronics,7645.23,2,Canada,15290.46
O00364,2025-10-31,C015,P023,Yoga Mat,Sports,736.1,1,Canada,736.1
O00364,2025-10-31,C015,P006,T-Shirt,Fashion,673.37,1,Canada,673.37
O00364,2025-10-31,C015,P025,Badminton Racket,Sports,794.72,1,Australia,794.72
O00364,2025-10-31,C015,P005,Smartwatch,Electronics,7609.35,2,USA,15218.7
O00364,2025-10-31,C015,P011,Rice 5kg,Groceries,362.38,2,USA,724.76
O00365,2025-02-16,C179,P001,Smartphone,Electronics,19345.32,3,India,58035.96
O00365,2025-02-16,C179,P004,Bluetooth Speaker,Electronics,3767.55,1,USA,3767.55
O00366,2025-06-11,C035,P008,Sneakers,Fashion,2456.43,1,Canada,2456.43
O00366,2025-06-11,C035,P011,Rice 5kg,Groceries,341.75,2,UK,683.5
O00366,2025-06-11,C035,P005,Smartwatch,Electronics,7630.04,3,India,22890.12
O00366,2025-06-11,C035,P002,Laptop,Electronics,57561.91,2,Canada,115123.82
O00366,2025-06-11,C035,P012,Wheat Flour 5kg,Groceries,346.53,1,Canada,346.53
O00367,2025-10-29,C200,P015,Tea 500g,Groceries,238.54,2,India,477.08
O00367,2025-10-29,C200,P019,Bedsheet,Home & Kitchen,901.55,2,UK,1803.1
O00367,2025-10-29,C200,P020,Water Bottle,Home & Kitchen,248.43,1,Australia,248.43
O00368,2025-10-21,C008,P023,Yoga Mat,Sports,684.71,1,USA,684.71
O00368,2025-10-21,C008,P025,Badminton Racket,Sports,798.01,3,India,2394.0299999999997
O00368,2025-10-21,C008,P002,Laptop,Electronics,52561.42,2,Australia,105122.84
O00368,2025-10-21,C008,P006,T-Shirt,Fashion,689.15,2,Australia,1378.3
O00368,2025-10-21,C008,P010,Formal Shirt,Fashion,1183.79,1,Canada,1183.79
O00369,2025-01-20,C013,P009,Jacket,Fashion,3173.55,3,India,9520.650000000001
O00369,2025-01-20,C013,P020,Water Bottle,Home & Kitchen,239.87,2,India,479.74
O00370,2025-02-08,C040,P022,Football,Sports,924.11,3,UK,2772.33
O00370,2025-02-08,C040,P005,Smartwatch,Electronics,6826.0,2,India,13652.0
O00370,2025-02-08,C040,P003,Headphones,Electronics,2388.41,1,UK,2388.41
O00370,2025-02-08,C040,P011,Rice 5kg,Groceries,337.45,1,India,337.45
O00371,2025-09-13,C018,P003,Headphones,Electronics,2587.69,2,USA,5175.38
O00371,2025-09-13,C018,P019,Bedsheet,Home & Kitchen,918.36,1,Australia,918.36
O00371,2025-09-13,C018,P005,Smartwatch,Electronics,7306.17,1,Canada,7306.17
O00372,2025-01-27,C178,P011,Rice 5kg,Groceries,380.56,2,India,761.12
O00373,2025-03-20,C052,P018,Dinner Set,Home & Kitchen,2928.82,2,Canada,5857.64
O00374,2025-11-03,C035,P019,Bedsheet,Home & Kitchen,898.4,3,Australia,2695.2
O00374,2025-11-03,C035,P006,T-Shirt,Fashion,740.9,1,Australia,740.9
O00374,2025-11-03,C035,P023,Yoga Mat,Sports,718.05,1,India,718.05
O00374,2025-11-03,C035,P010,Formal Shirt,Fashion,1262.57,2,USA,2525.14
O00375,2025-03-03,C077,P012,Wheat Flour 5kg,Groceries,335.09,3,UK,1005.27
O00375,2025-03-03,C077,P007,Jeans,Fashion,1642.96,2,Canada,3285.92
O00375,2025-03-03,C077,P004,Bluetooth Speaker,Electronics,3507.2,3,India,10521.599999999999
O00375,2025-03-03,C077,P014,Sugar 1kg,Groceries,54.52,1,Canada,54.52
O00375,2025-03-03,C077,P011,Rice 5kg,Groceries,343.74,2,Canada,687.48
O00376,2025-02-05,C107,P023,Yoga Mat,Sports,736.41,1,India,736.41
O00376,2025-02-05,C107,P017,Pressure Cooker,Home & Kitchen,2400.97,1,Canada,2400.97
O00376,2025-02-05,C107,P004,Bluetooth Speaker,Electronics,3826.04,3,Australia,11478.119999999999
O00377,2025-09-07,C105,P003,Headphones,Electronics,2733.32,3,UK,8199.960000000001
O00377,2025-09-07,C105,P002,Laptop,Electronics,52309.56,3,Australia,156928.68
O00377,2025-09-07,C105,P015,Tea 500g,Groceries,231.35,3,USA,694.05
O00377,2025-09-07,C105,P021,Cricket Bat,Sports,1645.11,1,Canada,1645.11
O00378,2025-01-28,C145,P023,Yoga Mat,Sports,739.09,1,Australia,739.09
O00378,2025-01-28,C145,P019,Bedsheet,Home & Kitchen,963.07,2,India,1926.14
O00378,2025-01-28,C145,P021,Cricket Bat,Sports,1469.94,2,USA,2939.88
O00378,2025-01-28,C145,P004,Bluetooth Speaker,Electronics,3751.54,2,India,7503.08
O00379,2025-05-26,C149,P022,Football,Sports,921.43,2,Canada,1842.86
O00379,2025-05-26,C149,P003,Headphones,Electronics,2633.46,1,UK,2633.46
O00379,2025-05-26,C149,P005,Smartwatch,Electronics,7512.17,2,Canada,15024.34
O00379,2025-05-26,C149,P025,Badminton Racket,Sports,768.68,1,USA,768.68
O00380,2025-10-21,C040,P002,Laptop,Electronics,52687.46,2,Canada,105374.92
O00380,2025-10-21,C040,P022,Football,Sports,962.39,2,USA,1924.78
O00380,2025-10-21,C040,P020,Water Bottle,Home & Kitchen,269.57,1,USA,269.57
O00380,2025-10-21,C040,P015,Tea 500g,Groceries,237.45,2,Australia,474.9
O00381,2025-05-06,C015,P015,Tea 500g,Groceries,241.11,1,USA,241.11
O00381,2025-05-06,C015,P022,Football,Sports,931.66,3,UK,2794.98
O00381,2025-05-06,C015,P013,Cooking Oil 1L,Groceries,156.24,2,India,312.48
O00381,2025-05-06,C015,P024,Dumbbells 5kg,Sports,1241.32,3,Australia,3723.96
O00381,2025-05-06,C015,P016,Mixer Grinder,Home & Kitchen,3074.76,1,Canada,3074.76
O00382,2025-08-16,C024,P008,Sneakers,Fashion,2626.38,1,Australia,2626.38
O00382,2025-08-16,C024,P001,Smartphone,Electronics,18881.91,2,UK,37763.82
O00382,2025-08-16,C024,P016,Mixer Grinder,Home & Kitchen,3247.82,3,Canada,9743.460000000001
O00382,2025-08-16,C024,P011,Rice 5kg,Groceries,375.69,3,USA,1127.07
O00383,2025-04-06,C059,P004,Bluetooth Speaker,Electronics,3598.11,3,UK,10794.33
O00383,2025-04-06,C059,P003,Headphones,Electronics,2728.3,3,India,8184.900000000001
O00384,2025-11-23,C096,P010,Formal Shirt,Fashion,1236.05,2,USA,2472.1
O00384,2025-11-23,C096,P008,Sneakers,Fashion,2384.59,2,India,4769.18
O00384,2025-11-23,C096,P022,Football,Sports,950.98,1,UK,950.98
O00385,2025-09-13,C079,P011,Rice 5kg,Groceries,349.42,1,India,349.42
O00385,2025-09-13,C079,P006,T-Shirt,Fashion,742.68,2,USA,1485.36
O00386,2025-10-23,C028,P009,Jacket,Fashion,3221.39,2,Canada,6442.78
O00386,2025-10-23,C028,P023,Yoga Mat,Sports,745.56,1,India,745.56
O00386,2025-10-23,C028,P010,Formal Shirt,Fashion,1213.7,2,Australia,2427.4
O00387,2025-09-03,C023,P025,Badminton Racket,Sports,807.02,3,USA,2421.06
O00387,2025-09-03,C023,P010,Formal Shirt,Fashion,1292.18,2,USA,2584.36
O00387,2025-09-03,C023,P022,Football,Sports,891.66,1,UK,891.66
O00388,2025-08-08,C120,P017,Pressure Cooker,Home & Kitchen,2173.83,2,Australia,4347.66
O00388,2025-08-08,C120,P021,Cricket Bat,Sports,1500.31,3,Canada,4500.93
O00388,2025-08-08,C120,P011,Rice 5kg,Groceries,335.48,2,Australia,670.96
O00388,2025-08-08,C120,P019,Bedsheet,Home & Kitchen,883.13,2,India,1766.26
O00389,2025-02-19,C077,P020,Water Bottle,Home & Kitchen,260.55,2,Canada,521.1
O00389,2025-02-19,C077,P006,T-Shirt,Fashion,706.68,3,India,2120.04
O00390,2025-08-02,C086,P008,Sneakers,Fashion,2729.42,1,Canada,2729.42
O00390,2025-08-02,C086,P025,Badminton Racket,Sports,768.9,2,India,1537.8
O00390,2025-08-02,C086,P010,Formal Shirt,Fashion,1222.59,3,UK,3667.7699999999995
O00390,2025-08-02,C086,P011,Rice 5kg,Groceries,353.1,1,UK,353.1
O00391,2025-08-27,C074,P013,Cooking Oil 1L,Groceries,152.34,3,Canada,457.02
O00392,2025-03-25,C083,P012,Wheat Flour 5kg,Groceries,346.17,3,Canada,1038.51
O00392,2025-03-25,C083,P010,Formal Shirt,Fashion,1270.93,3,India,3812.79
O00392,2025-03-25,C083,P005,Smartwatch,Electronics,6673.48,2,UK,13346.96
O00392,2025-03-25,C083,P003,Headphones,Electronics,2473.88,1,Australia,2473.88
O00393,2025-12-25,C147,P025,Badminton Racket,Sports,792.14,2,USA,1584.28
O00393,2025-12-25,C147,P011,Rice 5kg,Groceries,352.05,1,India,352.05
O00394,2025-10-16,C127,P010,Formal Shirt,Fashion,1232.79,1,USA,1232.79
O00394,2025-10-16,C127,P021,Cricket Bat,Sports,1550.5,2,Australia,3101.0
O00394,2025-10-16,C127,P006,T-Shirt,Fashion,744.01,1,USA,744.01
O00394,2025-10-16,C127,P025,Badminton Racket,Sports,794.0,1,UK,794.0
O00395,2025-03-26,C053,P015,Tea 500g,Groceries,231.04,2,Australia,462.08
O00396,2025-01-20,C016,P021,Cricket Bat,Sports,1576.12,3,USA,4728.36
O00396,2025-01-20,C016,P022,Football,Sports,945.65,1,Canada,945.65
O00396,2025-01-20,C016,P015,Tea 500g,Groceries,232.07,2,USA,464.14
O00396,2025-01-20,C016,P013,Cooking Oil 1L,Groceries,172.09,1,UK,172.09
O00396,2025-01-20,C016,P008,Sneakers,Fashion,2598.2,2,USA,5196.4
O00397,2025-01-12,C031,P010,Formal Shirt,Fashion,1286.99,2,USA,2573.98
O00397,2025-01-12,C031,P001,Smartphone,Electronics,18469.45,2,India,36938.9
O00397,2025-01-12,C031,P009,Jacket,Fashion,2932.91,3,Australia,8798.73
O00398,2025-09-27,C019,P011,Rice 5kg,Groceries,377.4,2,USA,754.8
O00398,2025-09-27,C019,P013,Cooking Oil 1L,Groceries,174.51,2,USA,349.02
O00398,2025-09-27,C019,P012,Wheat Flour 5kg,Groceries,322.0,1,Australia,322.0
O00398,2025-09-27,C019,P024,Dumbbells 5kg,Sports,1282.85,3,Australia,3848.5499999999997
O00398,2025-09-27,C019,P019,Bedsheet,Home & Kitchen,869.13,3,Canada,2607.39
O00399,2025-10-02,C079,P006,T-Shirt,Fashion,722.1,1,Canada,722.1
O00399,2025-10-02,C079,P015,Tea 500g,Groceries,221.36,1,Australia,221.36
O00400,2025-10-21,C180,P007,Jeans,Fashion,1453.77,2,India,2907.54
O00400,2025-10-21,C180,P011,Rice 5kg,Groceries,359.51,3,India,1078.53
O00400,2025-10-21,C180,P023,Yoga Mat,Sports,747.94,2,Canada,1495.88
O00400,2025-10-21,C180,P005,Smartwatch,Electronics,6964.97,2,India,13929.94
O00401,2025-12-09,C108,P003,Headphones,Electronics,2532.61,3,UK,7597.83
O00401,2025-12-09,C108,P006,T-Shirt,Fashion,691.88,3,Canada,2075.64
O00401,2025-12-09,C108,P009,Jacket,Fashion,2983.52,3,UK,8950.56
O00401,2025-12-09,C108,P001,Smartphone,Electronics,17618.51,1,Australia,17618.51
O00401,2025-12-09,C108,P019,Bedsheet,Home & Kitchen,881.74,2,USA,1763.48
O00402,2025-02-14,C036,P015,Tea 500g,Groceries,232.18,1,USA,232.18
O00402,2025-02-14,C036,P005,Smartwatch,Electronics,6980.81,2,UK,13961.62
O00403,2025-10-03,C133,P003,Headphones,Electronics,2633.71,2,Canada,5267.42
O00403,2025-10-03,C133,P002,Laptop,Electronics,52604.87,3,India,157814.61000000002
O00404,2025-03-10,C153,P011,Rice 5kg,Groceries,382.3,3,UK,1146.9
O00404,2025-03-10,C153,P012,Wheat Flour 5kg,Groceries,346.09,3,UK,1038.27
O00404,2025-03-10,C153,P018,Dinner Set,Home & Kitchen,2809.93,2,Canada,5619.86
O00404,2025-03-10,C153,P014,Sugar 1kg,Groceries,57.82,2,USA,115.64
O00404,2025-03-10,C153,P010,Formal Shirt,Fashion,1185.66,1,USA,1185.66
O00405,2025-09-04,C149,P008,Sneakers,Fashion,2603.19,2,Canada,5206.38
O00405,2025-09-04,C149,P014,Sugar 1kg,Groceries,60.24,3,USA,180.72
O00405,2025-09-04,C149,P012,Wheat Flour 5kg,Groceries,309.87,3,India,929.61
O00405,2025-09-04,C149,P016,Mixer Grinder,Home & Kitchen,3261.35,2,India,6522.7
O00406,2025-06-14,C108,P003,Headphones,Electronics,2387.53,3,USA,7162.59
O00407,2025-02-22,C153,P013,Cooking Oil 1L,Groceries,164.15,2,Australia,328.3
O00407,2025-02-22,C153,P010,Formal Shirt,Fashion,1219.2,3,Australia,3657.6000000000004
O00407,2025-02-22,C153,P001,Smartphone,Electronics,18612.01,3,Canada,55836.03
O00407,2025-02-22,C153,P008,Sneakers,Fashion,2617.5,3,Australia,7852.5
O00407,2025-02-22,C153,P019,Bedsheet,Home & Kitchen,962.26,3,Australia,2886.7799999999997
O00408,2025-10-29,C142,P001,Smartphone,Electronics,18502.5,1,UK,18502.5
O00408,2025-10-29,C142,P025,Badminton Racket,Sports,863.29,2,UK,1726.58
O00408,2025-10-29,C142,P002,Laptop,Electronics,55743.26,1,Canada,55743.26
O00409,2025-06-01,C013,P018,Dinner Set,Home & Kitchen,2728.14,3,USA,8184.42
O00409,2025-06-01,C013,P023,Yoga Mat,Sports,759.5,2,USA,1519.0
O00409,2025-06-01,C013,P021,Cricket Bat,Sports,1597.58,3,Canada,4792.74
O00409,2025-06-01,C013,P022,Football,Sports,882.6,1,Australia,882.6
O00410,2025-11-01,C055,P020,Water Bottle,Home & Kitchen,257.52,2,India,515.04
O00410,2025-11-01,C055,P013,Cooking Oil 1L,Groceries,153.56,1,USA,153.56
O00411,2025-03-06,C015,P013,Cooking Oil 1L,Groceries,166.58,2,Canada,333.16
O00411,2025-03-06,C015,P001,Smartphone,Electronics,17658.22,3,Australia,52974.66
O00411,2025-03-06,C015,P021,Cricket Bat,Sports,1467.45,1,Canada,1467.45
O00411,2025-03-06,C015,P012,Wheat Flour 5kg,Groceries,319.7,1,USA,319.7
O00412,2025-06-24,C024,P017,Pressure Cooker,Home & Kitchen,2231.05,1,UK,2231.05
O00412,2025-06-24,C024,P011,Rice 5kg,Groceries,354.93,1,USA,354.93
O00413,2025-12-09,C090,P004,Bluetooth Speaker,Electronics,3675.89,3,Australia,11027.67
O00413,2025-12-09,C090,P018,Dinner Set,Home & Kitchen,2793.3,1,Australia,2793.3
O00413,2025-12-09,C090,P016,Mixer Grinder,Home & Kitchen,3207.07,1,India,3207.07
O00413,2025-12-09,C090,P022,Football,Sports,951.91,3,Australia,2855.73
O00414,2025-11-23,C039,P002,Laptop,Electronics,54268.05,3,USA,162804.15000000002
O00414,2025-11-23,C039,P016,Mixer Grinder,Home & Kitchen,3110.73,2,Canada,6221.46
O00414,2025-11-23,C039,P013,Cooking Oil 1L,Groceries,167.21,2,USA,334.42
O00414,2025-11-23,C039,P025,Badminton Racket,Sports,873.67,2,USA,1747.34
O00414,2025-11-23,C039,P014,Sugar 1kg,Groceries,55.88,2,UK,111.76
O00415,2025-02-22,C150,P014,Sugar 1kg,Groceries,56.16,3,Australia,168.48
O00415,2025-02-22,C150,P005,Smartwatch,Electronics,6799.68,2,India,13599.36
O00415,2025-02-22,C150,P016,Mixer Grinder,Home & Kitchen,3390.98,2,Canada,6781.96
O00415,2025-02-22,C150,P020,Water Bottle,Home & Kitchen,242.4,3,UK,727.2
O00415,2025-02-22,C150,P010,Formal Shirt,Fashion,1278.99,1,India,1278.99
O00416,2025-11-13,C031,P005,Smartwatch,Electronics,7543.34,2,Canada,15086.68
O00416,2025-11-13,C031,P010,Formal Shirt,Fashion,1269.42,2,UK,2538.84
O00416,2025-11-13,C031,P012,Wheat Flour 5kg,Groceries,349.68,3,UK,1049.04
O00416,2025-11-13,C031,P015,Tea 500g,Groceries,236.8,2,Australia,473.6
O00416,2025-11-13,C031,P007,Jeans,Fashion,1588.0,2,USA,3176.0
O00417,2025-09-17,C049,P022,Football,Sports,913.62,2,Canada,1827.24
O00417,2025-09-17,C049,P012,Wheat Flour 5kg,Groceries,313.16,1,UK,313.16
O00417,2025-09-17,C049,P020,Water Bottle,Home & Kitchen,264.05,1,USA,264.05
O00418,2025-07-13,C044,P014,Sugar 1kg,Groceries,60.26,1,USA,60.26
O00418,2025-07-13,C044,P008,Sneakers,Fashion,2532.95,1,Canada,2532.95
O00419,2025-02-06,C143,P017,Pressure Cooker,Home & Kitchen,2175.84,1,UK,2175.84
O00419,2025-02-06,C143,P025,Badminton Racket,Sports,859.76,2,India,1719.52
O00420,2025-09-08,C189,P021,Cricket Bat,Sports,1518.29,3,UK,4554.87
O00420,2025-09-08,C189,P023,Yoga Mat,Sports,755.49,3,Australia,2266.4700000000003
O00420,2025-09-08,C189,P012,Wheat Flour 5kg,Groceries,333.85,2,India,667.7
O00420,2025-09-08,C189,P008,Sneakers,Fashion,2536.54,1,Canada,2536.54
O00421,2025-01-28,C192,P014,Sugar 1kg,Groceries,57.23,1,Canada,57.23
O00421,2025-01-28,C192,P021,Cricket Bat,Sports,1550.47,3,UK,4651.41
O00421,2025-01-28,C192,P015,Tea 500g,Groceries,238.34,3,USA,715.02
O00421,2025-01-28,C192,P025,Badminton Racket,Sports,808.11,3,Australia,2424.33
O00422,2025-10-12,C084,P008,Sneakers,Fashion,2690.2,2,India,5380.4
O00422,2025-10-12,C084,P017,Pressure Cooker,Home & Kitchen,2202.06,2,UK,4404.12
O00423,2025-01-02,C183,P012,Wheat Flour 5kg,Groceries,350.26,3,India,1050.78
O00423,2025-01-02,C183,P011,Rice 5kg,Groceries,336.89,2,Australia,673.78
O00424,2025-08-12,C034,P021,Cricket Bat,Sports,1587.93,3,Australia,4763.79
O00424,2025-08-12,C034,P016,Mixer Grinder,Home & Kitchen,3405.31,2,India,6810.62
O00424,2025-08-12,C034,P008,Sneakers,Fashion,2458.53,3,Australia,7375.59
O00425,2025-03-13,C084,P015,Tea 500g,Groceries,240.28,1,Canada,240.28
O00425,2025-03-13,C084,P021,Cricket Bat,Sports,1607.48,2,Canada,3214.96
O00425,2025-03-13,C084,P013,Cooking Oil 1L,Groceries,158.02,2,Australia,316.04
O00425,2025-03-13,C084,P002,Laptop,Electronics,56458.07,3,Canada,169374.21
O00425,2025-03-13,C084,P024,Dumbbells 5kg,Sports,1148.02,2,Canada,2296.04
O00426,2025-06-01,C091,P024,Dumbbells 5kg,Sports,1308.8,1,UK,1308.8
O00426,2025-06-01,C091,P018,Dinner Set,Home & Kitchen,2822.0,2,Canada,5644.0
O00426,2025-06-01,C091,P020,Water Bottle,Home & Kitchen,245.24,2,India,490.48
O00426,2025-06-01,C091,P014,Sugar 1kg,Groceries,54.04,3,USA,162.12
O00426,2025-06-01,C091,P012,Wheat Flour 5kg,Groceries,318.08,3,India,954.24
O00427,2025-01-25,C191,P011,Rice 5kg,Groceries,376.39,1,India,376.39
O00427,2025-01-25,C191,P003,Headphones,Electronics,2564.24,2,UK,5128.48
O00427,2025-01-25,C191,P015,Tea 500g,Groceries,217.9,2,USA,435.8
O00427,2025-01-25,C191,P009,Jacket,Fashion,2857.44,1,UK,2857.44
O00428,2025-11-26,C057,P001,Smartphone,Electronics,18957.91,1,Australia,18957.91
O00428,2025-11-26,C057,P008,Sneakers,Fashion,2501.26,2,India,5002.52
O00428,2025-11-26,C057,P003,Headphones,Electronics,2462.36,3,India,7387.08
O00429,2025-01-14,C178,P014,Sugar 1kg,Groceries,53.22,3,UK,159.66
O00429,2025-01-14,C178,P011,Rice 5kg,Groceries,337.22,3,Canada,1011.6600000000001
O00429,2025-01-14,C178,P018,Dinner Set,Home & Kitchen,2868.11,3,USA,8604.33
O00430,2025-12-16,C087,P019,Bedsheet,Home & Kitchen,957.71,1,Canada,957.71
O00430,2025-12-16,C087,P023,Yoga Mat,Sports,666.97,2,Australia,1333.94
O00431,2025-06-30,C191,P016,Mixer Grinder,Home & Kitchen,3468.42,2,India,6936.84
O00431,2025-06-30,C191,P020,Water Bottle,Home & Kitchen,253.6,1,Australia,253.6
O00431,2025-06-30,C191,P005,Smartwatch,Electronics,7262.26,1,India,7262.26
O00431,2025-06-30,C191,P012,Wheat Flour 5kg,Groceries,345.65,1,USA,345.65
O00431,2025-06-30,C191,P015,Tea 500g,Groceries,226.07,1,UK,226.07
O00432,2025-02-20,C171,P007,Jeans,Fashion,1644.44,1,Canada,1644.44
O00433,2025-08-17,C108,P006,T-Shirt,Fashion,735.06,3,Australia,2205.18
O00433,2025-08-17,C108,P022,Football,Sports,870.5,2,UK,1741.0
O00433,2025-08-17,C108,P008,Sneakers,Fashion,2394.4,3,Canada,7183.200000000001
O00433,2025-08-17,C108,P023,Yoga Mat,Sports,676.06,3,UK,2028.1799999999998
O00434,2025-08-19,C023,P001,Smartphone,Electronics,19797.55,2,USA,39595.1
O00434,2025-08-19,C023,P003,Headphones,Electronics,2652.39,3,Australia,7957.17
O00434,2025-08-19,C023,P021,Cricket Bat,Sports,1614.82,1,Australia,1614.82
O00434,2025-08-19,C023,P009,Jacket,Fashion,2893.97,1,USA,2893.97
O00435,2025-05-25,C160,P017,Pressure Cooker,Home & Kitchen,2282.92,1,UK,2282.92
O00436,2025-08-04,C004,P024,Dumbbells 5kg,Sports,1161.4,3,India,3484.2000000000003
O00436,2025-08-04,C004,P006,T-Shirt,Fashion,765.64,3,Canada,2296.92
O00436,2025-08-04,C004,P019,Bedsheet,Home & Kitchen,930.65,1,USA,930.65
O00436,2025-08-04,C004,P015,Tea 500g,Groceries,231.26,3,UK,693.78
O00436,2025-08-04,C004,P018,Dinner Set,Home & Kitchen,2869.67,1,India,2869.67
O00437,2025-07-07,C149,P001,Smartphone,Electronics,18728.93,1,Canada,18728.93
O00437,2025-07-07,C149,P009,Jacket,Fashion,3263.82,1,USA,3263.82
O00437,2025-07-07,C149,P002,Laptop,Electronics,60410.77,2,UK,120821.54
O00437,2025-07-07,C149,P014,Sugar 1kg,Groceries,60.48,1,Canada,60.48
O00437,2025-07-07,C149,P017,Pressure Cooker,Home & Kitchen,2367.94,3,Australia,7103.82
O00438,2025-03-28,C102,P019,Bedsheet,Home & Kitchen,887.35,3,Australia,2662.05
O00438,2025-03-28,C102,P021,Cricket Bat,Sports,1633.04,2,India,3266.08
O00438,2025-03-28,C102,P016,Mixer Grinder,Home & Kitchen,3170.77,3,Canada,9512.31
O00438,2025-03-28,C102,P006,T-Shirt,Fashion,681.42,1,Australia,681.42
O00438,2025-03-28,C102,P012,Wheat Flour 5kg,Groceries,306.37,3,UK,919.11
O00439,2025-01-03,C053,P016,Mixer Grinder,Home & Kitchen,3338.85,1,UK,3338.85
O00439,2025-01-03,C053,P006,T-Shirt,Fashion,755.36,1,India,755.36
O00439,2025-01-03,C053,P003,Headphones,Electronics,2635.73,1,Australia,2635.73
O00439,2025-01-03,C053,P009,Jacket,Fashion,3148.6,1,Canada,3148.6
O00440,2025-09-21,C027,P017,Pressure Cooker,Home & Kitchen,2314.4,3,India,6943.200000000001
O00440,2025-09-21,C027,P025,Badminton Racket,Sports,770.2,3,India,2310.6000000000004
O00440,2025-09-21,C027,P021,Cricket Bat,Sports,1521.47,1,USA,1521.47
O00440,2025-09-21,C027,P019,Bedsheet,Home & Kitchen,961.86,1,Australia,961.86
O00440,2025-09-21,C027,P001,Smartphone,Electronics,19604.64,3,USA,58813.92
O00441,2025-02-17,C018,P025,Badminton Racket,Sports,874.92,3,India,2624.7599999999998
O00442,2025-01-15,C172,P008,Sneakers,Fashion,2647.48,2,UK,5294.96
O00442,2025-01-15,C172,P025,Badminton Racket,Sports,787.16,1,UK,787.16
O00442,2025-01-15,C172,P022,Football,Sports,932.61,2,Australia,1865.22
O00442,2025-01-15,C172,P009,Jacket,Fashion,3110.42,3,India,9331.26
O00442,2025-01-15,C172,P017,Pressure Cooker,Home & Kitchen,2397.09,3,USA,7191.27
O00443,2025-09-25,C171,P020,Water Bottle,Home & Kitchen,250.5,3,USA,751.5
O00443,2025-09-25,C171,P011,Rice 5kg,Groceries,347.67,3,UK,1043.01
O00443,2025-09-25,C171,P014,Sugar 1kg,Groceries,56.92,1,USA,56.92
O00444,2025-10-29,C053,P023,Yoga Mat,Sports,744.69,2,India,1489.38
O00444,2025-10-29,C053,P015,Tea 500g,Groceries,223.08,3,India,669.24
O00444,2025-10-29,C053,P008,Sneakers,Fashion,2646.04,2,India,5292.08
O00444,2025-10-29,C053,P022,Football,Sports,865.34,2,UK,1730.68
O00444,2025-10-29,C053,P007,Jeans,Fashion,1602.51,2,UK,3205.02
O00445,2025-03-16,C118,P022,Football,Sports,970.05,2,Australia,1940.1
O00445,2025-03-16,C118,P023,Yoga Mat,Sports,765.89,2,USA,1531.78
O00445,2025-03-16,C118,P013,Cooking Oil 1L,Groceries,156.2,2,India,312.4
O00445,2025-03-16,C118,P012,Wheat Flour 5kg,Groceries,335.13,3,USA,1005.39
O00445,2025-03-16,C118,P015,Tea 500g,Groceries,234.7,1,India,234.7
O00446,2025-03-11,C160,P011,Rice 5kg,Groceries,352.29,1,Australia,352.29
O00447,2025-02-07,C038,P015,Tea 500g,Groceries,228.43,2,Canada,456.86
O00448,2025-11-24,C004,P018,Dinner Set,Home & Kitchen,2866.52,1,USA,2866.52
O00448,2025-11-24,C004,P017,Pressure Cooker,Home & Kitchen,2315.22,2,India,4630.44
O00448,2025-11-24,C004,P012,Wheat Flour 5kg,Groceries,319.76,2,India,639.52
O00448,2025-11-24,C004,P010,Formal Shirt,Fashion,1175.25,2,UK,2350.5
O00448,2025-11-24,C004,P023,Yoga Mat,Sports,715.98,1,Canada,715.98
O00449,2025-07-28,C040,P015,Tea 500g,Groceries,211.72,2,India,423.44
O00450,2025-08-20,C115,P002,Laptop,Electronics,55246.78,2,USA,110493.56
O00451,2025-10-05,C049,P019,Bedsheet,Home & Kitchen,900.76,1,UK,900.76
O00451,2025-10-05,C049,P016,Mixer Grinder,Home & Kitchen,3245.18,1,USA,3245.18
O00452,2025-04-06,C117,P001,Smartphone,Electronics,18048.29,3,Australia,54144.87
O00452,2025-04-06,C117,P024,Dumbbells 5kg,Sports,1142.23,3,Australia,3426.69
O00453,2025-01-05,C074,P013,Cooking Oil 1L,Groceries,172.3,1,India,172.3
O00453,2025-01-05,C074,P020,Water Bottle,Home & Kitchen,269.93,1,USA,269.93
O00454,2025-06-09,C161,P016,Mixer Grinder,Home & Kitchen,3111.09,3,India,9333.27
O00454,2025-06-09,C161,P014,Sugar 1kg,Groceries,55.72,1,UK,55.72
O00454,2025-06-09,C161,P025,Badminton Racket,Sports,861.94,1,UK,861.94
O00455,2025-12-02,C085,P024,Dumbbells 5kg,Sports,1309.33,3,India,3927.99
O00456,2025-07-18,C074,P024,Dumbbells 5kg,Sports,1298.42,3,Canada,3895.26
O00456,2025-07-18,C074,P020,Water Bottle,Home & Kitchen,273.95,2,USA,547.9
O00456,2025-07-18,C074,P010,Formal Shirt,Fashion,1158.2,1,UK,1158.2
O00456,2025-07-18,C074,P006,T-Shirt,Fashion,725.18,2,India,1450.36
O00456,2025-07-18,C074,P023,Yoga Mat,Sports,703.5,2,India,1407.0
O00457,2025-04-19,C093,P019,Bedsheet,Home & Kitchen,875.75,3,India,2627.25
O00457,2025-04-19,C093,P003,Headphones,Electronics,2591.25,2,Canada,5182.5
O00457,2025-04-19,C093,P012,Wheat Flour 5kg,Groceries,337.36,1,USA,337.36
O00457,2025-04-19,C093,P017,Pressure Cooker,Home & Kitchen,2351.05,2,Canada,4702.1
O00457,2025-04-19,C093,P013,Cooking Oil 1L,Groceries,170.99,1,UK,170.99
O00458,2025-06-13,C020,P016,Mixer Grinder,Home & Kitchen,3367.13,1,Canada,3367.13
O00459,2025-10-24,C193,P011,Rice 5kg,Groceries,350.14,2,Canada,700.28
O00459,2025-10-24,C193,P014,Sugar 1kg,Groceries,54.72,2,India,109.44
O00459,2025-10-24,C193,P009,Jacket,Fashion,3219.6,1,Canada,3219.6
O00460,2025-07-23,C171,P020,Water Bottle,Home & Kitchen,261.81,2,Australia,523.62
O00460,2025-07-23,C171,P003,Headphones,Electronics,2718.31,3,Canada,8154.93
O00460,2025-07-23,C171,P008,Sneakers,Fashion,2742.71,3,Australia,8228.130000000001
O00460,2025-07-23,C171,P023,Yoga Mat,Sports,689.75,3,India,2069.25
O00460,2025-07-23,C171,P001,Smartphone,Electronics,18863.83,1,USA,18863.83
O00461,2025-11-29,C158,P002,Laptop,Electronics,54745.36,3,USA,164236.08000000002
O00461,2025-11-29,C158,P017,Pressure Cooker,Home & Kitchen,2281.81,3,Australia,6845.43
O00461,2025-11-29,C158,P020,Water Bottle,Home & Kitchen,248.52,3,UK,745.5600000000001
O00461,2025-11-29,C158,P003,Headphones,Electronics,2518.44,2,Australia,5036.88
O00462,2025-06-05,C065,P010,Formal Shirt,Fashion,1178.97,2,Australia,2357.94
O00462,2025-06-05,C065,P021,Cricket Bat,Sports,1597.14,2,Australia,3194.28
O00462,2025-06-05,C065,P001,Smartphone,Electronics,17730.96,3,UK,53192.88
O00462,2025-06-05,C065,P004,Bluetooth Speaker,Electronics,3530.21,2,USA,7060.42
O00463,2025-03-23,C146,P002,Laptop,Electronics,54403.8,2,India,108807.6
O00464,2025-09-03,C138,P017,Pressure Cooker,Home & Kitchen,2327.2,3,USA,6981.599999999999
O00465,2025-08-09,C025,P022,Football,Sports,979.77,3,USA,2939.31
O00465,2025-08-09,C025,P006,T-Shirt,Fashion,748.35,3,UK,2245.05
O00465,2025-08-09,C025,P011,Rice 5kg,Groceries,364.17,3,Australia,1092.51
O00465,2025-08-09,C025,P003,Headphones,Electronics,2542.19,3,Canada,7626.57
O00465,2025-08-09,C025,P020,Water Bottle,Home & Kitchen,268.85,2,India,537.7
O00466,2025-12-28,C029,P015,Tea 500g,Groceries,214.71,3,Canada,644.13
O00467,2025-04-25,C044,P021,Cricket Bat,Sports,1532.17,2,UK,3064.34
O00467,2025-04-25,C044,P019,Bedsheet,Home & Kitchen,937.34,3,USA,2812.02
O00467,2025-04-25,C044,P005,Smartwatch,Electronics,7227.95,3,USA,21683.85
O00467,2025-04-25,C044,P018,Dinner Set,Home & Kitchen,2707.33,2,UK,5414.66
O00468,2025-12-12,C029,P023,Yoga Mat,Sports,689.47,3,Australia,2068.41
O00468,2025-12-12,C029,P022,Football,Sports,866.27,3,UK,2598.81
O00468,2025-12-12,C029,P006,T-Shirt,Fashion,726.19,3,Australia,2178.57
O00468,2025-12-12,C029,P019,Bedsheet,Home & Kitchen,880.19,1,India,880.19
O00469,2025-02-11,C110,P011,Rice 5kg,Groceries,365.45,3,India,1096.35
O00469,2025-02-11,C110,P006,T-Shirt,Fashion,696.4,3,USA,2089.2
O00469,2025-02-11,C110,P007,Jeans,Fashion,1586.48,3,UK,4759.4400000000005
O00469,2025-02-11,C110,P009,Jacket,Fashion,2930.34,3,UK,8791.02
O00470,2025-09-03,C178,P019,Bedsheet,Home & Kitchen,881.25,1,India,881.25
O00470,2025-09-03,C178,P012,Wheat Flour 5kg,Groceries,327.09,1,Canada,327.09
O00471,2025-11-10,C131,P010,Formal Shirt,Fashion,1166.43,2,India,2332.86
O00472,2025-07-31,C110,P011,Rice 5kg,Groceries,362.51,1,India,362.51
O00472,2025-07-31,C110,P005,Smartwatch,Electronics,7475.61,3,India,22426.829999999998
O00472,2025-07-31,C110,P007,Jeans,Fashion,1637.21,1,Australia,1637.21
O00472,2025-07-31,C110,P001,Smartphone,Electronics,17326.54,3,India,51979.62
O00473,2025-04-02,C007,P002,Laptop,Electronics,60215.52,2,UK,120431.04
O00474,2025-07-31,C031,P019,Bedsheet,Home & Kitchen,910.55,2,Canada,1821.1
O00474,2025-07-31,C031,P020,Water Bottle,Home & Kitchen,255.76,2,UK,511.52
O00474,2025-07-31,C031,P005,Smartwatch,Electronics,7096.78,2,India,14193.56
O00474,2025-07-31,C031,P011,Rice 5kg,Groceries,379.08,3,USA,1137.24
O00475,2025-10-20,C021,P017,Pressure Cooker,Home & Kitchen,2400.03,1,Canada,2400.03
O00475,2025-10-20,C021,P004,Bluetooth Speaker,Electronics,3556.28,2,Canada,7112.56
O00476,2025-12-13,C047,P007,Jeans,Fashion,1616.12,2,Australia,3232.24
O00476,2025-12-13,C047,P011,Rice 5kg,Groceries,354.59,1,USA,354.59
O00476,2025-12-13,C047,P019,Bedsheet,Home & Kitchen,986.39,3,USA,2959.17
O00476,2025-12-13,C047,P001,Smartphone,Electronics,18024.57,3,India,54073.71
O00477,2025-04-22,C079,P019,Bedsheet,Home & Kitchen,979.36,2,UK,1958.72
O00477,2025-04-22,C079,P025,Badminton Racket,Sports,771.19,3,India,2313.57
O00477,2025-04-22,C079,P022,Football,Sports,977.6,3,Canada,2932.8
O00477,2025-04-22,C079,P004,Bluetooth Speaker,Electronics,3328.22,2,Canada,6656.44
O00477,2025-04-22,C079,P015,Tea 500g,Groceries,238.99,3,UK,716.97
O00478,2025-04-09,C014,P012,Wheat Flour 5kg,Groceries,344.64,1,Australia,344.64
O00479,2025-02-10,C021,P003,Headphones,Electronics,2496.22,1,India,2496.22
O00480,2025-04-22,C099,P014,Sugar 1kg,Groceries,57.09,3,Canada,171.27
O00480,2025-04-22,C099,P007,Jeans,Fashion,1480.37,3,Australia,4441.11
O00480,2025-04-22,C099,P022,Football,Sports,911.41,1,USA,911.41
O00480,2025-04-22,C099,P017,Pressure Cooker,Home & Kitchen,2140.82,3,India,6422.460000000001
O00480,2025-04-22,C099,P021,Cricket Bat,Sports,1477.45,2,UK,2954.9
O00481,2025-01-28,C159,P012,Wheat Flour 5kg,Groceries,345.4,1,UK,345.4
O00481,2025-01-28,C159,P006,T-Shirt,Fashion,678.44,1,USA,678.44
O00481,2025-01-28,C159,P020,Water Bottle,Home & Kitchen,245.55,1,Australia,245.55
O00481,2025-01-28,C159,P009,Jacket,Fashion,3008.46,3,USA,9025.380000000001
O00481,2025-01-28,C159,P001,Smartphone,Electronics,19325.35,2,Australia,38650.7
O00482,2025-02-01,C049,P005,Smartwatch,Electronics,7337.57,3,USA,22012.71
O00482,2025-02-01,C049,P011,Rice 5kg,Groceries,335.99,3,India,1007.97
O00482,2025-02-01,C049,P012,Wheat Flour 5kg,Groceries,309.04,3,Canada,927.1200000000001
O00482,2025-02-01,C049,P020,Water Bottle,Home & Kitchen,270.0,2,Canada,540.0
O00482,2025-02-01,C049,P002,Laptop,Electronics,59244.01,3,USA,177732.03
O00483,2025-06-11,C072,P018,Dinner Set,Home & Kitchen,2842.26,1,USA,2842.26
O00483,2025-06-11,C072,P025,Badminton Racket,Sports,767.48,2,USA,1534.96
O00484,2025-09-05,C134,P006,T-Shirt,Fashion,742.09,1,Australia,742.09
O00484,2025-09-05,C134,P011,Rice 5kg,Groceries,354.51,3,Australia,1063.53
O00484,2025-09-05,C134,P001,Smartphone,Electronics,18370.46,1,India,18370.46
O00484,2025-09-05,C134,P024,Dumbbells 5kg,Sports,1296.23,1,Australia,1296.23
O00485,2025-01-05,C125,P008,Sneakers,Fashion,2593.17,3,Canada,7779.51
O00485,2025-01-05,C125,P010,Formal Shirt,Fashion,1195.15,2,USA,2390.3
O00485,2025-01-05,C125,P013,Cooking Oil 1L,Groceries,174.0,3,Canada,522.0
O00485,2025-01-05,C125,P005,Smartwatch,Electronics,7532.35,2,Australia,15064.7
O00485,2025-01-05,C125,P024,Dumbbells 5kg,Sports,1178.99,2,India,2357.98
O00486,2025-10-31,C041,P023,Yoga Mat,Sports,693.4,2,Australia,1386.8
O00486,2025-10-31,C041,P014,Sugar 1kg,Groceries,53.45,2,India,106.9
O00486,2025-10-31,C041,P013,Cooking Oil 1L,Groceries,168.21,3,India,504.63
O00486,2025-10-31,C041,P007,Jeans,Fashion,1581.07,1,USA,1581.07
O00487,2025-08-11,C076,P022,Football,Sports,867.8,3,USA,2603.3999999999996
O00488,2025-09-22,C184,P001,Smartphone,Electronics,19533.97,1,UK,19533.97
O00488,2025-09-22,C184,P005,Smartwatch,Electronics,6717.9,1,USA,6717.9
O00488,2025-09-22,C184,P022,Football,Sports,961.67,1,Australia,961.67
O00489,2025-05-16,C014,P017,Pressure Cooker,Home & Kitchen,2267.02,2,Australia,4534.04
O00489,2025-05-16,C014,P006,T-Shirt,Fashion,692.55,3,Canada,2077.6499999999996
O00489,2025-05-16,C014,P004,Bluetooth Speaker,Electronics,3811.81,2,UK,7623.62
O00489,2025-05-16,C014,P013,Cooking Oil 1L,Groceries,164.31,2,Australia,328.62
O00489,2025-05-16,C014,P011,Rice 5kg,Groceries,342.29,1,Canada,342.29
O00490,2025-11-14,C065,P005,Smartwatch,Electronics,7132.28,2,Australia,14264.56
O00490,2025-11-14,C065,P015,Tea 500g,Groceries,230.51,3,USA,691.53
O00491,2025-07-12,C145,P015,Tea 500g,Groceries,231.01,2,USA,462.02
O00491,2025-07-12,C145,P007,Jeans,Fashion,1635.16,1,Australia,1635.16
O00491,2025-07-12,C145,P001,Smartphone,Electronics,17154.92,1,India,17154.92
O00491,2025-07-12,C145,P004,Bluetooth Speaker,Electronics,3343.66,2,USA,6687.32
O00491,2025-07-12,C145,P018,Dinner Set,Home & Kitchen,2784.88,3,UK,8354.64
O00492,2025-01-28,C101,P005,Smartwatch,Electronics,7637.49,1,India,7637.49
O00492,2025-01-28,C101,P015,Tea 500g,Groceries,214.3,2,USA,428.6
O00493,2025-12-24,C074,P005,Smartwatch,Electronics,7290.21,3,Canada,21870.63
O00493,2025-12-24,C074,P021,Cricket Bat,Sports,1528.34,3,Canada,4585.0199999999995
O00493,2025-12-24,C074,P011,Rice 5kg,Groceries,368.94,1,India,368.94
O00494,2025-02-07,C039,P008,Sneakers,Fashion,2701.16,3,Australia,8103.48
O00494,2025-02-07,C039,P017,Pressure Cooker,Home & Kitchen,2204.34,2,USA,4408.68
O00494,2025-02-07,C039,P015,Tea 500g,Groceries,217.66,2,India,435.32
O00494,2025-02-07,C039,P018,Dinner Set,Home & Kitchen,2705.32,2,India,5410.64
O00495,2025-05-16,C077,P024,Dumbbells 5kg,Sports,1173.91,2,Canada,2347.82
O00495,2025-05-16,C077,P004,Bluetooth Speaker,Electronics,3584.29,3,Australia,10752.869999999999
O00495,2025-05-16,C077,P016,Mixer Grinder,Home & Kitchen,3071.48,3,UK,9214.44
O00495,2025-05-16,C077,P023,Yoga Mat,Sports,694.44,1,UK,694.44
O00495,2025-05-16,C077,P015,Tea 500g,Groceries,215.02,3,UK,645.0600000000001
O00496,2025-05-29,C078,P003,Headphones,Electronics,2635.5,2,UK,5271.0
O00497,2025-03-19,C070,P013,Cooking Oil 1L,Groceries,157.42,3,India,472.26
O00497,2025-03-19,C070,P003,Headphones,Electronics,2395.99,3,USA,7187.969999999999
O00497,2025-03-19,C070,P008,Sneakers,Fashion,2723.74,2,USA,5447.48
O00498,2025-03-01,C027,P001,Smartphone,Electronics,17324.69,3,Australia,51974.06999999999
O00498,2025-03-01,C027,P005,Smartwatch,Electronics,7074.48,1,Canada,7074.48
O00498,2025-03-01,C027,P011,Rice 5kg,Groceries,348.39,3,Australia,1045.17
O00498,2025-03-01,C027,P024,Dumbbells 5kg,Sports,1207.47,1,Australia,1207.47
O00499,2025-05-01,C050,P009,Jacket,Fashion,3128.61,1,Canada,3128.61
O00499,2025-05-01,C050,P021,Cricket Bat,Sports,1439.37,2,Australia,2878.74
O00500,2025-04-27,C086,P015,Tea 500g,Groceries,215.74,2,USA,431.48
O00500,2025-04-27,C086,P009,Jacket,Fashion,2982.92,2,India,5965.84
O00501,2025-10-17,C020,P013,Cooking Oil 1L,Groceries,169.84,3,Australia,509.52
O00502,2025-10-04,C031,P023,Yoga Mat,Sports,747.89,3,USA,2243.67
O00502,2025-10-04,C031,P010,Formal Shirt,Fashion,1215.21,3,India,3645.63
O00502,2025-10-04,C031,P017,Pressure Cooker,Home & Kitchen,2097.24,3,Canada,6291.719999999999
O00503,2025-01-16,C191,P017,Pressure Cooker,Home & Kitchen,2270.42,1,Australia,2270.42
O00503,2025-01-16,C191,P008,Sneakers,Fashion,2518.13,1,UK,2518.13
O00504,2025-11-01,C007,P021,Cricket Bat,Sports,1624.19,1,USA,1624.19
O00504,2025-11-01,C007,P020,Water Bottle,Home & Kitchen,263.66,3,USA,790.98
O00504,2025-11-01,C007,P011,Rice 5kg,Groceries,360.55,3,Australia,1081.65
O00504,2025-11-01,C007,P015,Tea 500g,Groceries,218.4,1,USA,218.4
O00504,2025-11-01,C007,P016,Mixer Grinder,Home & Kitchen,3264.0,1,USA,3264.0
O00505,2025-09-14,C057,P012,Wheat Flour 5kg,Groceries,311.26,3,Canada,933.78
O00505,2025-09-14,C057,P022,Football,Sports,871.48,2,India,1742.96
O00505,2025-09-14,C057,P021,Cricket Bat,Sports,1472.59,3,UK,4417.7699999999995
O00505,2025-09-14,C057,P003,Headphones,Electronics,2714.7,3,UK,8144.099999999999
O00506,2025-02-27,C096,P020,Water Bottle,Home & Kitchen,243.64,3,USA,730.92
O00507,2025-10-06,C171,P016,Mixer Grinder,Home & Kitchen,3085.99,1,USA,3085.99
O00507,2025-10-06,C171,P004,Bluetooth Speaker,Electronics,3755.12,3,India,11265.36
O00507,2025-10-06,C171,P025,Badminton Racket,Sports,872.52,3,USA,2617.56
O00507,2025-10-06,C171,P021,Cricket Bat,Sports,1509.54,1,USA,1509.54
O00507,2025-10-06,C171,P009,Jacket,Fashion,3237.39,2,Australia,6474.78
O00508,2025-01-13,C135,P021,Cricket Bat,Sports,1475.07,3,India,4425.21
O00509,2025-12-07,C155,P004,Bluetooth Speaker,Electronics,3468.35,2,UK,6936.7
O00509,2025-12-07,C155,P008,Sneakers,Fashion,2492.19,2,India,4984.38
O00509,2025-12-07,C155,P018,Dinner Set,Home & Kitchen,2766.79,3,Canada,8300.369999999999
O00510,2025-05-18,C004,P008,Sneakers,Fashion,2418.35,2,UK,4836.7
O00510,2025-05-18,C004,P025,Badminton Racket,Sports,850.52,1,India,850.52
O00510,2025-05-18,C004,P005,Smartwatch,Electronics,6784.54,3,UK,20353.62
O00511,2025-05-25,C079,P006,T-Shirt,Fashion,750.5,3,Australia,2251.5
O00511,2025-05-25,C079,P014,Sugar 1kg,Groceries,59.79,3,USA,179.37
O00512,2025-05-03,C120,P016,Mixer Grinder,Home & Kitchen,3089.68,3,Australia,9269.039999999999
O00512,2025-05-03,C120,P014,Sugar 1kg,Groceries,59.83,2,Canada,119.66
O00512,2025-05-03,C120,P002,Laptop,Electronics,52360.91,1,USA,52360.91
O00512,2025-05-03,C120,P009,Jacket,Fashion,3048.06,2,Australia,6096.12
O00512,2025-05-03,C120,P007,Jeans,Fashion,1578.76,1,India,1578.76
O00513,2025-12-20,C164,P017,Pressure Cooker,Home & Kitchen,2155.38,2,Canada,4310.76
O00514,2025-08-15,C049,P009,Jacket,Fashion,3291.14,2,USA,6582.28
O00515,2025-02-09,C115,P010,Formal Shirt,Fashion,1313.38,3,India,3940.1400000000003
O00515,2025-02-09,C115,P022,Football,Sports,865.77,2,Australia,1731.54
O00515,2025-02-09,C115,P009,Jacket,Fashion,3140.97,1,USA,3140.97
O00516,2025-10-06,C120,P009,Jacket,Fashion,3119.86,2,India,6239.72
O00516,2025-10-06,C120,P021,Cricket Bat,Sports,1427.07,1,USA,1427.07
O00516,2025-10-06,C120,P019,Bedsheet,Home & Kitchen,968.77,3,USA,2906.31
O00517,2025-05-15,C087,P012,Wheat Flour 5kg,Groceries,327.37,2,USA,654.74
O00517,2025-05-15,C087,P021,Cricket Bat,Sports,1631.16,1,Australia,1631.16
O00517,2025-05-15,C087,P025,Badminton Racket,Sports,855.99,1,USA,855.99
O00518,2025-04-21,C149,P016,Mixer Grinder,Home & Kitchen,3047.51,2,UK,6095.02
O00518,2025-04-21,C149,P017,Pressure Cooker,Home & Kitchen,2251.52,1,Australia,2251.52
O00519,2025-12-05,C121,P008,Sneakers,Fashion,2382.24,1,India,2382.24
O00519,2025-12-05,C121,P007,Jeans,Fashion,1499.33,1,India,1499.33
O00520,2025-05-15,C033,P016,Mixer Grinder,Home & Kitchen,3426.63,2,Canada,6853.26
O00520,2025-05-15,C033,P010,Formal Shirt,Fashion,1161.73,1,UK,1161.73
O00520,2025-05-15,C033,P012,Wheat Flour 5kg,Groceries,331.02,2,India,662.04
O00520,2025-05-15,C033,P003,Headphones,Electronics,2738.81,3,USA,8216.43
O00520,2025-05-15,C033,P025,Badminton Racket,Sports,790.02,2,Australia,1580.04
O00521,2025-03-09,C077,P015,Tea 500g,Groceries,209.52,2,USA,419.04
O00521,2025-03-09,C077,P019,Bedsheet,Home & Kitchen,941.6,3,UK,2824.8
O00521,2025-03-09,C077,P013,Cooking Oil 1L,Groceries,159.27,2,UK,318.54
O00521,2025-03-09,C077,P020,Water Bottle,Home & Kitchen,244.51,1,India,244.51
O00521,2025-03-09,C077,P004,Bluetooth Speaker,Electronics,3494.82,2,USA,6989.64
O00522,2025-05-19,C189,P020,Water Bottle,Home & Kitchen,248.21,1,India,248.21
O00522,2025-05-19,C189,P025,Badminton Racket,Sports,844.58,2,Canada,1689.16
O00522,2025-05-19,C189,P022,Football,Sports,902.17,3,USA,2706.5099999999998
O00522,2025-05-19,C189,P024,Dumbbells 5kg,Sports,1236.72,2,UK,2473.44
O00522,2025-05-19,C189,P014,Sugar 1kg,Groceries,56.47,1,UK,56.47
O00523,2025-05-23,C171,P007,Jeans,Fashion,1494.91,1,USA,1494.91
O00523,2025-05-23,C171,P011,Rice 5kg,Groceries,341.45,1,Australia,341.45
O00524,2025-04-29,C056,P022,Football,Sports,913.51,3,UK,2740.5299999999997
O00524,2025-04-29,C056,P010,Formal Shirt,Fashion,1307.36,3,Canada,3922.08
O00524,2025-04-29,C056,P017,Pressure Cooker,Home & Kitchen,2096.01,1,India,2096.01
O00524,2025-04-29,C056,P002,Laptop,Electronics,56286.98,2,UK,112573.96
O00525,2025-10-26,C126,P020,Water Bottle,Home & Kitchen,273.39,3,Canada,820.17
O00525,2025-10-26,C126,P011,Rice 5kg,Groceries,378.77,2,UK,757.54
O00525,2025-10-26,C126,P009,Jacket,Fashion,3086.02,2,UK,6172.04
O00526,2025-01-25,C148,P004,Bluetooth Speaker,Electronics,3630.93,3,Canada,10892.789999999999
O00526,2025-01-25,C148,P015,Tea 500g,Groceries,236.64,2,Australia,473.28
O00526,2025-01-25,C148,P011,Rice 5kg,Groceries,374.83,3,Canada,1124.49
O00527,2025-09-19,C176,P001,Smartphone,Electronics,17357.95,1,UK,17357.95
O00527,2025-09-19,C176,P011,Rice 5kg,Groceries,376.04,2,UK,752.08
O00527,2025-09-19,C176,P005,Smartwatch,Electronics,6824.59,3,UK,20473.77
O00527,2025-09-19,C176,P002,Laptop,Electronics,59660.81,1,USA,59660.81
O00528,2025-05-04,C121,P025,Badminton Racket,Sports,852.16,3,USA,2556.48
O00528,2025-05-04,C121,P021,Cricket Bat,Sports,1600.55,1,UK,1600.55
O00528,2025-05-04,C121,P006,T-Shirt,Fashion,721.03,2,UK,1442.06
O00528,2025-05-04,C121,P005,Smartwatch,Electronics,7462.72,1,Australia,7462.72
O00528,2025-05-04,C121,P018,Dinner Set,Home & Kitchen,2839.75,3,India,8519.25
O00529,2025-01-18,C086,P017,Pressure Cooker,Home & Kitchen,2138.95,1,Australia,2138.95
O00529,2025-01-18,C086,P023,Yoga Mat,Sports,703.87,2,UK,1407.74
O00530,2025-05-25,C126,P009,Jacket,Fashion,3154.72,1,USA,3154.72
O00530,2025-05-25,C126,P020,Water Bottle,Home & Kitchen,253.38,2,Australia,506.76
O00530,2025-05-25,C126,P005,Smartwatch,Electronics,7459.82,3,UK,22379.46
O00530,2025-05-25,C126,P017,Pressure Cooker,Home & Kitchen,2121.12,3,India,6363.36
O00530,2025-05-25,C126,P011,Rice 5kg,Groceries,384.12,3,Canada,1152.3600000000001
O00531,2025-05-03,C085,P022,Football,Sports,945.86,3,Canada,2837.58
O00531,2025-05-03,C085,P024,Dumbbells 5kg,Sports,1146.41,1,India,1146.41
O00532,2025-06-17,C019,P025,Badminton Racket,Sports,766.25,3,Canada,2298.75
O00532,2025-06-17,C019,P002,Laptop,Electronics,55796.0,1,India,55796.0
O00532,2025-06-17,C019,P014,Sugar 1kg,Groceries,58.76,2,USA,117.52
O00532,2025-06-17,C019,P024,Dumbbells 5kg,Sports,1145.23,3,USA,3435.69
O00532,2025-06-17,C019,P018,Dinner Set,Home & Kitchen,2693.07,1,Canada,2693.07
O00533,2025-01-29,C041,P001,Smartphone,Electronics,18428.85,1,USA,18428.85
O00533,2025-01-29,C041,P006,T-Shirt,Fashion,712.78,2,UK,1425.56
O00533,2025-01-29,C041,P002,Laptop,Electronics,59835.29,2,USA,119670.58
O00533,2025-01-29,C041,P003,Headphones,Electronics,2644.81,3,UK,7934.43
O00533,2025-01-29,C041,P008,Sneakers,Fashion,2521.86,2,Canada,5043.72
O00534,2025-09-26,C179,P012,Wheat Flour 5kg,Groceries,351.99,1,USA,351.99
O00534,2025-09-26,C179,P024,Dumbbells 5kg,Sports,1183.8,1,Australia,1183.8
O00534,2025-09-26,C179,P025,Badminton Racket,Sports,878.25,2,Australia,1756.5
O00534,2025-09-26,C179,P020,Water Bottle,Home & Kitchen,249.2,1,Australia,249.2
O00535,2025-01-22,C107,P023,Yoga Mat,Sports,676.06,1,Australia,676.06
O00536,2025-03-26,C040,P014,Sugar 1kg,Groceries,59.2,1,India,59.2
O00536,2025-03-26,C040,P017,Pressure Cooker,Home & Kitchen,2166.28,2,USA,4332.56
O00536,2025-03-26,C040,P013,Cooking Oil 1L,Groceries,157.3,2,UK,314.6
O00536,2025-03-26,C040,P015,Tea 500g,Groceries,239.02,3,Canada,717.0600000000001
O00537,2025-04-28,C150,P014,Sugar 1kg,Groceries,57.64,1,USA,57.64
O00537,2025-04-28,C150,P019,Bedsheet,Home & Kitchen,925.86,3,UK,2777.58
O00537,2025-04-28,C150,P024,Dumbbells 5kg,Sports,1171.3,2,UK,2342.6
O00537,2025-04-28,C150,P008,Sneakers,Fashion,2738.13,1,India,2738.13
O00537,2025-04-28,C150,P006,T-Shirt,Fashion,768.28,3,USA,2304.84
O00538,2025-02-13,C178,P014,Sugar 1kg,Groceries,56.23,2,UK,112.46
O00539,2025-08-30,C103,P025,Badminton Racket,Sports,772.29,2,India,1544.58
O00539,2025-08-30,C103,P012,Wheat Flour 5kg,Groceries,308.27,1,India,308.27
O00539,2025-08-30,C103,P009,Jacket,Fashion,3040.82,3,USA,9122.460000000001
O00539,2025-08-30,C103,P001,Smartphone,Electronics,18411.43,2,Canada,36822.86
O00539,2025-08-30,C103,P005,Smartwatch,Electronics,6671.6,1,USA,6671.6
O00540,2025-11-24,C140,P015,Tea 500g,Groceries,233.81,2,Australia,467.62
O00540,2025-11-24,C140,P011,Rice 5kg,Groceries,346.57,2,UK,693.14
O00540,2025-11-24,C140,P025,Badminton Racket,Sports,854.44,2,Australia,1708.88
O00540,2025-11-24,C140,P010,Formal Shirt,Fashion,1228.66,1,Australia,1228.66
O00540,2025-11-24,C140,P021,Cricket Bat,Sports,1547.91,2,India,3095.82
O00541,2025-10-23,C150,P017,Pressure Cooker,Home & Kitchen,2378.97,2,Canada,4757.94
O00541,2025-10-23,C150,P024,Dumbbells 5kg,Sports,1282.51,1,USA,1282.51
O00541,2025-10-23,C150,P002,Laptop,Electronics,52552.84,2,USA,105105.68
O00541,2025-10-23,C150,P025,Badminton Racket,Sports,851.81,3,Canada,2555.43
O00541,2025-10-23,C150,P019,Bedsheet,Home & Kitchen,972.79,1,USA,972.79
O00542,2025-09-14,C106,P001,Smartphone,Electronics,18677.75,2,India,37355.5
O00542,2025-09-14,C106,P020,Water Bottle,Home & Kitchen,250.72,2,India,501.44
O00542,2025-09-14,C106,P009,Jacket,Fashion,3024.73,1,Canada,3024.73
O00543,2025-10-27,C154,P003,Headphones,Electronics,2415.51,2,UK,4831.02
O00543,2025-10-27,C154,P012,Wheat Flour 5kg,Groceries,330.66,2,USA,661.32
O00543,2025-10-27,C154,P009,Jacket,Fashion,2922.25,1,USA,2922.25
O00544,2025-10-22,C185,P012,Wheat Flour 5kg,Groceries,345.89,1,UK,345.89
O00544,2025-10-22,C185,P019,Bedsheet,Home & Kitchen,876.5,3,Australia,2629.5
O00544,2025-10-22,C185,P002,Laptop,Electronics,58220.91,2,Australia,116441.82
O00544,2025-10-22,C185,P001,Smartphone,Electronics,18929.56,3,UK,56788.68000000001
O00544,2025-10-22,C185,P016,Mixer Grinder,Home & Kitchen,3484.59,2,UK,6969.18
O00545,2025-11-30,C141,P006,T-Shirt,Fashion,725.9,1,UK,725.9
O00545,2025-11-30,C141,P008,Sneakers,Fashion,2665.57,2,Australia,5331.14
O00545,2025-11-30,C141,P018,Dinner Set,Home & Kitchen,2879.94,2,UK,5759.88
O00545,2025-11-30,C141,P017,Pressure Cooker,Home & Kitchen,2191.94,1,India,2191.94
O00545,2025-11-30,C141,P003,Headphones,Electronics,2642.92,1,Canada,2642.92
O00546,2025-01-30,C023,P019,Bedsheet,Home & Kitchen,863.32,3,Canada,2589.96
O00546,2025-01-30,C023,P010,Formal Shirt,Fashion,1219.79,1,Canada,1219.79
O00546,2025-01-30,C023,P025,Badminton Racket,Sports,762.03,2,Canada,1524.06
O00547,2025-12-14,C068,P024,Dumbbells 5kg,Sports,1180.35,3,India,3541.0499999999997
O00548,2025-02-21,C112,P010,Formal Shirt,Fashion,1295.24,1,India,1295.24
O00548,2025-02-21,C112,P004,Bluetooth Speaker,Electronics,3530.05,3,Australia,10590.150000000001
O00548,2025-02-21,C112,P023,Yoga Mat,Sports,737.47,1,USA,737.47
O00548,2025-02-21,C112,P007,Jeans,Fashion,1434.64,3,USA,4303.92
O00548,2025-02-21,C112,P024,Dumbbells 5kg,Sports,1214.64,1,UK,1214.64
O00549,2025-08-03,C055,P017,Pressure Cooker,Home & Kitchen,2182.71,3,Australia,6548.13
O00550,2025-12-18,C184,P003,Headphones,Electronics,2652.33,3,Australia,7956.99
O00550,2025-12-18,C184,P023,Yoga Mat,Sports,706.17,3,India,2118.5099999999998
O00550,2025-12-18,C184,P014,Sugar 1kg,Groceries,57.78,1,Canada,57.78
O00551,2025-07-04,C061,P017,Pressure Cooker,Home & Kitchen,2391.18,2,Canada,4782.36
O00551,2025-07-04,C061,P003,Headphones,Electronics,2632.84,1,Canada,2632.84
O00551,2025-07-04,C061,P001,Smartphone,Electronics,17700.46,3,India,53101.38
O00551,2025-07-04,C061,P016,Mixer Grinder,Home & Kitchen,3387.92,3,Canada,10163.76
O00551,2025-07-04,C061,P019,Bedsheet,Home & Kitchen,861.64,1,Australia,861.64
O00552,2025-06-16,C186,P019,Bedsheet,Home & Kitchen,936.38,2,India,1872.76
O00552,2025-06-16,C186,P018,Dinner Set,Home & Kitchen,2867.06,3,Australia,8601.18
O00552,2025-06-16,C186,P023,Yoga Mat,Sports,669.45,2,USA,1338.9
O00552,2025-06-16,C186,P009,Jacket,Fashion,3095.06,2,Australia,6190.12
O00552,2025-06-16,C186,P010,Formal Shirt,Fashion,1265.16,1,Australia,1265.16
O00553,2025-11-15,C182,P023,Yoga Mat,Sports,691.36,2,Canada,1382.72
O00553,2025-11-15,C182,P018,Dinner Set,Home & Kitchen,2973.63,2,Australia,5947.26
O00553,2025-11-15,C182,P025,Badminton Racket,Sports,782.27,2,UK,1564.54
O00554,2025-07-30,C091,P016,Mixer Grinder,Home & Kitchen,3089.73,2,Canada,6179.46
O00555,2025-07-12,C040,P017,Pressure Cooker,Home & Kitchen,2318.86,3,USA,6956.58
O00555,2025-07-12,C040,P012,Wheat Flour 5kg,Groceries,313.05,1,UK,313.05
O00556,2025-03-07,C103,P010,Formal Shirt,Fashion,1284.35,2,Australia,2568.7
O00557,2025-03-14,C033,P006,T-Shirt,Fashion,675.52,2,Canada,1351.04
O00558,2025-11-19,C198,P001,Smartphone,Electronics,17497.09,1,USA,17497.09
O00558,2025-11-19,C198,P004,Bluetooth Speaker,Electronics,3799.25,1,USA,3799.25
O00559,2025-10-12,C086,P024,Dumbbells 5kg,Sports,1145.22,2,USA,2290.44
O00559,2025-10-12,C086,P020,Water Bottle,Home & Kitchen,241.64,3,Australia,724.92
O00559,2025-10-12,C086,P016,Mixer Grinder,Home & Kitchen,3171.37,3,USA,9514.11
O00559,2025-10-12,C086,P012,Wheat Flour 5kg,Groceries,343.33,2,USA,686.66
O00560,2025-12-30,C189,P004,Bluetooth Speaker,Electronics,3602.82,2,Australia,7205.64
O00561,2025-02-14,C080,P012,Wheat Flour 5kg,Groceries,329.02,3,USA,987.06
O00561,2025-02-14,C080,P015,Tea 500g,Groceries,215.94,1,Australia,215.94
O00562,2025-04-13,C146,P019,Bedsheet,Home & Kitchen,981.12,1,Canada,981.12
O00563,2025-08-29,C139,P002,Laptop,Electronics,60485.13,3,USA,181455.38999999998
O00563,2025-08-29,C139,P001,Smartphone,Electronics,18114.65,3,India,54343.950000000004
O00563,2025-08-29,C139,P011,Rice 5kg,Groceries,355.53,2,Australia,711.06
O00563,2025-08-29,C139,P017,Pressure Cooker,Home & Kitchen,2418.02,1,USA,2418.02
O00563,2025-08-29,C139,P023,Yoga Mat,Sports,714.73,2,Australia,1429.46
O00564,2025-12-12,C121,P019,Bedsheet,Home & Kitchen,897.85,3,India,2693.55
O00565,2025-09-27,C158,P022,Football,Sports,866.78,2,India,1733.56
O00565,2025-09-27,C158,P016,Mixer Grinder,Home & Kitchen,3467.53,1,India,3467.53
O00565,2025-09-27,C158,P013,Cooking Oil 1L,Groceries,160.26,1,Australia,160.26
O00566,2025-01-04,C022,P006,T-Shirt,Fashion,672.11,2,Australia,1344.22
O00567,2025-04-21,C144,P005,Smartwatch,Electronics,7008.79,1,USA,7008.79
O00567,2025-04-21,C144,P016,Mixer Grinder,Home & Kitchen,3201.14,3,India,9603.42
O00567,2025-04-21,C144,P008,Sneakers,Fashion,2446.52,1,India,2446.52
O00568,2025-07-13,C006,P011,Rice 5kg,Groceries,380.71,2,India,761.42
O00569,2025-04-29,C108,P011,Rice 5kg,Groceries,381.11,1,Canada,381.11
O00569,2025-04-29,C108,P022,Football,Sports,975.0,3,Canada,2925.0
O00570,2025-09-12,C121,P025,Badminton Racket,Sports,861.37,2,USA,1722.74
O00571,2025-07-05,C161,P012,Wheat Flour 5kg,Groceries,308.41,1,Canada,308.41
O00571,2025-07-05,C161,P005,Smartwatch,Electronics,6821.9,2,Canada,13643.8
O00572,2025-10-31,C132,P014,Sugar 1kg,Groceries,55.86,3,USA,167.57999999999998
O00573,2025-06-09,C155,P021,Cricket Bat,Sports,1627.11,2,USA,3254.22
O00573,2025-06-09,C155,P002,Laptop,Electronics,58361.75,1,Australia,58361.75
O00574,2025-04-27,C180,P004,Bluetooth Speaker,Electronics,3505.22,2,UK,7010.44
O00574,2025-04-27,C180,P005,Smartwatch,Electronics,7173.52,3,India,21520.56
O00575,2025-03-03,C052,P011,Rice 5kg,Groceries,334.32,1,India,334.32
O00575,2025-03-03,C052,P004,Bluetooth Speaker,Electronics,3602.22,2,USA,7204.44
O00575,2025-03-03,C052,P005,Smartwatch,Electronics,7505.39,1,Australia,7505.39
O00575,2025-03-03,C052,P009,Jacket,Fashion,3296.14,2,India,6592.28
O00575,2025-03-03,C052,P012,Wheat Flour 5kg,Groceries,306.94,3,UK,920.8199999999999
O00576,2025-08-16,C145,P003,Headphones,Electronics,2558.35,2,UK,5116.7
O00576,2025-08-16,C145,P010,Formal Shirt,Fashion,1260.73,1,India,1260.73
O00576,2025-08-16,C145,P001,Smartphone,Electronics,17758.04,2,USA,35516.08
O00576,2025-08-16,C145,P017,Pressure Cooker,Home & Kitchen,2252.08,2,Australia,4504.16
O00576,2025-08-16,C145,P025,Badminton Racket,Sports,772.23,1,India,772.23
O00577,2025-02-12,C065,P011,Rice 5kg,Groceries,355.8,1,Australia,355.8
O00577,2025-02-12,C065,P008,Sneakers,Fashion,2734.88,2,Canada,5469.76
O00577,2025-02-12,C065,P021,Cricket Bat,Sports,1573.54,3,Canada,4720.62
O00577,2025-02-12,C065,P025,Badminton Racket,Sports,790.27,3,India,2370.81
O00577,2025-02-12,C065,P016,Mixer Grinder,Home & Kitchen,3231.28,2,USA,6462.56
O00578,2025-11-29,C089,P020,Water Bottle,Home & Kitchen,259.78,3,Australia,779.3399999999999
O00578,2025-11-29,C089,P022,Football,Sports,883.36,2,USA,1766.72
O00578,2025-11-29,C089,P007,Jeans,Fashion,1568.76,3,UK,4706.28
O00578,2025-11-29,C089,P005,Smartwatch,Electronics,7686.71,3,India,23060.13
O00579,2025-06-18,C102,P025,Badminton Racket,Sports,834.98,1,Australia,834.98
O00579,2025-06-18,C102,P011,Rice 5kg,Groceries,338.42,1,UK,338.42
O00579,2025-06-18,C102,P019,Bedsheet,Home & Kitchen,881.24,1,Canada,881.24
O00579,2025-06-18,C102,P001,Smartphone,Electronics,17547.02,2,India,35094.04
O00579,2025-06-18,C102,P013,Cooking Oil 1L,Groceries,173.58,3,Canada,520.74
O00580,2025-07-07,C132,P025,Badminton Racket,Sports,795.04,1,USA,795.04
O00580,2025-07-07,C132,P010,Formal Shirt,Fashion,1265.08,1,Canada,1265.08
O00581,2025-10-13,C159,P001,Smartphone,Electronics,19155.91,2,Australia,38311.82
O00581,2025-10-13,C159,P012,Wheat Flour 5kg,Groceries,311.7,3,India,935.0999999999999
O00582,2025-02-04,C184,P020,Water Bottle,Home & Kitchen,272.69,2,India,545.38
O00583,2025-01-19,C006,P025,Badminton Racket,Sports,828.95,1,Canada,828.95
O00583,2025-01-19,C006,P012,Wheat Flour 5kg,Groceries,312.83,2,UK,625.66
O00583,2025-01-19,C006,P023,Yoga Mat,Sports,718.16,2,Australia,1436.32
O00584,2025-10-28,C086,P025,Badminton Racket,Sports,778.38,2,Canada,1556.76
O00584,2025-10-28,C086,P006,T-Shirt,Fashion,733.74,1,UK,733.74
O00585,2025-05-06,C051,P013,Cooking Oil 1L,Groceries,152.8,3,Australia,458.40000000000003
O00586,2025-08-28,C050,P005,Smartwatch,Electronics,7300.12,1,India,7300.12
O00586,2025-08-28,C050,P006,T-Shirt,Fashion,683.7,2,UK,1367.4
O00587,2025-07-09,C031,P005,Smartwatch,Electronics,6788.68,2,Canada,13577.36
O00587,2025-07-09,C031,P010,Formal Shirt,Fashion,1286.31,3,Canada,3858.93
O00587,2025-07-09,C031,P017,Pressure Cooker,Home & Kitchen,2175.15,1,Australia,2175.15
O00587,2025-07-09,C031,P007,Jeans,Fashion,1619.13,1,Canada,1619.13
O00588,2025-06-17,C065,P023,Yoga Mat,Sports,681.58,2,Canada,1363.16
O00588,2025-06-17,C065,P020,Water Bottle,Home & Kitchen,248.43,2,Australia,496.86
O00588,2025-06-17,C065,P016,Mixer Grinder,Home & Kitchen,3260.06,1,Canada,3260.06
O00588,2025-06-17,C065,P006,T-Shirt,Fashion,716.93,2,USA,1433.86
O00588,2025-06-17,C065,P005,Smartwatch,Electronics,7684.61,3,India,23053.829999999998
O00589,2025-01-04,C084,P015,Tea 500g,Groceries,221.59,1,India,221.59
O00589,2025-01-04,C084,P003,Headphones,Electronics,2482.07,3,India,7446.210000000001
O00589,2025-01-04,C084,P024,Dumbbells 5kg,Sports,1263.77,1,UK,1263.77
O00589,2025-01-04,C084,P009,Jacket,Fashion,3080.32,3,Australia,9240.960000000001
O00590,2025-04-13,C037,P003,Headphones,Electronics,2466.37,1,USA,2466.37
O00590,2025-04-13,C037,P013,Cooking Oil 1L,Groceries,170.14,3,Canada,510.41999999999996
O00590,2025-04-13,C037,P007,Jeans,Fashion,1556.51,1,Canada,1556.51
O00591,2025-09-19,C131,P008,Sneakers,Fashion,2425.57,3,Australia,7276.710000000001
O00591,2025-09-19,C131,P017,Pressure Cooker,Home & Kitchen,2411.26,1,Australia,2411.26
O00591,2025-09-19,C131,P002,Laptop,Electronics,54330.8,1,UK,54330.8
O00591,2025-09-19,C131,P018,Dinner Set,Home & Kitchen,2775.0,3,Australia,8325.0
O00591,2025-09-19,C131,P012,Wheat Flour 5kg,Groceries,310.82,3,USA,932.46
O00592,2025-08-18,C038,P017,Pressure Cooker,Home & Kitchen,2236.2,1,Canada,2236.2
O00592,2025-08-18,C038,P018,Dinner Set,Home & Kitchen,2771.19,3,USA,8313.57
O00592,2025-08-18,C038,P011,Rice 5kg,Groceries,364.0,3,USA,1092.0
O00592,2025-08-18,C038,P022,Football,Sports,981.04,2,Australia,1962.08
O00593,2025-01-23,C108,P002,Laptop,Electronics,59037.64,2,Canada,118075.28
O00593,2025-01-23,C108,P004,Bluetooth Speaker,Electronics,3381.01,2,UK,6762.02
O00594,2025-11-19,C129,P009,Jacket,Fashion,2943.55,2,India,5887.1
O00595,2025-04-15,C061,P010,Formal Shirt,Fashion,1209.71,3,USA,3629.13
O00596,2025-11-03,C034,P018,Dinner Set,Home & Kitchen,2811.57,2,Canada,5623.14
O00597,2025-02-02,C032,P007,Jeans,Fashion,1457.4,2,Australia,2914.8
O00597,2025-02-02,C032,P023,Yoga Mat,Sports,768.74,1,Australia,768.74
O00598,2025-08-09,C029,P024,Dumbbells 5kg,Sports,1211.63,3,UK,3634.8900000000003
O00598,2025-08-09,C029,P009,Jacket,Fashion,3061.3,1,Canada,3061.3
O00598,2025-08-09,C029,P004,Bluetooth Speaker,Electronics,3503.99,1,India,3503.99
O00598,2025-08-09,C029,P025,Badminton Racket,Sports,841.55,1,UK,841.55
O00598,2025-08-09,C029,P002,Laptop,Electronics,56607.16,3,Canada,169821.48
O00599,2025-09-14,C054,P016,Mixer Grinder,Home & Kitchen,3210.24,1,USA,3210.24
O00599,2025-09-14,C054,P009,Jacket,Fashion,2920.46,1,USA,2920.46
O00599,2025-09-14,C054,P020,Water Bottle,Home & Kitchen,248.66,1,Canada,248.66
O00599,2025-09-14,C054,P004,Bluetooth Speaker,Electronics,3555.81,3,UK,10667.43
O00599,2025-09-14,C054,P006,T-Shirt,Fashion,672.05,1,USA,672.05
O00600,2025-08-05,C056,P003,Headphones,Electronics,2640.93,2,Canada,5281.86
O00600,2025-08-05,C056,P019,Bedsheet,Home & Kitchen,888.68,2,Canada,1777.36
O00600,2025-08-05,C056,P004,Bluetooth Speaker,Electronics,3567.55,2,USA,7135.1
O00600,2025-08-05,C056,P007,Jeans,Fashion,1488.1,2,India,2976.2
O00601,2025-02-06,C052,P023,Yoga Mat,Sports,746.74,3,USA,2240.2200000000003
O00601,2025-02-06,C052,P006,T-Shirt,Fashion,677.73,3,Canada,2033.19
O00601,2025-02-06,C052,P016,Mixer Grinder,Home & Kitchen,3124.72,1,Australia,3124.72
O00601,2025-02-06,C052,P007,Jeans,Fashion,1490.13,2,Canada,2980.26
O00601,2025-02-06,C052,P019,Bedsheet,Home & Kitchen,900.64,2,Australia,1801.28
O00602,2025-02-26,C124,P007,Jeans,Fashion,1610.09,3,USA,4830.2699999999995
O00602,2025-02-26,C124,P022,Football,Sports,860.15,2,India,1720.3
O00602,2025-02-26,C124,P003,Headphones,Electronics,2480.1,2,India,4960.2
O00603,2025-09-09,C052,P022,Football,Sports,856.93,2,Australia,1713.86
O00603,2025-09-09,C052,P012,Wheat Flour 5kg,Groceries,339.94,3,UK,1019.8199999999999
O00604,2025-04-05,C023,P001,Smartphone,Electronics,19281.9,3,Australia,57845.700000000004
O00604,2025-04-05,C023,P004,Bluetooth Speaker,Electronics,3419.93,2,Australia,6839.86
O00604,2025-04-05,C023,P011,Rice 5kg,Groceries,384.62,2,USA,769.24
O00604,2025-04-05,C023,P010,Formal Shirt,Fashion,1146.44,3,India,3439.32
O00605,2025-02-03,C198,P019,Bedsheet,Home & Kitchen,870.24,2,USA,1740.48
O00605,2025-02-03,C198,P024,Dumbbells 5kg,Sports,1283.39,1,Canada,1283.39
O00606,2025-03-03,C064,P012,Wheat Flour 5kg,Groceries,334.57,3,India,1003.71
O00606,2025-03-03,C064,P013,Cooking Oil 1L,Groceries,167.52,1,Canada,167.52
O00606,2025-03-03,C064,P025,Badminton Racket,Sports,801.99,2,Australia,1603.98
O00607,2025-11-17,C128,P005,Smartwatch,Electronics,7043.39,1,UK,7043.39
O00607,2025-11-17,C128,P014,Sugar 1kg,Groceries,55.37,2,UK,110.74
O00607,2025-11-17,C128,P009,Jacket,Fashion,3027.17,2,UK,6054.34
O00607,2025-11-17,C128,P012,Wheat Flour 5kg,Groceries,332.23,1,UK,332.23
O00608,2025-08-13,C026,P015,Tea 500g,Groceries,217.3,2,Australia,434.6
O00608,2025-08-13,C026,P006,T-Shirt,Fashion,683.12,2,Australia,1366.24
O00608,2025-08-13,C026,P017,Pressure Cooker,Home & Kitchen,2408.63,2,Australia,4817.26
O00608,2025-08-13,C026,P024,Dumbbells 5kg,Sports,1311.17,3,Canada,3933.51
O00608,2025-08-13,C026,P007,Jeans,Fashion,1521.84,2,Canada,3043.68
O00609,2025-05-19,C104,P009,Jacket,Fashion,3251.57,3,UK,9754.710000000001
O00609,2025-05-19,C104,P003,Headphones,Electronics,2599.52,1,UK,2599.52
O00609,2025-05-19,C104,P014,Sugar 1kg,Groceries,57.17,1,India,57.17
O00610,2025-12-01,C005,P011,Rice 5kg,Groceries,333.64,3,Canada,1000.92
O00610,2025-12-01,C005,P017,Pressure Cooker,Home & Kitchen,2114.68,1,USA,2114.68
O00611,2025-12-20,C017,P001,Smartphone,Electronics,18120.57,2,USA,36241.14
O00611,2025-12-20,C017,P002,Laptop,Electronics,53728.48,3,UK,161185.44
O00611,2025-12-20,C017,P025,Badminton Racket,Sports,799.4,1,UK,799.4
O00611,2025-12-20,C017,P006,T-Shirt,Fashion,721.98,3,USA,2165.94
O00612,2025-11-03,C108,P019,Bedsheet,Home & Kitchen,963.11,3,Australia,2889.33
O00612,2025-11-03,C108,P022,Football,Sports,863.48,2,Canada,1726.96
O00612,2025-11-03,C108,P013,Cooking Oil 1L,Groceries,166.21,3,USA,498.63
O00613,2025-06-16,C065,P011,Rice 5kg,Groceries,365.68,3,Canada,1097.04
O00613,2025-06-16,C065,P002,Laptop,Electronics,60018.21,2,UK,120036.42
O00613,2025-06-16,C065,P012,Wheat Flour 5kg,Groceries,340.01,2,Australia,680.02
O00613,2025-06-16,C065,P023,Yoga Mat,Sports,698.21,1,USA,698.21
O00614,2025-08-31,C081,P011,Rice 5kg,Groceries,340.67,3,Australia,1022.01
O00614,2025-08-31,C081,P014,Sugar 1kg,Groceries,60.06,3,UK,180.18
O00615,2025-07-03,C106,P012,Wheat Flour 5kg,Groceries,309.07,1,USA,309.07
O00616,2025-04-20,C139,P012,Wheat Flour 5kg,Groceries,335.36,1,Canada,335.36
O00616,2025-04-20,C139,P015,Tea 500g,Groceries,210.74,3,UK,632.22
O00616,2025-04-20,C139,P008,Sneakers,Fashion,2610.11,1,India,2610.11
O00616,2025-04-20,C139,P013,Cooking Oil 1L,Groceries,170.58,1,UK,170.58
O00616,2025-04-20,C139,P003,Headphones,Electronics,2455.67,3,UK,7367.01
O00617,2025-01-17,C153,P002,Laptop,Electronics,56237.38,3,India,168712.13999999998
O00617,2025-01-17,C153,P008,Sneakers,Fashion,2618.03,1,Canada,2618.03
O00617,2025-01-17,C153,P025,Badminton Racket,Sports,814.02,3,USA,2442.06
O00617,2025-01-17,C153,P020,Water Bottle,Home & Kitchen,251.05,1,USA,251.05
O00617,2025-01-17,C153,P016,Mixer Grinder,Home & Kitchen,3497.81,3,Canada,10493.43
O00618,2025-02-23,C036,P006,T-Shirt,Fashion,668.18,3,UK,2004.54
O00619,2025-09-07,C082,P005,Smartwatch,Electronics,7579.24,3,India,22737.72
O00619,2025-09-07,C082,P009,Jacket,Fashion,2959.7,1,UK,2959.7
O00619,2025-09-07,C082,P003,Headphones,Electronics,2591.45,3,India,7774.349999999999
O00620,2025-10-11,C106,P012,Wheat Flour 5kg,Groceries,319.76,3,Canada,959.28
O00620,2025-10-11,C106,P011,Rice 5kg,Groceries,380.6,2,UK,761.2
O00620,2025-10-11,C106,P015,Tea 500g,Groceries,239.59,1,Canada,239.59
O00621,2025-04-25,C070,P003,Headphones,Electronics,2672.49,3,USA,8017.469999999999
O00622,2025-12-09,C002,P014,Sugar 1kg,Groceries,56.42,3,Australia,169.26
O00622,2025-12-09,C002,P001,Smartphone,Electronics,18055.56,1,India,18055.56
O00622,2025-12-09,C002,P020,Water Bottle,Home & Kitchen,257.28,2,USA,514.56
O00623,2025-04-27,C001,P020,Water Bottle,Home & Kitchen,256.04,2,Australia,512.08
O00623,2025-04-27,C001,P005,Smartwatch,Electronics,7226.14,1,India,7226.14
O00624,2025-03-17,C060,P005,Smartwatch,Electronics,7444.88,2,Canada,14889.76
O00624,2025-03-17,C060,P025,Badminton Racket,Sports,837.71,1,UK,837.71
O00624,2025-03-17,C060,P021,Cricket Bat,Sports,1544.39,1,Canada,1544.39
O00624,2025-03-17,C060,P012,Wheat Flour 5kg,Groceries,343.24,3,Australia,1029.72
O00625,2025-09-09,C012,P024,Dumbbells 5kg,Sports,1303.13,3,Canada,3909.3900000000003
O00625,2025-09-09,C012,P002,Laptop,Electronics,52834.13,1,Australia,52834.13
O00626,2025-07-28,C016,P015,Tea 500g,Groceries,232.66,3,Australia,697.98
O00627,2025-05-31,C019,P009,Jacket,Fashion,3286.41,2,USA,6572.82
O00627,2025-05-31,C019,P006,T-Shirt,Fashion,748.64,1,USA,748.64
O00627,2025-05-31,C019,P014,Sugar 1kg,Groceries,59.1,3,Canada,177.3
O00627,2025-05-31,C019,P008,Sneakers,Fashion,2594.17,3,USA,7782.51
O00628,2025-03-28,C049,P001,Smartphone,Electronics,19167.73,3,UK,57503.19
O00628,2025-03-28,C049,P010,Formal Shirt,Fashion,1251.68,2,UK,2503.36
O00628,2025-03-28,C049,P014,Sugar 1kg,Groceries,59.59,2,USA,119.18
O00628,2025-03-28,C049,P006,T-Shirt,Fashion,709.63,1,Canada,709.63
O00628,2025-03-28,C049,P002,Laptop,Electronics,60326.99,3,UK,180980.97
O00629,2025-05-11,C116,P019,Bedsheet,Home & Kitchen,981.82,3,India,2945.46
O00629,2025-05-11,C116,P008,Sneakers,Fashion,2505.88,1,USA,2505.88
O00630,2025-08-16,C071,P001,Smartphone,Electronics,18378.28,3,Australia,55134.84
O00630,2025-08-16,C071,P024,Dumbbells 5kg,Sports,1284.35,3,USA,3853.0499999999997
O00630,2025-08-16,C071,P009,Jacket,Fashion,2924.45,1,UK,2924.45
O00630,2025-08-16,C071,P010,Formal Shirt,Fashion,1183.96,1,UK,1183.96
O00630,2025-08-16,C071,P021,Cricket Bat,Sports,1572.64,3,USA,4717.92
O00631,2025-05-04,C080,P011,Rice 5kg,Groceries,339.68,2,UK,679.36
O00631,2025-05-04,C080,P020,Water Bottle,Home & Kitchen,259.66,2,India,519.32
O00632,2025-02-24,C062,P005,Smartwatch,Electronics,7142.34,1,Canada,7142.34
O00632,2025-02-24,C062,P017,Pressure Cooker,Home & Kitchen,2350.48,2,USA,4700.96
O00632,2025-02-24,C062,P015,Tea 500g,Groceries,235.43,1,Australia,235.43
O00632,2025-02-24,C062,P022,Football,Sports,879.27,1,USA,879.27
O00633,2025-05-20,C135,P022,Football,Sports,893.47,1,USA,893.47
O00634,2025-09-21,C041,P003,Headphones,Electronics,2605.78,3,India,7817.34
O00634,2025-09-21,C041,P019,Bedsheet,Home & Kitchen,931.98,3,Canada,2795.94
O00634,2025-09-21,C041,P023,Yoga Mat,Sports,751.23,1,UK,751.23
O00634,2025-09-21,C041,P016,Mixer Grinder,Home & Kitchen,3479.77,1,India,3479.77
O00635,2025-03-02,C042,P022,Football,Sports,873.63,2,India,1747.26
O00635,2025-03-02,C042,P006,T-Shirt,Fashion,731.43,1,UK,731.43
O00636,2025-11-04,C112,P006,T-Shirt,Fashion,680.48,3,UK,2041.44
O00636,2025-11-04,C112,P008,Sneakers,Fashion,2528.78,3,Australia,7586.34
O00636,2025-11-04,C112,P021,Cricket Bat,Sports,1563.64,2,India,3127.28
O00636,2025-11-04,C112,P001,Smartphone,Electronics,19635.86,3,Canada,58907.58
O00637,2025-12-27,C150,P017,Pressure Cooker,Home & Kitchen,2210.95,3,Australia,6632.849999999999
O00637,2025-12-27,C150,P002,Laptop,Electronics,53090.16,2,Canada,106180.32
O00638,2025-07-18,C078,P016,Mixer Grinder,Home & Kitchen,3340.58,3,UK,10021.74
O00639,2025-05-08,C121,P021,Cricket Bat,Sports,1488.91,2,Canada,2977.82
O00639,2025-05-08,C121,P010,Formal Shirt,Fashion,1299.43,2,USA,2598.86
O00640,2025-05-26,C114,P024,Dumbbells 5kg,Sports,1203.85,3,Canada,3611.5499999999997
O00641,2025-03-22,C044,P021,Cricket Bat,Sports,1442.76,2,Australia,2885.52
O00641,2025-03-22,C044,P006,T-Shirt,Fashion,697.81,2,USA,1395.62
O00642,2025-04-04,C099,P020,Water Bottle,Home & Kitchen,267.64,3,UK,802.92
O00642,2025-04-04,C099,P016,Mixer Grinder,Home & Kitchen,3071.11,3,Canada,9213.33
O00642,2025-04-04,C099,P015,Tea 500g,Groceries,223.0,3,UK,669.0
O00643,2025-10-25,C052,P001,Smartphone,Electronics,18761.23,2,USA,37522.46
O00643,2025-10-25,C052,P022,Football,Sports,917.99,2,Canada,1835.98
O00644,2025-06-08,C197,P004,Bluetooth Speaker,Electronics,3733.01,2,USA,7466.02
O00644,2025-06-08,C197,P009,Jacket,Fashion,3176.39,1,India,3176.39
O00644,2025-06-08,C197,P005,Smartwatch,Electronics,7288.92,2,UK,14577.84
O00644,2025-06-08,C197,P007,Jeans,Fashion,1515.33,2,USA,3030.66
O00644,2025-06-08,C197,P001,Smartphone,Electronics,17109.58,1,UK,17109.58
O00645,2025-04-08,C069,P004,Bluetooth Speaker,Electronics,3459.77,3,Canada,10379.31
O00646,2025-03-14,C069,P018,Dinner Set,Home & Kitchen,3045.59,1,USA,3045.59
O00646,2025-03-14,C069,P011,Rice 5kg,Groceries,374.23,1,Canada,374.23
O00646,2025-03-14,C069,P019,Bedsheet,Home & Kitchen,953.16,1,India,953.16
O00646,2025-03-14,C069,P002,Laptop,Electronics,58294.3,2,India,116588.6
O00647,2025-09-14,C188,P015,Tea 500g,Groceries,216.76,1,India,216.76
O00647,2025-09-14,C188,P011,Rice 5kg,Groceries,377.93,3,Australia,1133.79
O00647,2025-09-14,C188,P010,Formal Shirt,Fashion,1213.44,3,India,3640.32
O00648,2025-05-25,C130,P022,Football,Sports,908.56,1,Australia,908.56
O00648,2025-05-25,C130,P013,Cooking Oil 1L,Groceries,167.47,2,USA,334.94
O00648,2025-05-25,C130,P011,Rice 5kg,Groceries,335.94,2,Canada,671.88
O00649,2025-11-24,C115,P018,Dinner Set,Home & Kitchen,2861.41,2,USA,5722.82
O00650,2025-07-27,C192,P013,Cooking Oil 1L,Groceries,175.6,3,Australia,526.8
O00650,2025-07-27,C192,P025,Badminton Racket,Sports,797.51,2,Australia,1595.02
O00650,2025-07-27,C192,P002,Laptop,Electronics,55075.95,3,Canada,165227.84999999998
O00650,2025-07-27,C192,P016,Mixer Grinder,Home & Kitchen,3189.41,3,Canada,9568.23
O00651,2025-06-30,C093,P013,Cooking Oil 1L,Groceries,163.52,3,USA,490.56000000000006
O00651,2025-06-30,C093,P007,Jeans,Fashion,1532.88,3,Australia,4598.64
O00651,2025-06-30,C093,P005,Smartwatch,Electronics,6937.73,1,USA,6937.73
O00652,2025-07-04,C110,P025,Badminton Racket,Sports,807.2,2,USA,1614.4
O00652,2025-07-04,C110,P011,Rice 5kg,Groceries,354.02,2,USA,708.04
O00653,2025-06-24,C071,P022,Football,Sports,989.12,2,Australia,1978.24
O00653,2025-06-24,C071,P021,Cricket Bat,Sports,1585.64,2,India,3171.28
O00653,2025-06-24,C071,P006,T-Shirt,Fashion,716.88,1,India,716.88
O00653,2025-06-24,C071,P013,Cooking Oil 1L,Groceries,165.11,3,USA,495.33000000000004
O00654,2025-05-14,C095,P018,Dinner Set,Home & Kitchen,3036.93,3,India,9110.789999999999
O00654,2025-05-14,C095,P022,Football,Sports,937.28,1,UK,937.28
O00655,2025-07-21,C163,P021,Cricket Bat,Sports,1536.97,1,Australia,1536.97
O00655,2025-07-21,C163,P016,Mixer Grinder,Home & Kitchen,3443.49,3,Canada,10330.47
O00655,2025-07-21,C163,P011,Rice 5kg,Groceries,351.55,2,Australia,703.1
O00655,2025-07-21,C163,P019,Bedsheet,Home & Kitchen,964.88,2,USA,1929.76
O00656,2025-01-25,C183,P020,Water Bottle,Home & Kitchen,260.3,1,USA,260.3
O00657,2025-02-08,C006,P004,Bluetooth Speaker,Electronics,3828.11,1,Canada,3828.11
O00657,2025-02-08,C006,P001,Smartphone,Electronics,17311.93,1,Canada,17311.93
O00657,2025-02-08,C006,P018,Dinner Set,Home & Kitchen,2805.98,3,UK,8417.94
O00658,2025-07-18,C085,P017,Pressure Cooker,Home & Kitchen,2264.62,1,Australia,2264.62
O00659,2025-06-02,C148,P019,Bedsheet,Home & Kitchen,879.66,1,Australia,879.66
O00659,2025-06-02,C148,P015,Tea 500g,Groceries,210.97,2,USA,421.94
O00660,2025-07-31,C029,P014,Sugar 1kg,Groceries,55.84,2,Canada,111.68
O00660,2025-07-31,C029,P019,Bedsheet,Home & Kitchen,959.47,3,UK,2878.41
O00661,2025-08-06,C200,P017,Pressure Cooker,Home & Kitchen,2310.61,2,UK,4621.22
O00661,2025-08-06,C200,P015,Tea 500g,Groceries,238.81,1,Canada,238.81
O00662,2025-08-24,C145,P023,Yoga Mat,Sports,711.11,1,USA,711.11
O00662,2025-08-24,C145,P024,Dumbbells 5kg,Sports,1181.58,3,India,3544.74
O00662,2025-08-24,C145,P021,Cricket Bat,Sports,1606.78,3,India,4820.34
O00662,2025-08-24,C145,P001,Smartphone,Electronics,18057.05,3,Australia,54171.149999999994
O00663,2025-08-12,C025,P002,Laptop,Electronics,54878.15,3,USA,164634.45
O00663,2025-08-12,C025,P009,Jacket,Fashion,2929.1,3,USA,8787.3
O00663,2025-08-12,C025,P010,Formal Shirt,Fashion,1162.18,2,USA,2324.36
O00664,2025-07-28,C106,P018,Dinner Set,Home & Kitchen,2994.44,3,UK,8983.32
O00664,2025-07-28,C106,P020,Water Bottle,Home & Kitchen,271.44,2,USA,542.88
O00665,2025-10-31,C140,P007,Jeans,Fashion,1476.24,1,USA,1476.24
O00665,2025-10-31,C140,P010,Formal Shirt,Fashion,1285.62,2,Australia,2571.24
O00665,2025-10-31,C140,P025,Badminton Racket,Sports,779.07,2,India,1558.14
O00666,2025-06-29,C022,P001,Smartphone,Electronics,17807.86,1,Australia,17807.86
O00666,2025-06-29,C022,P014,Sugar 1kg,Groceries,55.71,3,India,167.13
O00667,2025-09-07,C107,P019,Bedsheet,Home & Kitchen,900.48,2,Australia,1800.96
O00667,2025-09-07,C107,P008,Sneakers,Fashion,2716.14,2,USA,5432.28
O00667,2025-09-07,C107,P022,Football,Sports,871.25,1,Australia,871.25
O00667,2025-09-07,C107,P012,Wheat Flour 5kg,Groceries,348.87,1,Australia,348.87
O00668,2025-10-06,C180,P004,Bluetooth Speaker,Electronics,3524.85,2,USA,7049.7
O00668,2025-10-06,C180,P010,Formal Shirt,Fashion,1145.28,3,UK,3435.84
O00668,2025-10-06,C180,P025,Badminton Racket,Sports,841.01,1,Canada,841.01
O00668,2025-10-06,C180,P005,Smartwatch,Electronics,7572.98,2,India,15145.96
O00668,2025-10-06,C180,P022,Football,Sports,879.54,1,UK,879.54
O00669,2025-07-15,C166,P003,Headphones,Electronics,2386.69,3,Canada,7160.07
O00669,2025-07-15,C166,P025,Badminton Racket,Sports,803.08,1,Canada,803.08
O00669,2025-07-15,C166,P016,Mixer Grinder,Home & Kitchen,3077.32,2,India,6154.64
O00670,2025-09-12,C090,P014,Sugar 1kg,Groceries,53.65,2,UK,107.3
O00670,2025-09-12,C090,P004,Bluetooth Speaker,Electronics,3697.02,1,UK,3697.02
O00670,2025-09-12,C090,P006,T-Shirt,Fashion,696.1,3,UK,2088.3
O00670,2025-09-12,C090,P012,Wheat Flour 5kg,Groceries,337.84,3,USA,1013.52
O00671,2025-10-08,C116,P021,Cricket Bat,Sports,1491.5,1,UK,1491.5
O00671,2025-10-08,C116,P023,Yoga Mat,Sports,714.98,1,USA,714.98
O00671,2025-10-08,C116,P022,Football,Sports,951.56,3,Australia,2854.68
O00671,2025-10-08,C116,P007,Jeans,Fashion,1580.47,1,UK,1580.47
O00671,2025-10-08,C116,P018,Dinner Set,Home & Kitchen,3010.7,3,UK,9032.099999999999
O00672,2025-11-12,C142,P024,Dumbbells 5kg,Sports,1243.06,1,Canada,1243.06
O00672,2025-11-12,C142,P017,Pressure Cooker,Home & Kitchen,2383.4,1,Australia,2383.4
O00672,2025-11-12,C142,P023,Yoga Mat,Sports,736.86,1,Australia,736.86
O00672,2025-11-12,C142,P022,Football,Sports,888.05,3,USA,2664.1499999999996
O00673,2025-02-09,C163,P006,T-Shirt,Fashion,699.46,1,Canada,699.46
O00673,2025-02-09,C163,P013,Cooking Oil 1L,Groceries,168.36,3,Canada,505.08000000000004
O00673,2025-02-09,C163,P011,Rice 5kg,Groceries,356.16,3,UK,1068.48
O00673,2025-02-09,C163,P007,Jeans,Fashion,1478.95,1,Australia,1478.95
O00674,2025-11-16,C149,P017,Pressure Cooker,Home & Kitchen,2126.91,1,India,2126.91
O00674,2025-11-16,C149,P010,Formal Shirt,Fashion,1174.78,3,India,3524.34
O00674,2025-11-16,C149,P007,Jeans,Fashion,1616.77,1,USA,1616.77
O00674,2025-11-16,C149,P006,T-Shirt,Fashion,758.39,3,USA,2275.17
O00674,2025-11-16,C149,P014,Sugar 1kg,Groceries,53.04,2,UK,106.08
O00675,2025-01-31,C006,P020,Water Bottle,Home & Kitchen,239.07,3,Canada,717.21
O00676,2025-10-21,C104,P010,Formal Shirt,Fashion,1142.36,1,USA,1142.36
O00676,2025-10-21,C104,P011,Rice 5kg,Groceries,373.44,1,Australia,373.44
O00676,2025-10-21,C104,P001,Smartphone,Electronics,19101.89,1,Australia,19101.89
O00677,2025-03-09,C082,P005,Smartwatch,Electronics,6712.41,2,India,13424.82
O00678,2025-04-21,C143,P017,Pressure Cooker,Home & Kitchen,2360.39,2,India,4720.78
O00678,2025-04-21,C143,P013,Cooking Oil 1L,Groceries,159.69,1,India,159.69
O00678,2025-04-21,C143,P014,Sugar 1kg,Groceries,58.2,1,Canada,58.2
O00679,2025-09-06,C076,P025,Badminton Racket,Sports,854.16,1,Australia,854.16
O00679,2025-09-06,C076,P014,Sugar 1kg,Groceries,53.84,1,Canada,53.84
O00680,2025-06-05,C158,P015,Tea 500g,Groceries,240.55,1,India,240.55
O00681,2025-10-06,C139,P003,Headphones,Electronics,2397.86,3,UK,7193.58
O00681,2025-10-06,C139,P019,Bedsheet,Home & Kitchen,948.37,1,UK,948.37
O00682,2025-10-22,C110,P012,Wheat Flour 5kg,Groceries,336.09,3,UK,1008.27
O00682,2025-10-22,C110,P024,Dumbbells 5kg,Sports,1239.28,3,USA,3717.84
O00683,2025-02-21,C150,P016,Mixer Grinder,Home & Kitchen,3153.84,1,Australia,3153.84
O00683,2025-02-21,C150,P023,Yoga Mat,Sports,746.87,2,Australia,1493.74
O00683,2025-02-21,C150,P003,Headphones,Electronics,2471.36,1,UK,2471.36
O00684,2025-11-22,C143,P009,Jacket,Fashion,2863.62,1,Australia,2863.62
O00684,2025-11-22,C143,P024,Dumbbells 5kg,Sports,1283.52,1,UK,1283.52
O00684,2025-11-22,C143,P008,Sneakers,Fashion,2475.37,1,USA,2475.37
O00684,2025-11-22,C143,P010,Formal Shirt,Fashion,1279.0,3,Australia,3837.0
O00685,2025-03-11,C026,P019,Bedsheet,Home & Kitchen,896.29,1,Canada,896.29
O00685,2025-03-11,C026,P025,Badminton Racket,Sports,786.3,2,India,1572.6
O00685,2025-03-11,C026,P024,Dumbbells 5kg,Sports,1233.26,3,Canada,3699.7799999999997
O00686,2025-07-01,C166,P025,Badminton Racket,Sports,830.73,1,UK,830.73
O00686,2025-07-01,C166,P024,Dumbbells 5kg,Sports,1195.3,3,UK,3585.8999999999996
O00686,2025-07-01,C166,P015,Tea 500g,Groceries,229.4,3,Canada,688.2
O00687,2025-03-09,C130,P014,Sugar 1kg,Groceries,53.6,2,Canada,107.2
O00687,2025-03-09,C130,P011,Rice 5kg,Groceries,359.17,1,India,359.17
O00687,2025-03-09,C130,P013,Cooking Oil 1L,Groceries,163.15,1,USA,163.15
O00688,2025-03-27,C059,P014,Sugar 1kg,Groceries,60.08,3,USA,180.24
O00689,2025-01-20,C186,P005,Smartwatch,Electronics,7288.11,3,India,21864.329999999998
O00689,2025-01-20,C186,P007,Jeans,Fashion,1583.12,3,Australia,4749.36
O00689,2025-01-20,C186,P003,Headphones,Electronics,2622.15,3,Canada,7866.450000000001
O00689,2025-01-20,C186,P010,Formal Shirt,Fashion,1144.97,3,Australia,3434.91
O00690,2025-02-06,C146,P009,Jacket,Fashion,3217.81,3,Australia,9653.43
O00690,2025-02-06,C146,P001,Smartphone,Electronics,19421.2,3,India,58263.600000000006
O00690,2025-02-06,C146,P003,Headphones,Electronics,2580.58,1,Australia,2580.58
O00690,2025-02-06,C146,P011,Rice 5kg,Groceries,354.07,1,Australia,354.07
O00690,2025-02-06,C146,P022,Football,Sports,917.37,1,USA,917.37
O00691,2025-03-09,C043,P014,Sugar 1kg,Groceries,57.8,3,India,173.39999999999998
O00691,2025-03-09,C043,P025,Badminton Racket,Sports,786.53,2,UK,1573.06
O00691,2025-03-09,C043,P023,Yoga Mat,Sports,739.83,1,Canada,739.83
O00691,2025-03-09,C043,P002,Laptop,Electronics,59629.34,3,USA,178888.02
O00692,2025-11-07,C128,P021,Cricket Bat,Sports,1557.8,2,UK,3115.6
O00693,2025-05-21,C088,P010,Formal Shirt,Fashion,1230.37,1,UK,1230.37
O00693,2025-05-21,C088,P012,Wheat Flour 5kg,Groceries,334.26,1,Australia,334.26
O00693,2025-05-21,C088,P015,Tea 500g,Groceries,230.66,1,UK,230.66
O00694,2025-11-07,C162,P017,Pressure Cooker,Home & Kitchen,2199.33,1,USA,2199.33
O00694,2025-11-07,C162,P006,T-Shirt,Fashion,738.86,2,India,1477.72
O00694,2025-11-07,C162,P009,Jacket,Fashion,3074.17,3,India,9222.51
O00694,2025-11-07,C162,P010,Formal Shirt,Fashion,1170.8,3,India,3512.3999999999996
O00695,2025-04-25,C140,P023,Yoga Mat,Sports,742.9,2,USA,1485.8
O00695,2025-04-25,C140,P012,Wheat Flour 5kg,Groceries,330.44,3,UK,991.3199999999999
O00695,2025-04-25,C140,P020,Water Bottle,Home & Kitchen,256.92,2,USA,513.84
O00696,2025-11-26,C040,P015,Tea 500g,Groceries,240.72,3,UK,722.16
O00697,2025-02-27,C094,P004,Bluetooth Speaker,Electronics,3743.85,3,Australia,11231.55
O00697,2025-02-27,C094,P023,Yoga Mat,Sports,740.77,1,UK,740.77
O00697,2025-02-27,C094,P024,Dumbbells 5kg,Sports,1156.48,3,Australia,3469.44
O00697,2025-02-27,C094,P007,Jeans,Fashion,1449.4,3,Canada,4348.200000000001
O00698,2025-07-08,C100,P022,Football,Sports,907.05,3,Canada,2721.1499999999996
O00699,2025-12-27,C153,P016,Mixer Grinder,Home & Kitchen,3157.5,1,India,3157.5
O00699,2025-12-27,C153,P004,Bluetooth Speaker,Electronics,3803.78,3,UK,11411.34
O00699,2025-12-27,C153,P011,Rice 5kg,Groceries,355.86,2,India,711.72
O00700,2025-04-10,C190,P008,Sneakers,Fashion,2425.13,2,India,4850.26
O00700,2025-04-10,C190,P010,Formal Shirt,Fashion,1234.08,2,Australia,2468.16
O00700,2025-04-10,C190,P013,Cooking Oil 1L,Groceries,173.77,3,Australia,521.3100000000001
O00700,2025-04-10,C190,P007,Jeans,Fashion,1521.97,1,UK,1521.97
O00701,2025-03-27,C017,P024,Dumbbells 5kg,Sports,1273.81,3,USA,3821.43
O00701,2025-03-27,C017,P010,Formal Shirt,Fashion,1257.15,2,India,2514.3
O00701,2025-03-27,C017,P020,Water Bottle,Home & Kitchen,243.19,3,Canada,729.5699999999999
O00701,2025-03-27,C017,P003,Headphones,Electronics,2706.23,2,India,5412.46
O00701,2025-03-27,C017,P009,Jacket,Fashion,2889.96,1,Canada,2889.96
O00702,2025-05-26,C136,P017,Pressure Cooker,Home & Kitchen,2279.51,1,Canada,2279.51
O00703,2025-02-12,C126,P006,T-Shirt,Fashion,699.87,1,India,699.87
O00704,2025-01-01,C128,P021,Cricket Bat,Sports,1603.6,1,Australia,1603.6
O00704,2025-01-01,C128,P024,Dumbbells 5kg,Sports,1315.7,3,USA,3947.1000000000004
O00704,2025-01-01,C128,P006,T-Shirt,Fashion,710.04,3,Canada,2130.12
O00704,2025-01-01,C128,P018,Dinner Set,Home & Kitchen,2903.33,1,USA,2903.33
O00704,2025-01-01,C128,P012,Wheat Flour 5kg,Groceries,339.06,2,USA,678.12
O00705,2025-03-29,C196,P007,Jeans,Fashion,1566.71,3,USA,4700.13
O00705,2025-03-29,C196,P018,Dinner Set,Home & Kitchen,3011.42,3,USA,9034.26
O00705,2025-03-29,C196,P005,Smartwatch,Electronics,7421.03,1,India,7421.03
O00706,2025-01-22,C086,P005,Smartwatch,Electronics,7189.06,3,Australia,21567.18
O00706,2025-01-22,C086,P013,Cooking Oil 1L,Groceries,163.16,3,India,489.48
O00707,2025-08-26,C022,P021,Cricket Bat,Sports,1537.4,1,Canada,1537.4
O00707,2025-08-26,C022,P015,Tea 500g,Groceries,216.22,2,USA,432.44
O00707,2025-08-26,C022,P004,Bluetooth Speaker,Electronics,3342.76,3,USA,10028.28
O00707,2025-08-26,C022,P005,Smartwatch,Electronics,7363.11,3,India,22089.329999999998
O00707,2025-08-26,C022,P018,Dinner Set,Home & Kitchen,2660.12,2,Canada,5320.24
O00708,2025-08-31,C032,P005,Smartwatch,Electronics,7386.74,3,Australia,22160.22
O00709,2025-09-11,C104,P019,Bedsheet,Home & Kitchen,898.35,3,Australia,2695.05
O00709,2025-09-11,C104,P005,Smartwatch,Electronics,7343.03,1,USA,7343.03
O00709,2025-09-11,C104,P024,Dumbbells 5kg,Sports,1217.39,3,India,3652.17
O00709,2025-09-11,C104,P010,Formal Shirt,Fashion,1144.08,2,Australia,2288.16
O00709,2025-09-11,C104,P002,Laptop,Electronics,58935.67,2,Australia,117871.34
O00710,2025-10-21,C023,P006,T-Shirt,Fashion,694.52,3,USA,2083.56
O00710,2025-10-21,C023,P019,Bedsheet,Home & Kitchen,863.66,2,UK,1727.32
O00710,2025-10-21,C023,P023,Yoga Mat,Sports,709.05,1,USA,709.05
O00710,2025-10-21,C023,P009,Jacket,Fashion,2896.92,3,Australia,8690.76
O00710,2025-10-21,C023,P007,Jeans,Fashion,1449.2,1,USA,1449.2
O00711,2025-09-09,C160,P022,Football,Sports,984.91,1,Canada,984.91
O00711,2025-09-09,C160,P018,Dinner Set,Home & Kitchen,2915.24,3,India,8745.72
O00711,2025-09-09,C160,P014,Sugar 1kg,Groceries,60.06,2,Australia,120.12
O00712,2025-08-17,C078,P009,Jacket,Fashion,3146.14,2,USA,6292.28
O00712,2025-08-17,C078,P019,Bedsheet,Home & Kitchen,867.52,3,India,2602.56
O00712,2025-08-17,C078,P002,Laptop,Electronics,57566.94,3,USA,172700.82
O00712,2025-08-17,C078,P021,Cricket Bat,Sports,1447.33,1,UK,1447.33
O00712,2025-08-17,C078,P023,Yoga Mat,Sports,687.62,3,USA,2062.86
O00713,2025-03-31,C126,P015,Tea 500g,Groceries,220.28,1,UK,220.28
O00713,2025-03-31,C126,P023,Yoga Mat,Sports,695.14,2,USA,1390.28
O00713,2025-03-31,C126,P021,Cricket Bat,Sports,1431.51,1,Canada,1431.51
O00713,2025-03-31,C126,P017,Pressure Cooker,Home & Kitchen,2296.18,3,UK,6888.539999999999
O00713,2025-03-31,C126,P007,Jeans,Fashion,1511.34,3,UK,4534.0199999999995
O00714,2025-06-08,C115,P022,Football,Sports,910.69,1,Canada,910.69
O00714,2025-06-08,C115,P011,Rice 5kg,Groceries,359.63,3,Canada,1078.8899999999999
O00715,2025-08-17,C155,P008,Sneakers,Fashion,2734.44,3,Canada,8203.32
O00715,2025-08-17,C155,P015,Tea 500g,Groceries,218.79,3,Australia,656.37
O00716,2025-10-14,C040,P012,Wheat Flour 5kg,Groceries,338.31,1,UK,338.31
O00717,2025-02-27,C171,P004,Bluetooth Speaker,Electronics,3414.36,2,Canada,6828.72
O00718,2025-07-15,C183,P016,Mixer Grinder,Home & Kitchen,3214.88,2,India,6429.76
O00718,2025-07-15,C183,P004,Bluetooth Speaker,Electronics,3541.85,1,India,3541.85
O00718,2025-07-15,C183,P020,Water Bottle,Home & Kitchen,259.93,2,USA,519.86
O00718,2025-07-15,C183,P021,Cricket Bat,Sports,1466.93,1,USA,1466.93
O00719,2025-05-05,C036,P017,Pressure Cooker,Home & Kitchen,2292.18,1,India,2292.18
O00719,2025-05-05,C036,P019,Bedsheet,Home & Kitchen,874.26,3,Canada,2622.7799999999997
O00719,2025-05-05,C036,P013,Cooking Oil 1L,Groceries,169.19,2,USA,338.38
O00719,2025-05-05,C036,P018,Dinner Set,Home & Kitchen,3033.46,3,Australia,9100.380000000001
O00720,2025-05-11,C151,P024,Dumbbells 5kg,Sports,1298.75,3,UK,3896.25
O00721,2025-02-18,C007,P010,Formal Shirt,Fashion,1269.76,2,USA,2539.52
O00721,2025-02-18,C007,P004,Bluetooth Speaker,Electronics,3652.81,3,Canada,10958.43
O00721,2025-02-18,C007,P006,T-Shirt,Fashion,697.86,3,USA,2093.58
O00721,2025-02-18,C007,P022,Football,Sports,975.94,1,Australia,975.94
O00722,2025-05-29,C014,P012,Wheat Flour 5kg,Groceries,315.66,2,India,631.32
O00723,2025-07-28,C103,P021,Cricket Bat,Sports,1476.72,1,India,1476.72
O00723,2025-07-28,C103,P014,Sugar 1kg,Groceries,54.91,1,USA,54.91
O00724,2025-07-02,C192,P017,Pressure Cooker,Home & Kitchen,2139.62,1,Canada,2139.62
O00724,2025-07-02,C192,P008,Sneakers,Fashion,2700.74,2,Canada,5401.48
O00724,2025-07-02,C192,P007,Jeans,Fashion,1525.12,2,Australia,3050.24
O00724,2025-07-02,C192,P010,Formal Shirt,Fashion,1197.57,2,Canada,2395.14
O00724,2025-07-02,C192,P006,T-Shirt,Fashion,747.76,3,India,2243.2799999999997
O00725,2025-12-28,C135,P018,Dinner Set,Home & Kitchen,2721.94,1,Canada,2721.94
O00726,2025-04-17,C066,P008,Sneakers,Fashion,2426.74,3,Canada,7280.219999999999
O00726,2025-04-17,C066,P013,Cooking Oil 1L,Groceries,160.73,2,India,321.46
O00726,2025-04-17,C066,P015,Tea 500g,Groceries,214.63,3,Australia,643.89
O00726,2025-04-17,C066,P011,Rice 5kg,Groceries,350.84,1,Canada,350.84
O00726,2025-04-17,C066,P024,Dumbbells 5kg,Sports,1230.69,1,USA,1230.69
O00727,2025-10-11,C168,P021,Cricket Bat,Sports,1578.47,2,Canada,3156.94
O00727,2025-10-11,C168,P019,Bedsheet,Home & Kitchen,893.08,2,India,1786.16
O00727,2025-10-11,C168,P017,Pressure Cooker,Home & Kitchen,2221.75,1,USA,2221.75
O00727,2025-10-11,C168,P013,Cooking Oil 1L,Groceries,161.73,1,India,161.73
O00728,2025-11-15,C194,P016,Mixer Grinder,Home & Kitchen,3425.81,3,USA,10277.43
O00728,2025-11-15,C194,P019,Bedsheet,Home & Kitchen,930.69,1,India,930.69
O00728,2025-11-15,C194,P006,T-Shirt,Fashion,686.9,1,Australia,686.9
O00729,2025-09-16,C111,P017,Pressure Cooker,Home & Kitchen,2225.16,1,India,2225.16
O00729,2025-09-16,C111,P016,Mixer Grinder,Home & Kitchen,3145.49,2,UK,6290.98
O00729,2025-09-16,C111,P019,Bedsheet,Home & Kitchen,954.62,3,Canada,2863.86
O00729,2025-09-16,C111,P003,Headphones,Electronics,2569.38,1,UK,2569.38
O00730,2025-09-05,C049,P023,Yoga Mat,Sports,678.93,2,Australia,1357.86
O00730,2025-09-05,C049,P001,Smartphone,Electronics,18858.99,1,Australia,18858.99
O00730,2025-09-05,C049,P006,T-Shirt,Fashion,734.31,3,UK,2202.93
O00731,2025-08-16,C043,P013,Cooking Oil 1L,Groceries,158.54,2,USA,317.08
O00731,2025-08-16,C043,P003,Headphones,Electronics,2505.53,2,Canada,5011.06
O00732,2025-01-24,C088,P013,Cooking Oil 1L,Groceries,155.73,2,UK,311.46
O00732,2025-01-24,C088,P018,Dinner Set,Home & Kitchen,2987.45,3,Canada,8962.349999999999
O00732,2025-01-24,C088,P007,Jeans,Fashion,1574.29,1,Australia,1574.29
O00732,2025-01-24,C088,P004,Bluetooth Speaker,Electronics,3678.26,3,UK,11034.78
O00732,2025-01-24,C088,P009,Jacket,Fashion,3064.3,1,UK,3064.3
O00733,2025-07-03,C067,P018,Dinner Set,Home & Kitchen,2943.17,1,Australia,2943.17
O00733,2025-07-03,C067,P015,Tea 500g,Groceries,233.06,3,India,699.1800000000001
O00733,2025-07-03,C067,P014,Sugar 1kg,Groceries,59.77,3,UK,179.31
O00734,2025-04-27,C076,P009,Jacket,Fashion,3238.36,3,Australia,9715.08
O00735,2025-02-17,C136,P025,Badminton Racket,Sports,762.23,2,India,1524.46
O00735,2025-02-17,C136,P015,Tea 500g,Groceries,236.88,2,India,473.76
O00735,2025-02-17,C136,P018,Dinner Set,Home & Kitchen,2918.91,1,India,2918.91
O00735,2025-02-17,C136,P013,Cooking Oil 1L,Groceries,164.07,2,Canada,328.14
O00736,2025-06-08,C099,P011,Rice 5kg,Groceries,376.03,3,Australia,1128.09
O00736,2025-06-08,C099,P009,Jacket,Fashion,3080.33,2,Canada,6160.66
O00736,2025-06-08,C099,P001,Smartphone,Electronics,18335.14,2,Australia,36670.28
O00737,2025-12-31,C124,P012,Wheat Flour 5kg,Groceries,322.86,3,UK,968.58
O00737,2025-12-31,C124,P022,Football,Sports,926.35,1,Canada,926.35
O00737,2025-12-31,C124,P014,Sugar 1kg,Groceries,58.12,1,India,58.12
O00737,2025-12-31,C124,P013,Cooking Oil 1L,Groceries,161.57,1,Canada,161.57
O00738,2025-10-14,C053,P024,Dumbbells 5kg,Sports,1193.24,1,USA,1193.24
O00738,2025-10-14,C053,P012,Wheat Flour 5kg,Groceries,324.9,2,USA,649.8
O00738,2025-10-14,C053,P011,Rice 5kg,Groceries,335.45,1,USA,335.45
O00738,2025-10-14,C053,P008,Sneakers,Fashion,2685.25,3,India,8055.75
O00739,2025-06-08,C184,P007,Jeans,Fashion,1561.54,2,UK,3123.08
O00739,2025-06-08,C184,P012,Wheat Flour 5kg,Groceries,339.95,1,UK,339.95
O00740,2025-01-27,C051,P020,Water Bottle,Home & Kitchen,242.22,3,USA,726.66
O00740,2025-01-27,C051,P025,Badminton Racket,Sports,803.37,2,Australia,1606.74
O00740,2025-01-27,C051,P022,Football,Sports,855.14,2,Canada,1710.28
O00740,2025-01-27,C051,P003,Headphones,Electronics,2566.4,1,Canada,2566.4
O00740,2025-01-27,C051,P010,Formal Shirt,Fashion,1261.04,2,UK,2522.08
O00741,2025-02-22,C130,P018,Dinner Set,Home & Kitchen,2678.55,3,USA,8035.650000000001
O00741,2025-02-22,C130,P023,Yoga Mat,Sports,672.45,1,UK,672.45
O00741,2025-02-22,C130,P004,Bluetooth Speaker,Electronics,3485.65,1,USA,3485.65
O00741,2025-02-22,C130,P001,Smartphone,Electronics,17750.78,2,UK,35501.56
O00742,2025-04-01,C135,P013,Cooking Oil 1L,Groceries,168.92,2,Australia,337.84
O00742,2025-04-01,C135,P024,Dumbbells 5kg,Sports,1251.86,1,UK,1251.86
O00742,2025-04-01,C135,P006,T-Shirt,Fashion,687.16,1,USA,687.16
O00743,2025-12-05,C164,P008,Sneakers,Fashion,2418.29,2,India,4836.58
O00743,2025-12-05,C164,P017,Pressure Cooker,Home & Kitchen,2179.28,3,Australia,6537.84
O00744,2025-02-22,C062,P013,Cooking Oil 1L,Groceries,154.22,1,Canada,154.22
O00744,2025-02-22,C062,P017,Pressure Cooker,Home & Kitchen,2234.66,1,USA,2234.66
O00744,2025-02-22,C062,P020,Water Bottle,Home & Kitchen,252.02,1,UK,252.02
O00744,2025-02-22,C062,P023,Yoga Mat,Sports,761.62,3,Australia,2284.86
O00744,2025-02-22,C062,P012,Wheat Flour 5kg,Groceries,349.74,3,India,1049.22
O00745,2025-04-21,C080,P025,Badminton Racket,Sports,779.57,1,Australia,779.57
O00745,2025-04-21,C080,P019,Bedsheet,Home & Kitchen,925.46,2,UK,1850.92
O00745,2025-04-21,C080,P014,Sugar 1kg,Groceries,57.23,3,Australia,171.69
O00745,2025-04-21,C080,P009,Jacket,Fashion,2907.61,2,India,5815.22
O00745,2025-04-21,C080,P007,Jeans,Fashion,1598.89,1,Australia,1598.89
O00746,2025-01-11,C120,P025,Badminton Racket,Sports,789.22,2,Canada,1578.44
O00746,2025-01-11,C120,P021,Cricket Bat,Sports,1625.24,1,Canada,1625.24
O00746,2025-01-11,C120,P023,Yoga Mat,Sports,754.22,2,Canada,1508.44
O00746,2025-01-11,C120,P001,Smartphone,Electronics,18016.84,2,India,36033.68
O00746,2025-01-11,C120,P009,Jacket,Fashion,3041.62,2,UK,6083.24
O00747,2025-05-04,C165,P024,Dumbbells 5kg,Sports,1259.07,2,UK,2518.14
O00748,2025-03-02,C183,P005,Smartwatch,Electronics,7443.49,3,Canada,22330.47
O00749,2025-03-03,C096,P012,Wheat Flour 5kg,Groceries,342.55,3,Australia,1027.65
O00749,2025-03-03,C096,P017,Pressure Cooker,Home & Kitchen,2165.64,2,India,4331.28
O00749,2025-03-03,C096,P025,Badminton Racket,Sports,869.55,1,Australia,869.55
O00750,2025-01-16,C016,P017,Pressure Cooker,Home & Kitchen,2310.88,1,India,2310.88
O00750,2025-01-16,C016,P025,Badminton Racket,Sports,831.95,2,Australia,1663.9
O00751,2025-07-18,C117,P013,Cooking Oil 1L,Groceries,167.26,3,Canada,501.78
O00751,2025-07-18,C117,P008,Sneakers,Fashion,2600.99,2,Canada,5201.98
O00752,2025-01-26,C066,P002,Laptop,Electronics,52832.94,3,Canada,158498.82
O00753,2025-01-29,C185,P025,Badminton Racket,Sports,769.35,1,UK,769.35
O00753,2025-01-29,C185,P017,Pressure Cooker,Home & Kitchen,2411.18,1,UK,2411.18
O00753,2025-01-29,C185,P022,Football,Sports,857.1,1,Canada,857.1
O00754,2025-05-30,C139,P022,Football,Sports,934.54,2,UK,1869.08
O00754,2025-05-30,C139,P004,Bluetooth Speaker,Electronics,3337.15,2,UK,6674.3
O00754,2025-05-30,C139,P017,Pressure Cooker,Home & Kitchen,2234.01,2,Australia,4468.02
O00754,2025-05-30,C139,P003,Headphones,Electronics,2708.06,3,Australia,8124.18
O00754,2025-05-30,C139,P023,Yoga Mat,Sports,755.21,2,UK,1510.42
O00755,2025-10-25,C169,P016,Mixer Grinder,Home & Kitchen,3399.59,3,UK,10198.77
O00755,2025-10-25,C169,P012,Wheat Flour 5kg,Groceries,313.22,3,UK,939.6600000000001
O00755,2025-10-25,C169,P018,Dinner Set,Home & Kitchen,2679.89,1,UK,2679.89
O00755,2025-10-25,C169,P020,Water Bottle,Home & Kitchen,253.02,3,UK,759.0600000000001
O00755,2025-10-25,C169,P004,Bluetooth Speaker,Electronics,3555.71,2,USA,7111.42
O00756,2025-05-16,C020,P010,Formal Shirt,Fashion,1298.13,3,Australia,3894.3900000000003
O00756,2025-05-16,C020,P011,Rice 5kg,Groceries,352.61,3,USA,1057.83
O00756,2025-05-16,C020,P019,Bedsheet,Home & Kitchen,981.59,2,USA,1963.18
O00756,2025-05-16,C020,P020,Water Bottle,Home & Kitchen,246.6,1,Australia,246.6
O00756,2025-05-16,C020,P013,Cooking Oil 1L,Groceries,154.91,3,Australia,464.73
O00757,2025-03-30,C136,P023,Yoga Mat,Sports,674.07,2,Canada,1348.14
O00757,2025-03-30,C136,P008,Sneakers,Fashion,2683.49,3,Australia,8050.469999999999
O00757,2025-03-30,C136,P001,Smartphone,Electronics,18282.64,2,Canada,36565.28
O00757,2025-03-30,C136,P018,Dinner Set,Home & Kitchen,2771.02,3,UK,8313.06
O00758,2025-02-04,C120,P013,Cooking Oil 1L,Groceries,160.85,3,USA,482.54999999999995
O00758,2025-02-04,C120,P022,Football,Sports,978.77,3,Canada,2936.31
O00758,2025-02-04,C120,P003,Headphones,Electronics,2499.12,2,Canada,4998.24
O00758,2025-02-04,C120,P024,Dumbbells 5kg,Sports,1204.67,3,India,3614.01
O00758,2025-02-04,C120,P010,Formal Shirt,Fashion,1189.96,3,India,3569.88
O00759,2025-09-19,C075,P023,Yoga Mat,Sports,705.76,3,India,2117.2799999999997
O00760,2025-01-30,C137,P007,Jeans,Fashion,1560.34,3,Australia,4681.0199999999995
O00760,2025-01-30,C137,P017,Pressure Cooker,Home & Kitchen,2239.13,2,Australia,4478.26
O00761,2025-05-17,C066,P008,Sneakers,Fashion,2730.49,2,UK,5460.98
O00761,2025-05-17,C066,P015,Tea 500g,Groceries,229.55,2,USA,459.1
O00761,2025-05-17,C066,P021,Cricket Bat,Sports,1632.08,3,Canada,4896.24
O00762,2025-08-23,C139,P011,Rice 5kg,Groceries,369.58,1,UK,369.58
O00762,2025-08-23,C139,P024,Dumbbells 5kg,Sports,1180.26,3,Canada,3540.7799999999997
O00762,2025-08-23,C139,P021,Cricket Bat,Sports,1561.76,2,Canada,3123.52
O00762,2025-08-23,C139,P009,Jacket,Fashion,3130.81,2,UK,6261.62
O00762,2025-08-23,C139,P017,Pressure Cooker,Home & Kitchen,2209.45,2,Australia,4418.9
O00763,2025-05-20,C018,P011,Rice 5kg,Groceries,335.29,3,Australia,1005.8700000000001
O00763,2025-05-20,C018,P015,Tea 500g,Groceries,217.84,3,USA,653.52
O00764,2025-01-18,C107,P007,Jeans,Fashion,1524.57,2,India,3049.14
O00764,2025-01-18,C107,P020,Water Bottle,Home & Kitchen,254.87,2,Australia,509.74
O00764,2025-01-18,C107,P006,T-Shirt,Fashion,759.86,1,UK,759.86
O00764,2025-01-18,C107,P022,Football,Sports,860.31,1,USA,860.31
O00765,2025-10-20,C190,P016,Mixer Grinder,Home & Kitchen,3192.64,2,Canada,6385.28
O00766,2025-03-19,C060,P003,Headphones,Electronics,2534.87,1,USA,2534.87
O00766,2025-03-19,C060,P005,Smartwatch,Electronics,7332.47,2,Australia,14664.94
O00766,2025-03-19,C060,P008,Sneakers,Fashion,2470.47,2,Australia,4940.94
O00766,2025-03-19,C060,P010,Formal Shirt,Fashion,1258.3,1,Canada,1258.3
O00767,2025-05-06,C106,P001,Smartphone,Electronics,17582.28,2,Australia,35164.56
O00768,2025-03-16,C038,P016,Mixer Grinder,Home & Kitchen,3158.97,2,Australia,6317.94
O00769,2025-01-12,C007,P006,T-Shirt,Fashion,717.23,2,Canada,1434.46
O00769,2025-01-12,C007,P016,Mixer Grinder,Home & Kitchen,3106.85,1,UK,3106.85
O00769,2025-01-12,C007,P002,Laptop,Electronics,55566.47,2,UK,111132.94
O00769,2025-01-12,C007,P008,Sneakers,Fashion,2504.45,3,India,7513.349999999999
O00770,2025-08-13,C173,P003,Headphones,Electronics,2522.35,2,UK,5044.7
O00770,2025-08-13,C173,P008,Sneakers,Fashion,2429.81,1,Australia,2429.81
O00770,2025-08-13,C173,P021,Cricket Bat,Sports,1505.33,1,USA,1505.33
O00771,2025-03-07,C051,P016,Mixer Grinder,Home & Kitchen,3227.78,1,Canada,3227.78
O00772,2025-08-22,C009,P011,Rice 5kg,Groceries,341.33,1,India,341.33
O00772,2025-08-22,C009,P001,Smartphone,Electronics,18552.86,1,USA,18552.86
O00772,2025-08-22,C009,P023,Yoga Mat,Sports,697.55,2,UK,1395.1
O00772,2025-08-22,C009,P008,Sneakers,Fashion,2693.25,2,India,5386.5
O00773,2025-05-30,C065,P003,Headphones,Electronics,2622.71,3,UK,7868.13
O00773,2025-05-30,C065,P012,Wheat Flour 5kg,Groceries,344.68,1,India,344.68
O00773,2025-05-30,C065,P006,T-Shirt,Fashion,722.29,2,India,1444.58
O00773,2025-05-30,C065,P017,Pressure Cooker,Home & Kitchen,2415.71,2,Canada,4831.42
O00773,2025-05-30,C065,P009,Jacket,Fashion,3254.8,3,Canada,9764.400000000001
O00774,2025-06-15,C141,P010,Formal Shirt,Fashion,1212.89,3,Canada,3638.67
O00774,2025-06-15,C141,P021,Cricket Bat,Sports,1563.57,2,Australia,3127.14
O00774,2025-06-15,C141,P020,Water Bottle,Home & Kitchen,273.41,2,Australia,546.82
O00774,2025-06-15,C141,P004,Bluetooth Speaker,Electronics,3642.27,3,USA,10926.81
O00774,2025-06-15,C141,P008,Sneakers,Fashion,2744.28,1,Canada,2744.28
O00775,2025-03-18,C119,P025,Badminton Racket,Sports,857.97,1,India,857.97
O00775,2025-03-18,C119,P017,Pressure Cooker,Home & Kitchen,2269.13,3,India,6807.39
O00776,2025-12-23,C193,P011,Rice 5kg,Groceries,384.63,1,India,384.63
O00776,2025-12-23,C193,P019,Bedsheet,Home & Kitchen,871.47,3,Canada,2614.41
O00777,2025-03-13,C105,P020,Water Bottle,Home & Kitchen,251.29,3,UK,753.87
O00777,2025-03-13,C105,P019,Bedsheet,Home & Kitchen,925.9,1,UK,925.9
O00778,2025-12-04,C143,P007,Jeans,Fashion,1428.48,2,Canada,2856.96
O00778,2025-12-04,C143,P003,Headphones,Electronics,2468.73,1,Australia,2468.73
O00778,2025-12-04,C143,P025,Badminton Racket,Sports,815.84,3,USA,2447.52
O00778,2025-12-04,C143,P009,Jacket,Fashion,2979.2,1,UK,2979.2
O00778,2025-12-04,C143,P010,Formal Shirt,Fashion,1146.5,1,UK,1146.5
O00779,2025-02-18,C179,P016,Mixer Grinder,Home & Kitchen,3368.07,3,USA,10104.210000000001
O00779,2025-02-18,C179,P008,Sneakers,Fashion,2749.24,1,Canada,2749.24
O00779,2025-02-18,C179,P017,Pressure Cooker,Home & Kitchen,2243.82,3,India,6731.460000000001
O00780,2025-04-24,C156,P019,Bedsheet,Home & Kitchen,954.81,3,Canada,2864.43
O00780,2025-04-24,C156,P010,Formal Shirt,Fashion,1193.94,1,Australia,1193.94
O00780,2025-04-24,C156,P007,Jeans,Fashion,1476.6,1,India,1476.6
O00780,2025-04-24,C156,P013,Cooking Oil 1L,Groceries,152.97,3,Australia,458.90999999999997
O00781,2025-03-14,C004,P005,Smartwatch,Electronics,7349.14,3,UK,22047.420000000002
O00781,2025-03-14,C004,P003,Headphones,Electronics,2546.7,2,Australia,5093.4
O00781,2025-03-14,C004,P024,Dumbbells 5kg,Sports,1158.88,3,USA,3476.6400000000003
O00782,2025-12-02,C199,P009,Jacket,Fashion,3172.78,3,UK,9518.34
O00783,2025-05-31,C124,P024,Dumbbells 5kg,Sports,1265.21,2,India,2530.42
O00783,2025-05-31,C124,P007,Jeans,Fashion,1496.22,1,Canada,1496.22
O00783,2025-05-31,C124,P017,Pressure Cooker,Home & Kitchen,2372.06,3,Canada,7116.18
O00783,2025-05-31,C124,P021,Cricket Bat,Sports,1513.89,2,India,3027.78
O00783,2025-05-31,C124,P012,Wheat Flour 5kg,Groceries,350.62,2,USA,701.24
O00784,2025-02-24,C135,P002,Laptop,Electronics,59782.52,1,Canada,59782.52
O00784,2025-02-24,C135,P021,Cricket Bat,Sports,1575.57,2,India,3151.14
O00784,2025-02-24,C135,P011,Rice 5kg,Groceries,369.13,2,India,738.26
O00784,2025-02-24,C135,P015,Tea 500g,Groceries,234.17,2,Canada,468.34
O00785,2025-08-22,C087,P009,Jacket,Fashion,3065.76,1,UK,3065.76
O00786,2025-02-14,C017,P019,Bedsheet,Home & Kitchen,958.03,3,India,2874.09
O00786,2025-02-14,C017,P025,Badminton Racket,Sports,760.12,2,UK,1520.24
O00786,2025-02-14,C017,P018,Dinner Set,Home & Kitchen,2979.19,2,Australia,5958.38
O00786,2025-02-14,C017,P002,Laptop,Electronics,59434.43,3,India,178303.29
O00787,2025-01-22,C182,P013,Cooking Oil 1L,Groceries,166.68,3,Australia,500.04
O00787,2025-01-22,C182,P003,Headphones,Electronics,2469.89,2,Australia,4939.78
O00787,2025-01-22,C182,P020,Water Bottle,Home & Kitchen,238.23,2,India,476.46
O00788,2025-09-30,C045,P014,Sugar 1kg,Groceries,58.48,3,Canada,175.44
O00789,2025-01-02,C067,P007,Jeans,Fashion,1465.73,1,Canada,1465.73
O00789,2025-01-02,C067,P006,T-Shirt,Fashion,729.87,3,India,2189.61
O00789,2025-01-02,C067,P001,Smartphone,Electronics,17935.92,3,UK,53807.759999999995
O00789,2025-01-02,C067,P003,Headphones,Electronics,2478.57,2,USA,4957.14
O00790,2025-10-26,C188,P005,Smartwatch,Electronics,7371.23,2,India,14742.46
O00790,2025-10-26,C188,P018,Dinner Set,Home & Kitchen,3069.23,3,India,9207.69
O00790,2025-10-26,C188,P019,Bedsheet,Home & Kitchen,940.15,3,Canada,2820.45
O00790,2025-10-26,C188,P023,Yoga Mat,Sports,709.86,1,UK,709.86
O00790,2025-10-26,C188,P009,Jacket,Fashion,3103.14,3,India,9309.42
O00791,2025-09-14,C182,P013,Cooking Oil 1L,Groceries,168.89,2,Australia,337.78
O00791,2025-09-14,C182,P003,Headphones,Electronics,2638.23,2,Canada,5276.46
O00792,2025-06-04,C031,P017,Pressure Cooker,Home & Kitchen,2309.12,3,Australia,6927.36
O00793,2025-05-09,C107,P005,Smartwatch,Electronics,7123.36,1,Australia,7123.36
O00793,2025-05-09,C107,P010,Formal Shirt,Fashion,1256.55,1,USA,1256.55
O00793,2025-05-09,C107,P020,Water Bottle,Home & Kitchen,239.72,3,Canada,719.16
O00793,2025-05-09,C107,P016,Mixer Grinder,Home & Kitchen,3433.53,2,USA,6867.06
O00793,2025-05-09,C107,P012,Wheat Flour 5kg,Groceries,304.51,1,Canada,304.51
O00794,2025-04-27,C098,P020,Water Bottle,Home & Kitchen,256.67,1,Canada,256.67
O00795,2025-05-05,C174,P022,Football,Sports,883.02,2,UK,1766.04
O00795,2025-05-05,C174,P010,Formal Shirt,Fashion,1189.72,1,USA,1189.72
O00795,2025-05-05,C174,P018,Dinner Set,Home & Kitchen,2916.54,1,UK,2916.54
O00796,2025-10-04,C165,P007,Jeans,Fashion,1604.62,1,UK,1604.62
O00796,2025-10-04,C165,P018,Dinner Set,Home & Kitchen,2995.87,1,Australia,2995.87
O00797,2025-03-31,C068,P015,Tea 500g,Groceries,226.52,1,Australia,226.52
O00797,2025-03-31,C068,P013,Cooking Oil 1L,Groceries,152.79,3,Australia,458.37
O00797,2025-03-31,C068,P024,Dumbbells 5kg,Sports,1212.77,1,Canada,1212.77
O00797,2025-03-31,C068,P016,Mixer Grinder,Home & Kitchen,3357.91,2,Australia,6715.82
O00797,2025-03-31,C068,P005,Smartwatch,Electronics,7226.18,1,Australia,7226.18
O00798,2025-01-18,C169,P003,Headphones,Electronics,2739.29,3,Australia,8217.869999999999
O00798,2025-01-18,C169,P008,Sneakers,Fashion,2503.99,2,USA,5007.98
O00798,2025-01-18,C169,P018,Dinner Set,Home & Kitchen,2941.47,1,Canada,2941.47
O00799,2025-07-04,C006,P002,Laptop,Electronics,59217.71,2,USA,118435.42
O00799,2025-07-04,C006,P017,Pressure Cooker,Home & Kitchen,2261.66,3,UK,6784.98
O00800,2025-08-26,C138,P025,Badminton Racket,Sports,872.05,3,Australia,2616.1499999999996
O00800,2025-08-26,C138,P002,Laptop,Electronics,54255.27,3,India,162765.81
O00800,2025-08-26,C138,P019,Bedsheet,Home & Kitchen,963.38,1,India,963.38
O00800,2025-08-26,C138,P011,Rice 5kg,Groceries,351.46,2,India,702.92
O00800,2025-08-26,C138,P006,T-Shirt,Fashion,769.69,3,India,2309.07
O00801,2025-12-31,C182,P001,Smartphone,Electronics,18383.81,2,India,36767.62
O00801,2025-12-31,C182,P012,Wheat Flour 5kg,Groceries,337.66,2,India,675.32
O00801,2025-12-31,C182,P010,Formal Shirt,Fashion,1313.26,1,UK,1313.26
O00801,2025-12-31,C182,P005,Smartwatch,Electronics,7035.83,2,USA,14071.66
O00801,2025-12-31,C182,P018,Dinner Set,Home & Kitchen,2757.72,3,Australia,8273.16
O00802,2025-04-25,C066,P018,Dinner Set,Home & Kitchen,2813.96,1,Canada,2813.96
O00802,2025-04-25,C066,P004,Bluetooth Speaker,Electronics,3505.91,2,Canada,7011.82
O00802,2025-04-25,C066,P011,Rice 5kg,Groceries,380.15,1,Australia,380.15
O00803,2025-03-24,C098,P007,Jeans,Fashion,1639.17,2,Australia,3278.34
O00803,2025-03-24,C098,P019,Bedsheet,Home & Kitchen,948.58,1,UK,948.58
O00803,2025-03-24,C098,P012,Wheat Flour 5kg,Groceries,348.39,1,Australia,348.39
O00803,2025-03-24,C098,P021,Cricket Bat,Sports,1628.6,1,Australia,1628.6
O00803,2025-03-24,C098,P002,Laptop,Electronics,57996.11,1,USA,57996.11
O00804,2025-01-24,C126,P012,Wheat Flour 5kg,Groceries,311.06,1,USA,311.06
O00804,2025-01-24,C126,P022,Football,Sports,939.31,3,UK,2817.93
O00805,2025-08-06,C138,P024,Dumbbells 5kg,Sports,1200.26,3,USA,3600.7799999999997
O00805,2025-08-06,C138,P009,Jacket,Fashion,3153.82,3,India,9461.460000000001
O00805,2025-08-06,C138,P006,T-Shirt,Fashion,702.32,1,Australia,702.32
O00806,2025-08-28,C086,P019,Bedsheet,Home & Kitchen,915.33,2,India,1830.66
O00806,2025-08-28,C086,P024,Dumbbells 5kg,Sports,1211.45,3,Australia,3634.3500000000004
O00807,2025-09-28,C036,P021,Cricket Bat,Sports,1555.04,1,Canada,1555.04
O00807,2025-09-28,C036,P007,Jeans,Fashion,1488.79,2,India,2977.58
O00807,2025-09-28,C036,P013,Cooking Oil 1L,Groceries,170.54,2,USA,341.08
O00807,2025-09-28,C036,P022,Football,Sports,972.08,3,USA,2916.2400000000002
O00807,2025-09-28,C036,P009,Jacket,Fashion,3023.37,1,Canada,3023.37
O00808,2025-05-10,C028,P019,Bedsheet,Home & Kitchen,967.21,2,India,1934.42
O00808,2025-05-10,C028,P009,Jacket,Fashion,2853.07,3,USA,8559.210000000001
O00809,2025-03-15,C128,P021,Cricket Bat,Sports,1443.54,3,USA,4330.62
O00809,2025-03-15,C128,P023,Yoga Mat,Sports,704.3,1,USA,704.3
O00809,2025-03-15,C128,P020,Water Bottle,Home & Kitchen,273.83,3,Canada,821.49
O00810,2025-11-10,C091,P023,Yoga Mat,Sports,671.39,3,Canada,2014.17
O00810,2025-11-10,C091,P024,Dumbbells 5kg,Sports,1142.33,2,India,2284.66
O00810,2025-11-10,C091,P005,Smartwatch,Electronics,7009.22,2,India,14018.44
O00810,2025-11-10,C091,P006,T-Shirt,Fashion,733.42,1,India,733.42
O00810,2025-11-10,C091,P013,Cooking Oil 1L,Groceries,175.96,1,Canada,175.96
O00811,2025-09-29,C172,P024,Dumbbells 5kg,Sports,1210.82,2,India,2421.64
O00811,2025-09-29,C172,P020,Water Bottle,Home & Kitchen,254.98,1,Australia,254.98
O00811,2025-09-29,C172,P023,Yoga Mat,Sports,757.52,3,UK,2272.56
O00811,2025-09-29,C172,P019,Bedsheet,Home & Kitchen,915.71,1,India,915.71
O00812,2025-12-09,C148,P002,Laptop,Electronics,57674.83,3,Canada,173024.49
O00812,2025-12-09,C148,P022,Football,Sports,908.79,1,Australia,908.79
O00812,2025-12-09,C148,P019,Bedsheet,Home & Kitchen,976.79,2,India,1953.58
O00812,2025-12-09,C148,P015,Tea 500g,Groceries,218.63,1,USA,218.63
O00812,2025-12-09,C148,P010,Formal Shirt,Fashion,1192.96,3,India,3578.88
O00813,2025-11-06,C192,P012,Wheat Flour 5kg,Groceries,341.19,1,Canada,341.19
O00814,2025-05-30,C012,P015,Tea 500g,Groceries,232.33,3,India,696.99
O00815,2025-03-09,C187,P008,Sneakers,Fashion,2457.49,1,Canada,2457.49
O00815,2025-03-09,C187,P010,Formal Shirt,Fashion,1199.89,3,Australia,3599.67
O00815,2025-03-09,C187,P024,Dumbbells 5kg,Sports,1249.42,1,UK,1249.42
O00816,2025-03-03,C092,P018,Dinner Set,Home & Kitchen,2919.69,3,Canada,8759.07
O00816,2025-03-03,C092,P019,Bedsheet,Home & Kitchen,909.85,2,Canada,1819.7
O00817,2025-12-27,C083,P019,Bedsheet,Home & Kitchen,924.61,2,Australia,1849.22
O00817,2025-12-27,C083,P024,Dumbbells 5kg,Sports,1233.79,3,USA,3701.37
O00817,2025-12-27,C083,P016,Mixer Grinder,Home & Kitchen,3244.88,2,Australia,6489.76
O00817,2025-12-27,C083,P010,Formal Shirt,Fashion,1172.82,1,USA,1172.82
O00817,2025-12-27,C083,P015,Tea 500g,Groceries,234.02,1,Canada,234.02
O00818,2025-06-04,C003,P002,Laptop,Electronics,56485.04,3,Australia,169455.12
O00818,2025-06-04,C003,P018,Dinner Set,Home & Kitchen,3073.18,2,India,6146.36
O00818,2025-06-04,C003,P009,Jacket,Fashion,3180.75,3,USA,9542.25
O00818,2025-06-04,C003,P020,Water Bottle,Home & Kitchen,273.33,2,India,546.66
O00818,2025-06-04,C003,P003,Headphones,Electronics,2580.27,1,Australia,2580.27
O00819,2025-09-05,C106,P019,Bedsheet,Home & Kitchen,962.43,1,UK,962.43
O00819,2025-09-05,C106,P014,Sugar 1kg,Groceries,52.99,2,UK,105.98
O00820,2025-03-30,C167,P016,Mixer Grinder,Home & Kitchen,3304.18,2,India,6608.36
O00820,2025-03-30,C167,P024,Dumbbells 5kg,Sports,1294.22,1,India,1294.22
O00820,2025-03-30,C167,P007,Jeans,Fashion,1556.02,2,India,3112.04
O00820,2025-03-30,C167,P012,Wheat Flour 5kg,Groceries,347.85,2,USA,695.7
O00821,2025-02-18,C014,P016,Mixer Grinder,Home & Kitchen,3136.17,2,Australia,6272.34
O00821,2025-02-18,C014,P017,Pressure Cooker,Home & Kitchen,2404.45,3,Canada,7213.349999999999
O00822,2025-06-16,C035,P008,Sneakers,Fashion,2553.89,2,Canada,5107.78
O00822,2025-06-16,C035,P022,Football,Sports,940.06,3,UK,2820.18
O00822,2025-06-16,C035,P009,Jacket,Fashion,3075.03,3,Canada,9225.09
O00822,2025-06-16,C035,P002,Laptop,Electronics,58848.24,1,UK,58848.24
O00823,2025-02-26,C119,P025,Badminton Racket,Sports,786.75,1,Canada,786.75
O00823,2025-02-26,C119,P004,Bluetooth Speaker,Electronics,3769.84,2,UK,7539.68
O00823,2025-02-26,C119,P002,Laptop,Electronics,56843.58,1,India,56843.58
O00824,2025-09-28,C070,P025,Badminton Racket,Sports,794.09,1,Canada,794.09
O00825,2025-02-14,C197,P013,Cooking Oil 1L,Groceries,160.11,2,Canada,320.22
O00825,2025-02-14,C197,P010,Formal Shirt,Fashion,1251.05,3,USA,3753.1499999999996
O00825,2025-02-14,C197,P006,T-Shirt,Fashion,699.19,1,India,699.19
O00825,2025-02-14,C197,P025,Badminton Racket,Sports,834.89,1,UK,834.89
O00826,2025-12-17,C141,P002,Laptop,Electronics,54855.08,3,UK,164565.24
O00827,2025-01-24,C067,P007,Jeans,Fashion,1550.81,1,India,1550.81
O00828,2025-12-15,C164,P018,Dinner Set,Home & Kitchen,2806.65,1,India,2806.65
O00828,2025-12-15,C164,P001,Smartphone,Electronics,18724.03,2,USA,37448.06
O00828,2025-12-15,C164,P024,Dumbbells 5kg,Sports,1268.98,1,Australia,1268.98
O00828,2025-12-15,C164,P012,Wheat Flour 5kg,Groceries,311.92,1,Australia,311.92
O00829,2025-08-15,C024,P023,Yoga Mat,Sports,688.58,3,India,2065.7400000000002
O00829,2025-08-15,C024,P001,Smartphone,Electronics,19203.91,1,Canada,19203.91
O00829,2025-08-15,C024,P024,Dumbbells 5kg,Sports,1201.33,2,Australia,2402.66
O00829,2025-08-15,C024,P004,Bluetooth Speaker,Electronics,3779.43,3,Canada,11338.289999999999
O00830,2025-01-26,C061,P006,T-Shirt,Fashion,671.85,3,Australia,2015.5500000000002
O00831,2025-01-24,C188,P010,Formal Shirt,Fashion,1278.4,2,Canada,2556.8
O00831,2025-01-24,C188,P003,Headphones,Electronics,2529.89,2,USA,5059.78
O00832,2025-02-16,C088,P003,Headphones,Electronics,2593.54,1,UK,2593.54
O00832,2025-02-16,C088,P022,Football,Sports,858.87,1,UK,858.87
O00832,2025-02-16,C088,P021,Cricket Bat,Sports,1434.75,1,Australia,1434.75
O00833,2025-03-30,C160,P018,Dinner Set,Home & Kitchen,2918.42,1,Australia,2918.42
O00833,2025-03-30,C160,P003,Headphones,Electronics,2671.96,2,India,5343.92
O00833,2025-03-30,C160,P014,Sugar 1kg,Groceries,54.34,2,Canada,108.68
O00833,2025-03-30,C160,P007,Jeans,Fashion,1550.96,1,UK,1550.96
O00833,2025-03-30,C160,P021,Cricket Bat,Sports,1624.87,2,USA,3249.74
O00834,2025-10-18,C128,P021,Cricket Bat,Sports,1445.64,2,UK,2891.28
O00834,2025-10-18,C128,P016,Mixer Grinder,Home & Kitchen,3443.85,3,USA,10331.55
O00834,2025-10-18,C128,P017,Pressure Cooker,Home & Kitchen,2411.66,1,India,2411.66
O00834,2025-10-18,C128,P009,Jacket,Fashion,3044.62,3,Australia,9133.86
O00835,2025-11-24,C116,P016,Mixer Grinder,Home & Kitchen,3472.05,3,UK,10416.150000000001
O00835,2025-11-24,C116,P009,Jacket,Fashion,2928.38,1,Australia,2928.38
O00835,2025-11-24,C116,P008,Sneakers,Fashion,2663.96,2,Australia,5327.92
O00835,2025-11-24,C116,P017,Pressure Cooker,Home & Kitchen,2218.72,2,Canada,4437.44
O00835,2025-11-24,C116,P018,Dinner Set,Home & Kitchen,2941.4,1,USA,2941.4
O00836,2025-02-01,C168,P004,Bluetooth Speaker,Electronics,3600.77,2,India,7201.54
O00836,2025-02-01,C168,P012,Wheat Flour 5kg,Groceries,350.06,2,India,700.12
O00836,2025-02-01,C168,P020,Water Bottle,Home & Kitchen,243.42,2,UK,486.84
O00836,2025-02-01,C168,P021,Cricket Bat,Sports,1533.91,3,Australia,4601.7300000000005
O00836,2025-02-01,C168,P023,Yoga Mat,Sports,762.7,2,USA,1525.4
O00837,2025-09-02,C176,P012,Wheat Flour 5kg,Groceries,342.29,3,Australia,1026.8700000000001
O00837,2025-09-02,C176,P020,Water Bottle,Home & Kitchen,255.94,2,UK,511.88
O00837,2025-09-02,C176,P016,Mixer Grinder,Home & Kitchen,3132.84,2,India,6265.68
O00837,2025-09-02,C176,P022,Football,Sports,863.47,1,USA,863.47
O00837,2025-09-02,C176,P003,Headphones,Electronics,2429.95,3,UK,7289.849999999999
O00838,2025-07-27,C070,P025,Badminton Racket,Sports,837.31,3,Canada,2511.93
O00839,2025-06-09,C115,P020,Water Bottle,Home & Kitchen,260.11,2,Canada,520.22
O00839,2025-06-09,C115,P005,Smartwatch,Electronics,6883.7,1,India,6883.7
O00839,2025-06-09,C115,P015,Tea 500g,Groceries,238.84,1,India,238.84
O00840,2025-03-02,C101,P006,T-Shirt,Fashion,745.71,2,UK,1491.42
O00840,2025-03-02,C101,P023,Yoga Mat,Sports,669.76,2,Australia,1339.52
O00841,2025-05-28,C053,P011,Rice 5kg,Groceries,379.99,3,Australia,1139.97
O00841,2025-05-28,C053,P016,Mixer Grinder,Home & Kitchen,3161.93,2,Canada,6323.86
O00841,2025-05-28,C053,P012,Wheat Flour 5kg,Groceries,346.56,3,Australia,1039.68
O00842,2025-06-06,C172,P025,Badminton Racket,Sports,865.51,3,USA,2596.5299999999997
O00842,2025-06-06,C172,P006,T-Shirt,Fashion,688.49,3,UK,2065.4700000000003
O00842,2025-06-06,C172,P022,Football,Sports,916.62,3,India,2749.86
O00843,2025-10-28,C050,P002,Laptop,Electronics,54561.52,1,Canada,54561.52
O00844,2025-08-24,C127,P007,Jeans,Fashion,1615.96,1,Canada,1615.96
O00844,2025-08-24,C127,P016,Mixer Grinder,Home & Kitchen,3080.01,2,UK,6160.02
O00844,2025-08-24,C127,P021,Cricket Bat,Sports,1477.98,1,Canada,1477.98
O00844,2025-08-24,C127,P001,Smartphone,Electronics,18112.26,3,Australia,54336.78
O00844,2025-08-24,C127,P017,Pressure Cooker,Home & Kitchen,2158.54,1,UK,2158.54
O00845,2025-12-01,C157,P009,Jacket,Fashion,3191.18,3,India,9573.539999999999
O00845,2025-12-01,C157,P018,Dinner Set,Home & Kitchen,2706.14,2,USA,5412.28
O00845,2025-12-01,C157,P022,Football,Sports,885.15,2,Canada,1770.3
O00846,2025-05-13,C090,P014,Sugar 1kg,Groceries,54.72,2,Canada,109.44
O00847,2025-05-27,C196,P022,Football,Sports,873.1,3,Australia,2619.3
O00847,2025-05-27,C196,P023,Yoga Mat,Sports,677.45,2,India,1354.9
O00847,2025-05-27,C196,P002,Laptop,Electronics,56804.04,3,Australia,170412.12
O00847,2025-05-27,C196,P018,Dinner Set,Home & Kitchen,2671.19,1,UK,2671.19
O00847,2025-05-27,C196,P017,Pressure Cooker,Home & Kitchen,2096.6,3,Australia,6289.799999999999
O00848,2025-11-14,C042,P009,Jacket,Fashion,3006.06,1,USA,3006.06
O00849,2025-03-08,C192,P024,Dumbbells 5kg,Sports,1263.18,2,Australia,2526.36
O00850,2025-01-01,C058,P012,Wheat Flour 5kg,Groceries,337.89,3,UK,1013.67
O00850,2025-01-01,C058,P003,Headphones,Electronics,2395.54,2,India,4791.08
O00850,2025-01-01,C058,P019,Bedsheet,Home & Kitchen,982.33,3,Canada,2946.9900000000002
O00851,2025-05-25,C054,P024,Dumbbells 5kg,Sports,1140.18,3,USA,3420.54
O00851,2025-05-25,C054,P001,Smartphone,Electronics,18913.13,1,India,18913.13
O00851,2025-05-25,C054,P015,Tea 500g,Groceries,230.91,2,Canada,461.82
O00851,2025-05-25,C054,P008,Sneakers,Fashion,2552.51,2,Australia,5105.02
O00852,2025-09-18,C063,P011,Rice 5kg,Groceries,361.09,3,Australia,1083.27
O00853,2025-08-04,C180,P003,Headphones,Electronics,2647.95,2,Canada,5295.9
O00853,2025-08-04,C180,P018,Dinner Set,Home & Kitchen,3015.44,2,UK,6030.88
O00853,2025-08-04,C180,P002,Laptop,Electronics,57371.62,1,Canada,57371.62
O00853,2025-08-04,C180,P007,Jeans,Fashion,1489.14,3,UK,4467.42
O00853,2025-08-04,C180,P005,Smartwatch,Electronics,7124.36,2,Canada,14248.72
O00854,2025-05-17,C173,P002,Laptop,Electronics,53565.39,2,Australia,107130.78
O00854,2025-05-17,C173,P024,Dumbbells 5kg,Sports,1246.89,1,India,1246.89
O00854,2025-05-17,C173,P021,Cricket Bat,Sports,1545.52,1,India,1545.52
O00855,2025-11-07,C097,P019,Bedsheet,Home & Kitchen,974.82,3,UK,2924.46
O00856,2025-04-28,C168,P006,T-Shirt,Fashion,733.41,2,Canada,1466.82
O00856,2025-04-28,C168,P024,Dumbbells 5kg,Sports,1254.13,3,UK,3762.3900000000003
O00857,2025-01-21,C027,P019,Bedsheet,Home & Kitchen,870.55,3,Australia,2611.6499999999996
O00858,2025-03-07,C114,P024,Dumbbells 5kg,Sports,1281.75,3,Australia,3845.25
O00858,2025-03-07,C114,P012,Wheat Flour 5kg,Groceries,318.54,2,Canada,637.08
O00858,2025-03-07,C114,P009,Jacket,Fashion,3034.63,2,Australia,6069.26
O00858,2025-03-07,C114,P018,Dinner Set,Home & Kitchen,2913.02,2,Canada,5826.04
O00858,2025-03-07,C114,P021,Cricket Bat,Sports,1636.0,1,Canada,1636.0
O00859,2025-11-12,C050,P017,Pressure Cooker,Home & Kitchen,2196.86,2,Canada,4393.72
O00859,2025-11-12,C050,P001,Smartphone,Electronics,18091.95,1,India,18091.95
O00859,2025-11-12,C050,P019,Bedsheet,Home & Kitchen,969.78,3,Australia,2909.34
O00859,2025-11-12,C050,P016,Mixer Grinder,Home & Kitchen,3446.76,3,Australia,10340.28
O00859,2025-11-12,C050,P009,Jacket,Fashion,3091.11,1,India,3091.11
O00860,2025-07-18,C009,P003,Headphones,Electronics,2397.65,1,Canada,2397.65
O00860,2025-07-18,C009,P012,Wheat Flour 5kg,Groceries,317.91,2,Canada,635.82
O00860,2025-07-18,C009,P001,Smartphone,Electronics,19369.83,1,USA,19369.83
O00860,2025-07-18,C009,P007,Jeans,Fashion,1478.64,3,Canada,4435.92
O00861,2025-02-06,C186,P021,Cricket Bat,Sports,1472.74,1,USA,1472.74
O00861,2025-02-06,C186,P020,Water Bottle,Home & Kitchen,248.05,2,UK,496.1
O00861,2025-02-06,C186,P023,Yoga Mat,Sports,674.94,2,Australia,1349.88
O00861,2025-02-06,C186,P012,Wheat Flour 5kg,Groceries,309.84,2,Australia,619.68
O00861,2025-02-06,C186,P007,Jeans,Fashion,1542.05,1,India,1542.05
O00862,2025-05-17,C162,P020,Water Bottle,Home & Kitchen,247.7,2,UK,495.4
O00862,2025-05-17,C162,P024,Dumbbells 5kg,Sports,1213.86,3,India,3641.58
O00862,2025-05-17,C162,P023,Yoga Mat,Sports,701.06,1,Canada,701.06
O00862,2025-05-17,C162,P010,Formal Shirt,Fashion,1201.98,1,Australia,1201.98
O00863,2025-08-20,C151,P007,Jeans,Fashion,1457.66,1,Australia,1457.66
O00863,2025-08-20,C151,P019,Bedsheet,Home & Kitchen,863.35,2,UK,1726.7
O00863,2025-08-20,C151,P023,Yoga Mat,Sports,758.04,3,Canada,2274.12
O00864,2025-05-14,C174,P025,Badminton Racket,Sports,847.73,2,Canada,1695.46
O00864,2025-05-14,C174,P010,Formal Shirt,Fashion,1282.23,2,Canada,2564.46
O00864,2025-05-14,C174,P004,Bluetooth Speaker,Electronics,3552.54,3,USA,10657.619999999999
O00864,2025-05-14,C174,P018,Dinner Set,Home & Kitchen,2850.87,3,USA,8552.61
O00864,2025-05-14,C174,P002,Laptop,Electronics,57775.89,3,India,173327.66999999998
O00865,2025-08-27,C112,P018,Dinner Set,Home & Kitchen,2765.06,2,India,5530.12
O00865,2025-08-27,C112,P010,Formal Shirt,Fashion,1142.16,2,UK,2284.32
O00865,2025-08-27,C112,P001,Smartphone,Electronics,17812.69,3,Canada,53438.06999999999
O00866,2025-07-04,C147,P008,Sneakers,Fashion,2494.56,1,Australia,2494.56
O00866,2025-07-04,C147,P024,Dumbbells 5kg,Sports,1266.53,1,Australia,1266.53
O00866,2025-07-04,C147,P003,Headphones,Electronics,2555.33,3,Australia,7665.99
O00866,2025-07-04,C147,P016,Mixer Grinder,Home & Kitchen,3493.34,1,Australia,3493.34
O00866,2025-07-04,C147,P020,Water Bottle,Home & Kitchen,267.53,2,UK,535.06
O00867,2025-12-31,C130,P019,Bedsheet,Home & Kitchen,879.03,1,USA,879.03
O00867,2025-12-31,C130,P022,Football,Sports,938.44,3,India,2815.32
O00867,2025-12-31,C130,P001,Smartphone,Electronics,17156.26,1,India,17156.26
O00867,2025-12-31,C130,P017,Pressure Cooker,Home & Kitchen,2240.96,3,Australia,6722.88
O00868,2025-12-29,C039,P007,Jeans,Fashion,1554.89,2,Australia,3109.78
O00868,2025-12-29,C039,P012,Wheat Flour 5kg,Groceries,336.59,2,USA,673.18
O00869,2025-01-11,C075,P015,Tea 500g,Groceries,228.43,1,USA,228.43
O00869,2025-01-11,C075,P006,T-Shirt,Fashion,717.35,2,India,1434.7
O00869,2025-01-11,C075,P007,Jeans,Fashion,1605.87,2,Australia,3211.74
O00869,2025-01-11,C075,P011,Rice 5kg,Groceries,378.08,2,UK,756.16
O00870,2025-04-14,C025,P004,Bluetooth Speaker,Electronics,3336.68,1,Australia,3336.68
O00870,2025-04-14,C025,P017,Pressure Cooker,Home & Kitchen,2307.51,3,India,6922.530000000001
O00870,2025-04-14,C025,P015,Tea 500g,Groceries,213.39,2,USA,426.78
O00870,2025-04-14,C025,P018,Dinner Set,Home & Kitchen,2854.01,2,UK,5708.02
O00871,2025-05-27,C163,P009,Jacket,Fashion,2954.0,3,UK,8862.0
O00872,2025-02-20,C108,P018,Dinner Set,Home & Kitchen,2850.79,3,USA,8552.369999999999
O00872,2025-02-20,C108,P001,Smartphone,Electronics,19408.0,3,UK,58224.0
O00873,2025-08-15,C113,P012,Wheat Flour 5kg,Groceries,312.11,1,India,312.11
O00874,2025-10-11,C187,P022,Football,Sports,961.15,1,India,961.15
O00874,2025-10-11,C187,P025,Badminton Racket,Sports,797.91,1,Canada,797.91
O00874,2025-10-11,C187,P014,Sugar 1kg,Groceries,57.54,2,Australia,115.08
O00875,2025-11-09,C034,P002,Laptop,Electronics,56046.05,3,UK,168138.15000000002
O00875,2025-11-09,C034,P020,Water Bottle,Home & Kitchen,242.06,1,UK,242.06
O00875,2025-11-09,C034,P022,Football,Sports,924.16,1,Australia,924.16
O00876,2025-12-13,C170,P017,Pressure Cooker,Home & Kitchen,2266.72,1,Australia,2266.72
O00876,2025-12-13,C170,P004,Bluetooth Speaker,Electronics,3795.35,2,USA,7590.7
O00877,2025-10-07,C194,P007,Jeans,Fashion,1535.22,1,UK,1535.22
O00878,2025-08-27,C074,P012,Wheat Flour 5kg,Groceries,339.41,2,India,678.82
O00879,2025-07-21,C116,P006,T-Shirt,Fashion,749.46,2,Canada,1498.92
O00879,2025-07-21,C116,P015,Tea 500g,Groceries,209.92,3,Australia,629.76
O00879,2025-07-21,C116,P019,Bedsheet,Home & Kitchen,953.01,3,India,2859.0299999999997
O00879,2025-07-21,C116,P004,Bluetooth Speaker,Electronics,3789.3,1,UK,3789.3
O00879,2025-07-21,C116,P021,Cricket Bat,Sports,1568.78,2,Canada,3137.56
O00880,2025-11-17,C151,P009,Jacket,Fashion,3043.92,1,Canada,3043.92
O00880,2025-11-17,C151,P006,T-Shirt,Fashion,687.64,1,USA,687.64
O00880,2025-11-17,C151,P024,Dumbbells 5kg,Sports,1193.96,1,Australia,1193.96
O00880,2025-11-17,C151,P018,Dinner Set,Home & Kitchen,2989.25,1,Canada,2989.25
O00880,2025-11-17,C151,P017,Pressure Cooker,Home & Kitchen,2112.17,2,USA,4224.34
O00881,2025-02-15,C005,P007,Jeans,Fashion,1498.45,2,India,2996.9
O00881,2025-02-15,C005,P014,Sugar 1kg,Groceries,52.27,3,Canada,156.81
O00882,2025-02-07,C166,P022,Football,Sports,905.19,2,India,1810.38
O00882,2025-02-07,C166,P024,Dumbbells 5kg,Sports,1279.52,3,USA,3838.56
O00882,2025-02-07,C166,P016,Mixer Grinder,Home & Kitchen,3171.08,3,USA,9513.24
O00883,2025-01-30,C185,P020,Water Bottle,Home & Kitchen,256.93,1,USA,256.93
O00883,2025-01-30,C185,P019,Bedsheet,Home & Kitchen,956.61,1,Australia,956.61
O00884,2025-08-30,C096,P013,Cooking Oil 1L,Groceries,158.63,3,Canada,475.89
O00884,2025-08-30,C096,P009,Jacket,Fashion,2915.27,1,Canada,2915.27
O00884,2025-08-30,C096,P019,Bedsheet,Home & Kitchen,983.63,3,UK,2950.89
O00884,2025-08-30,C096,P008,Sneakers,Fashion,2382.72,1,UK,2382.72
O00884,2025-08-30,C096,P002,Laptop,Electronics,57463.38,3,Australia,172390.13999999998
O00885,2025-01-19,C129,P021,Cricket Bat,Sports,1645.52,2,Australia,3291.04
O00885,2025-01-19,C129,P004,Bluetooth Speaker,Electronics,3821.66,3,Canada,11464.98
O00885,2025-01-19,C129,P020,Water Bottle,Home & Kitchen,269.89,1,Australia,269.89
O00885,2025-01-19,C129,P008,Sneakers,Fashion,2596.03,3,Australia,7788.09
O00885,2025-01-19,C129,P006,T-Shirt,Fashion,732.12,2,India,1464.24
O00886,2025-12-04,C062,P021,Cricket Bat,Sports,1541.3,3,UK,4623.9
O00886,2025-12-04,C062,P006,T-Shirt,Fashion,733.61,2,Australia,1467.22
O00886,2025-12-04,C062,P025,Badminton Racket,Sports,853.85,3,India,2561.55
O00886,2025-12-04,C062,P014,Sugar 1kg,Groceries,60.4,3,Australia,181.2
O00886,2025-12-04,C062,P010,Formal Shirt,Fashion,1271.18,2,Canada,2542.36
O00887,2025-10-27,C072,P007,Jeans,Fashion,1590.93,2,USA,3181.86
O00887,2025-10-27,C072,P006,T-Shirt,Fashion,686.49,1,Canada,686.49
O00887,2025-10-27,C072,P014,Sugar 1kg,Groceries,54.73,2,Australia,109.46
O00887,2025-10-27,C072,P003,Headphones,Electronics,2722.57,2,India,5445.14
O00888,2025-07-04,C189,P002,Laptop,Electronics,59576.94,1,India,59576.94
O00888,2025-07-04,C189,P001,Smartphone,Electronics,18629.95,3,Canada,55889.850000000006
O00888,2025-07-04,C189,P019,Bedsheet,Home & Kitchen,881.53,1,UK,881.53
O00889,2025-07-03,C007,P012,Wheat Flour 5kg,Groceries,350.15,2,Canada,700.3
O00889,2025-07-03,C007,P023,Yoga Mat,Sports,684.27,2,UK,1368.54
O00889,2025-07-03,C007,P001,Smartphone,Electronics,17281.35,1,Australia,17281.35
O00889,2025-07-03,C007,P010,Formal Shirt,Fashion,1195.62,1,Canada,1195.62
O00890,2025-06-28,C130,P024,Dumbbells 5kg,Sports,1158.62,1,UK,1158.62
O00890,2025-06-28,C130,P001,Smartphone,Electronics,17744.53,1,USA,17744.53
O00891,2025-01-19,C138,P012,Wheat Flour 5kg,Groceries,346.49,1,Canada,346.49
O00891,2025-01-19,C138,P001,Smartphone,Electronics,18542.12,2,India,37084.24
O00891,2025-01-19,C138,P006,T-Shirt,Fashion,725.88,2,Australia,1451.76
O00891,2025-01-19,C138,P022,Football,Sports,896.89,2,Canada,1793.78
O00892,2025-07-10,C174,P014,Sugar 1kg,Groceries,55.81,3,USA,167.43
O00892,2025-07-10,C174,P001,Smartphone,Electronics,17225.37,3,Canada,51676.11
O00892,2025-07-10,C174,P022,Football,Sports,934.23,2,Canada,1868.46
O00892,2025-07-10,C174,P024,Dumbbells 5kg,Sports,1263.37,3,UK,3790.1099999999997
O00893,2025-08-21,C048,P004,Bluetooth Speaker,Electronics,3678.48,3,UK,11035.44
O00893,2025-08-21,C048,P011,Rice 5kg,Groceries,374.87,3,India,1124.6100000000001
O00893,2025-08-21,C048,P015,Tea 500g,Groceries,227.72,3,UK,683.16
O00894,2025-08-19,C188,P009,Jacket,Fashion,3247.75,1,USA,3247.75
O00895,2025-04-18,C104,P015,Tea 500g,Groceries,219.69,3,UK,659.0699999999999
O00895,2025-04-18,C104,P020,Water Bottle,Home & Kitchen,264.59,2,India,529.18
O00895,2025-04-18,C104,P008,Sneakers,Fashion,2739.25,2,UK,5478.5
O00895,2025-04-18,C104,P013,Cooking Oil 1L,Groceries,154.84,3,USA,464.52
O00896,2025-02-23,C056,P007,Jeans,Fashion,1490.77,2,India,2981.54
O00896,2025-02-23,C056,P017,Pressure Cooker,Home & Kitchen,2115.75,3,USA,6347.25
O00896,2025-02-23,C056,P004,Bluetooth Speaker,Electronics,3693.07,1,Australia,3693.07
O00896,2025-02-23,C056,P023,Yoga Mat,Sports,694.64,3,Canada,2083.92
O00896,2025-02-23,C056,P010,Formal Shirt,Fashion,1192.67,1,UK,1192.67
O00897,2025-07-07,C102,P013,Cooking Oil 1L,Groceries,166.88,2,Canada,333.76
O00897,2025-07-07,C102,P023,Yoga Mat,Sports,710.61,2,India,1421.22
O00897,2025-07-07,C102,P018,Dinner Set,Home & Kitchen,2754.49,1,USA,2754.49
O00897,2025-07-07,C102,P020,Water Bottle,Home & Kitchen,274.61,1,USA,274.61
O00897,2025-07-07,C102,P007,Jeans,Fashion,1623.15,3,Australia,4869.450000000001
O00898,2025-11-25,C015,P016,Mixer Grinder,Home & Kitchen,3502.03,2,UK,7004.06
O00898,2025-11-25,C015,P012,Wheat Flour 5kg,Groceries,347.84,1,USA,347.84
O00898,2025-11-25,C015,P021,Cricket Bat,Sports,1510.02,2,Australia,3020.04
O00899,2025-09-23,C082,P005,Smartwatch,Electronics,7062.13,1,USA,7062.13
O00899,2025-09-23,C082,P006,T-Shirt,Fashion,738.43,1,UK,738.43
O00899,2025-09-23,C082,P018,Dinner Set,Home & Kitchen,2747.32,1,Canada,2747.32
O00899,2025-09-23,C082,P010,Formal Shirt,Fashion,1163.91,1,UK,1163.91
O00900,2025-03-09,C129,P007,Jeans,Fashion,1521.49,1,Australia,1521.49
O00900,2025-03-09,C129,P018,Dinner Set,Home & Kitchen,2873.65,3,Australia,8620.95
O00901,2025-08-01,C084,P013,Cooking Oil 1L,Groceries,175.22,1,USA,175.22
O00901,2025-08-01,C084,P009,Jacket,Fashion,3064.9,2,Canada,6129.8
O00902,2025-07-14,C137,P024,Dumbbells 5kg,Sports,1208.08,3,India,3624.24
O00902,2025-07-14,C137,P021,Cricket Bat,Sports,1633.88,1,UK,1633.88
O00903,2025-11-23,C124,P005,Smartwatch,Electronics,6857.16,2,UK,13714.32
O00903,2025-11-23,C124,P002,Laptop,Electronics,58698.84,2,UK,117397.68
O00903,2025-11-23,C124,P013,Cooking Oil 1L,Groceries,155.83,1,UK,155.83
O00903,2025-11-23,C124,P008,Sneakers,Fashion,2536.31,1,Australia,2536.31
O00903,2025-11-23,C124,P011,Rice 5kg,Groceries,360.84,2,USA,721.68
O00904,2025-06-19,C154,P001,Smartphone,Electronics,18735.72,1,Australia,18735.72
O00904,2025-06-19,C154,P020,Water Bottle,Home & Kitchen,246.08,1,India,246.08
O00904,2025-06-19,C154,P007,Jeans,Fashion,1476.82,1,USA,1476.82
O00905,2025-07-13,C114,P007,Jeans,Fashion,1619.13,3,UK,4857.39
O00905,2025-07-13,C114,P006,T-Shirt,Fashion,732.16,3,India,2196.48
O00905,2025-07-13,C114,P015,Tea 500g,Groceries,211.57,3,UK,634.71
O00905,2025-07-13,C114,P022,Football,Sports,986.75,1,Canada,986.75
O00906,2025-12-23,C132,P025,Badminton Racket,Sports,827.25,2,UK,1654.5
O00906,2025-12-23,C132,P013,Cooking Oil 1L,Groceries,152.46,1,Australia,152.46
O00907,2025-12-11,C112,P021,Cricket Bat,Sports,1590.1,2,Australia,3180.2
O00907,2025-12-11,C112,P019,Bedsheet,Home & Kitchen,892.36,2,UK,1784.72
O00908,2025-08-11,C012,P006,T-Shirt,Fashion,764.77,3,India,2294.31
O00909,2025-10-15,C043,P012,Wheat Flour 5kg,Groceries,344.07,3,Australia,1032.21
O00909,2025-10-15,C043,P014,Sugar 1kg,Groceries,52.29,1,Canada,52.29
O00909,2025-10-15,C043,P020,Water Bottle,Home & Kitchen,254.4,3,USA,763.2
O00909,2025-10-15,C043,P016,Mixer Grinder,Home & Kitchen,3062.67,1,India,3062.67
O00910,2025-04-19,C001,P010,Formal Shirt,Fashion,1228.15,1,USA,1228.15
O00910,2025-04-19,C001,P003,Headphones,Electronics,2506.17,1,India,2506.17
O00910,2025-04-19,C001,P008,Sneakers,Fashion,2418.51,3,Australia,7255.530000000001
O00911,2025-04-24,C172,P007,Jeans,Fashion,1568.23,1,Australia,1568.23
O00912,2025-11-13,C085,P007,Jeans,Fashion,1557.96,2,Australia,3115.92
O00912,2025-11-13,C085,P018,Dinner Set,Home & Kitchen,2795.43,1,UK,2795.43
O00913,2025-11-25,C170,P010,Formal Shirt,Fashion,1217.46,2,UK,2434.92
O00913,2025-11-25,C170,P015,Tea 500g,Groceries,223.86,3,India,671.58
O00913,2025-11-25,C170,P021,Cricket Bat,Sports,1600.37,3,UK,4801.11
O00913,2025-11-25,C170,P025,Badminton Racket,Sports,777.71,2,Australia,1555.42
O00914,2025-02-08,C134,P005,Smartwatch,Electronics,7080.64,3,India,21241.920000000002
O00915,2025-08-04,C097,P024,Dumbbells 5kg,Sports,1157.94,3,India,3473.82
O00915,2025-08-04,C097,P023,Yoga Mat,Sports,672.93,3,India,2018.79
O00915,2025-08-04,C097,P005,Smartwatch,Electronics,7120.3,3,India,21360.9
O00916,2025-04-08,C179,P007,Jeans,Fashion,1517.67,1,Canada,1517.67
O00916,2025-04-08,C179,P020,Water Bottle,Home & Kitchen,258.17,1,Canada,258.17
O00916,2025-04-08,C179,P018,Dinner Set,Home & Kitchen,2825.94,3,USA,8477.82
O00917,2025-10-20,C070,P001,Smartphone,Electronics,19298.06,1,UK,19298.06
O00917,2025-10-20,C070,P012,Wheat Flour 5kg,Groceries,323.16,2,USA,646.32
O00918,2025-04-25,C143,P002,Laptop,Electronics,54305.05,2,USA,108610.1
O00919,2025-06-03,C139,P014,Sugar 1kg,Groceries,60.1,1,Australia,60.1
O00919,2025-06-03,C139,P022,Football,Sports,960.05,3,India,2880.1499999999996
O00919,2025-06-03,C139,P011,Rice 5kg,Groceries,369.66,1,Canada,369.66
O00919,2025-06-03,C139,P005,Smartwatch,Electronics,7663.82,1,UK,7663.82
O00920,2025-10-06,C007,P024,Dumbbells 5kg,Sports,1214.67,1,Canada,1214.67
O00920,2025-10-06,C007,P011,Rice 5kg,Groceries,372.94,3,UK,1118.82
O00921,2025-03-16,C152,P001,Smartphone,Electronics,18290.72,3,USA,54872.16
O00921,2025-03-16,C152,P009,Jacket,Fashion,3254.78,2,Australia,6509.56
O00921,2025-03-16,C152,P004,Bluetooth Speaker,Electronics,3424.67,2,Australia,6849.34
O00921,2025-03-16,C152,P003,Headphones,Electronics,2733.83,1,UK,2733.83
O00922,2025-02-16,C029,P017,Pressure Cooker,Home & Kitchen,2242.45,1,Australia,2242.45
O00922,2025-02-16,C029,P002,Laptop,Electronics,56009.79,2,USA,112019.58
O00922,2025-02-16,C029,P014,Sugar 1kg,Groceries,56.54,2,India,113.08
O00922,2025-02-16,C029,P006,T-Shirt,Fashion,695.82,2,India,1391.64
O00923,2025-02-13,C178,P008,Sneakers,Fashion,2519.16,1,UK,2519.16
O00924,2025-02-04,C017,P022,Football,Sports,931.09,2,USA,1862.18
O00925,2025-02-09,C009,P009,Jacket,Fashion,3042.37,2,Australia,6084.74
O00925,2025-02-09,C009,P023,Yoga Mat,Sports,737.13,2,USA,1474.26
O00925,2025-02-09,C009,P021,Cricket Bat,Sports,1501.86,3,UK,4505.58
O00925,2025-02-09,C009,P003,Headphones,Electronics,2472.51,3,India,7417.530000000001
O00925,2025-02-09,C009,P016,Mixer Grinder,Home & Kitchen,3422.57,3,USA,10267.710000000001
O00926,2025-05-29,C072,P017,Pressure Cooker,Home & Kitchen,2333.6,3,India,7000.799999999999
O00926,2025-05-29,C072,P016,Mixer Grinder,Home & Kitchen,3286.29,3,India,9858.869999999999
O00926,2025-05-29,C072,P015,Tea 500g,Groceries,217.08,1,India,217.08
O00927,2025-04-12,C112,P017,Pressure Cooker,Home & Kitchen,2366.51,2,Canada,4733.02
O00928,2025-01-19,C079,P009,Jacket,Fashion,3168.47,1,India,3168.47
O00928,2025-01-19,C079,P016,Mixer Grinder,Home & Kitchen,3116.07,3,India,9348.210000000001
O00928,2025-01-19,C079,P008,Sneakers,Fashion,2716.99,3,Canada,8150.969999999999
O00928,2025-01-19,C079,P022,Football,Sports,901.46,1,Australia,901.46
O00928,2025-01-19,C079,P003,Headphones,Electronics,2527.75,1,India,2527.75
O00929,2025-01-12,C192,P012,Wheat Flour 5kg,Groceries,334.83,2,India,669.66
O00929,2025-01-12,C192,P014,Sugar 1kg,Groceries,52.58,1,Canada,52.58
O00929,2025-01-12,C192,P001,Smartphone,Electronics,19190.91,2,UK,38381.82
O00929,2025-01-12,C192,P015,Tea 500g,Groceries,214.36,1,UK,214.36
O00929,2025-01-12,C192,P009,Jacket,Fashion,3216.97,1,Canada,3216.97
O00930,2025-03-15,C094,P022,Football,Sports,974.56,3,India,2923.68
O00930,2025-03-15,C094,P012,Wheat Flour 5kg,Groceries,314.9,1,UK,314.9
O00930,2025-03-15,C094,P005,Smartwatch,Electronics,7308.34,1,Canada,7308.34
O00930,2025-03-15,C094,P002,Laptop,Electronics,53097.98,3,UK,159293.94
O00930,2025-03-15,C094,P003,Headphones,Electronics,2488.19,1,USA,2488.19
O00931,2025-01-04,C145,P020,Water Bottle,Home & Kitchen,270.11,1,India,270.11
O00931,2025-01-04,C145,P025,Badminton Racket,Sports,760.17,1,Australia,760.17
O00932,2025-11-21,C198,P006,T-Shirt,Fashion,670.42,2,USA,1340.84
O00932,2025-11-21,C198,P024,Dumbbells 5kg,Sports,1155.22,3,Australia,3465.66
O00932,2025-11-21,C198,P019,Bedsheet,Home & Kitchen,949.91,3,Australia,2849.73
O00932,2025-11-21,C198,P007,Jeans,Fashion,1445.17,2,Australia,2890.34
O00933,2025-01-12,C009,P024,Dumbbells 5kg,Sports,1165.99,1,UK,1165.99
O00933,2025-01-12,C009,P025,Badminton Racket,Sports,832.44,1,UK,832.44
O00934,2025-11-22,C123,P001,Smartphone,Electronics,17443.56,3,Australia,52330.68000000001
O00934,2025-11-22,C123,P005,Smartwatch,Electronics,6790.61,3,Canada,20371.829999999998
O00935,2025-01-06,C026,P021,Cricket Bat,Sports,1463.26,2,USA,2926.52
O00935,2025-01-06,C026,P003,Headphones,Electronics,2618.22,1,Australia,2618.22
O00935,2025-01-06,C026,P020,Water Bottle,Home & Kitchen,258.2,2,Canada,516.4
O00935,2025-01-06,C026,P018,Dinner Set,Home & Kitchen,3062.57,3,UK,9187.710000000001
O00936,2025-10-20,C117,P006,T-Shirt,Fashion,669.37,1,UK,669.37
O00936,2025-10-20,C117,P019,Bedsheet,Home & Kitchen,878.19,2,Australia,1756.38
O00936,2025-10-20,C117,P002,Laptop,Electronics,59334.33,1,Australia,59334.33
O00936,2025-10-20,C117,P012,Wheat Flour 5kg,Groceries,346.59,2,Canada,693.18
O00937,2025-05-30,C087,P002,Laptop,Electronics,60102.67,3,USA,180308.01
O00938,2025-05-08,C026,P004,Bluetooth Speaker,Electronics,3750.77,2,USA,7501.54
O00939,2025-03-01,C066,P009,Jacket,Fashion,2857.96,1,Canada,2857.96
O00939,2025-03-01,C066,P020,Water Bottle,Home & Kitchen,252.53,3,Canada,757.59
O00939,2025-03-01,C066,P008,Sneakers,Fashion,2658.39,2,India,5316.78
O00939,2025-03-01,C066,P016,Mixer Grinder,Home & Kitchen,3446.12,3,Canada,10338.36
O00939,2025-03-01,C066,P023,Yoga Mat,Sports,765.07,1,UK,765.07
O00940,2025-10-27,C002,P020,Water Bottle,Home & Kitchen,250.32,2,Canada,500.64
O00940,2025-10-27,C002,P025,Badminton Racket,Sports,871.61,1,USA,871.61
O00940,2025-10-27,C002,P007,Jeans,Fashion,1618.45,2,UK,3236.9
O00940,2025-10-27,C002,P012,Wheat Flour 5kg,Groceries,332.32,3,India,996.96
O00940,2025-10-27,C002,P022,Football,Sports,975.16,2,Australia,1950.32
O00941,2025-03-08,C170,P025,Badminton Racket,Sports,801.64,2,Australia,1603.28
O00941,2025-03-08,C170,P004,Bluetooth Speaker,Electronics,3352.67,1,India,3352.67
O00941,2025-03-08,C170,P011,Rice 5kg,Groceries,341.62,3,USA,1024.8600000000001
O00941,2025-03-08,C170,P021,Cricket Bat,Sports,1611.94,1,India,1611.94
O00942,2025-05-05,C093,P013,Cooking Oil 1L,Groceries,174.92,3,UK,524.76
O00942,2025-05-05,C093,P010,Formal Shirt,Fashion,1203.46,3,India,3610.38
O00942,2025-05-05,C093,P016,Mixer Grinder,Home & Kitchen,3293.31,2,UK,6586.62
O00942,2025-05-05,C093,P008,Sneakers,Fashion,2539.15,3,Canada,7617.450000000001
O00942,2025-05-05,C093,P025,Badminton Racket,Sports,786.11,1,Australia,786.11
O00943,2025-07-14,C058,P013,Cooking Oil 1L,Groceries,153.16,3,USA,459.48
O00944,2025-02-28,C027,P022,Football,Sports,962.65,2,India,1925.3
O00944,2025-02-28,C027,P016,Mixer Grinder,Home & Kitchen,3266.84,1,Australia,3266.84
O00944,2025-02-28,C027,P005,Smartwatch,Electronics,6880.37,3,India,20641.11
O00945,2025-10-18,C001,P003,Headphones,Electronics,2490.31,3,Canada,7470.93
O00946,2025-01-16,C190,P015,Tea 500g,Groceries,212.23,2,Australia,424.46
O00946,2025-01-16,C190,P008,Sneakers,Fashion,2658.65,2,India,5317.3
O00946,2025-01-16,C190,P017,Pressure Cooker,Home & Kitchen,2111.12,2,Canada,4222.24
O00946,2025-01-16,C190,P022,Football,Sports,885.72,1,USA,885.72
O00946,2025-01-16,C190,P012,Wheat Flour 5kg,Groceries,346.19,1,Australia,346.19
O00947,2025-03-12,C165,P002,Laptop,Electronics,53994.64,2,India,107989.28
O00948,2025-03-23,C112,P014,Sugar 1kg,Groceries,52.56,3,Canada,157.68
O00948,2025-03-23,C112,P003,Headphones,Electronics,2685.51,1,Canada,2685.51
O00948,2025-03-23,C112,P021,Cricket Bat,Sports,1482.92,1,Australia,1482.92
O00948,2025-03-23,C112,P007,Jeans,Fashion,1500.19,2,USA,3000.38
O00948,2025-03-23,C112,P004,Bluetooth Speaker,Electronics,3566.96,3,India,10700.880000000001
O00949,2025-02-04,C013,P008,Sneakers,Fashion,2539.97,3,Canada,7619.91
O00949,2025-02-04,C013,P004,Bluetooth Speaker,Electronics,3621.83,3,Canada,10865.49
O00949,2025-02-04,C013,P001,Smartphone,Electronics,19023.56,1,USA,19023.56
O00950,2025-03-04,C168,P021,Cricket Bat,Sports,1635.97,2,Canada,3271.94
O00950,2025-03-04,C168,P016,Mixer Grinder,Home & Kitchen,3287.95,1,Canada,3287.95
O00950,2025-03-04,C168,P023,Yoga Mat,Sports,704.81,3,Australia,2114.43
O00950,2025-03-04,C168,P002,Laptop,Electronics,56823.73,2,Canada,113647.46
O00950,2025-03-04,C168,P006,T-Shirt,Fashion,739.85,2,India,1479.7
O00951,2025-12-23,C200,P021,Cricket Bat,Sports,1512.87,1,Canada,1512.87
O00952,2025-11-02,C132,P001,Smartphone,Electronics,17256.68,2,USA,34513.36
O00952,2025-11-02,C132,P016,Mixer Grinder,Home & Kitchen,3213.01,2,Canada,6426.02
O00952,2025-11-02,C132,P021,Cricket Bat,Sports,1495.32,3,USA,4485.96
O00952,2025-11-02,C132,P012,Wheat Flour 5kg,Groceries,323.88,2,USA,647.76
O00952,2025-11-02,C132,P019,Bedsheet,Home & Kitchen,907.32,1,UK,907.32
O00953,2025-01-20,C125,P024,Dumbbells 5kg,Sports,1274.23,2,USA,2548.46
O00954,2025-08-21,C028,P013,Cooking Oil 1L,Groceries,165.32,3,Australia,495.96
O00954,2025-08-21,C028,P016,Mixer Grinder,Home & Kitchen,3049.77,3,USA,9149.31
O00954,2025-08-21,C028,P012,Wheat Flour 5kg,Groceries,311.8,2,UK,623.6
O00954,2025-08-21,C028,P025,Badminton Racket,Sports,869.14,1,Canada,869.14
O00954,2025-08-21,C028,P024,Dumbbells 5kg,Sports,1216.1,2,India,2432.2
O00955,2025-07-05,C097,P016,Mixer Grinder,Home & Kitchen,3147.58,3,India,9442.74
O00955,2025-07-05,C097,P023,Yoga Mat,Sports,710.6,1,India,710.6
O00955,2025-07-05,C097,P007,Jeans,Fashion,1526.76,3,Australia,4580.28
O00956,2025-12-16,C011,P018,Dinner Set,Home & Kitchen,2803.3,2,USA,5606.6
O00956,2025-12-16,C011,P002,Laptop,Electronics,53909.91,2,India,107819.82
O00956,2025-12-16,C011,P008,Sneakers,Fashion,2542.19,1,USA,2542.19
O00956,2025-12-16,C011,P023,Yoga Mat,Sports,705.22,2,Australia,1410.44
O00957,2025-08-13,C063,P013,Cooking Oil 1L,Groceries,166.09,2,Australia,332.18
O00957,2025-08-13,C063,P017,Pressure Cooker,Home & Kitchen,2159.5,3,India,6478.5
O00958,2025-03-31,C173,P005,Smartwatch,Electronics,6985.28,3,India,20955.84
O00959,2025-01-25,C193,P022,Football,Sports,906.81,1,UK,906.81
O00959,2025-01-25,C193,P003,Headphones,Electronics,2527.77,2,Australia,5055.54
O00959,2025-01-25,C193,P014,Sugar 1kg,Groceries,58.21,1,UK,58.21
O00959,2025-01-25,C193,P012,Wheat Flour 5kg,Groceries,346.41,3,Australia,1039.23
O00960,2025-08-03,C061,P006,T-Shirt,Fashion,696.23,1,Australia,696.23
O00960,2025-08-03,C061,P013,Cooking Oil 1L,Groceries,154.59,2,Australia,309.18
O00960,2025-08-03,C061,P017,Pressure Cooker,Home & Kitchen,2331.22,2,Australia,4662.44
O00960,2025-08-03,C061,P010,Formal Shirt,Fashion,1157.62,2,Canada,2315.24
O00960,2025-08-03,C061,P005,Smartwatch,Electronics,7503.88,2,Australia,15007.76
O00961,2025-05-24,C100,P002,Laptop,Electronics,57796.89,3,UK,173390.66999999998
O00962,2025-06-06,C124,P016,Mixer Grinder,Home & Kitchen,3271.29,3,Australia,9813.869999999999
O00962,2025-06-06,C124,P021,Cricket Bat,Sports,1583.89,2,Canada,3167.78
O00962,2025-06-06,C124,P002,Laptop,Electronics,56407.35,1,USA,56407.35
O00962,2025-06-06,C124,P015,Tea 500g,Groceries,226.68,2,UK,453.36
O00963,2025-02-19,C101,P001,Smartphone,Electronics,18445.55,1,India,18445.55
O00963,2025-02-19,C101,P018,Dinner Set,Home & Kitchen,2943.34,1,UK,2943.34
O00963,2025-02-19,C101,P011,Rice 5kg,Groceries,368.96,3,UK,1106.8799999999999
O00964,2025-11-19,C158,P007,Jeans,Fashion,1495.11,2,Canada,2990.22
O00964,2025-11-19,C158,P024,Dumbbells 5kg,Sports,1294.59,1,UK,1294.59
O00964,2025-11-19,C158,P001,Smartphone,Electronics,19781.0,2,UK,39562.0
O00964,2025-11-19,C158,P018,Dinner Set,Home & Kitchen,2883.6,1,Australia,2883.6
O00964,2025-11-19,C158,P002,Laptop,Electronics,53746.39,3,Australia,161239.16999999998
O00965,2025-06-24,C005,P016,Mixer Grinder,Home & Kitchen,3423.48,1,Canada,3423.48
O00965,2025-06-24,C005,P013,Cooking Oil 1L,Groceries,156.35,1,USA,156.35
O00966,2025-08-12,C094,P021,Cricket Bat,Sports,1552.39,1,Canada,1552.39
O00966,2025-08-12,C094,P022,Football,Sports,973.9,3,India,2921.7
O00967,2025-10-25,C153,P025,Badminton Racket,Sports,819.71,1,UK,819.71
O00967,2025-10-25,C153,P018,Dinner Set,Home & Kitchen,2815.05,2,Canada,5630.1
O00967,2025-10-25,C153,P008,Sneakers,Fashion,2459.26,2,Australia,4918.52
O00967,2025-10-25,C153,P015,Tea 500g,Groceries,231.95,3,Canada,695.8499999999999
O00967,2025-10-25,C153,P011,Rice 5kg,Groceries,357.42,3,India,1072.26
O00968,2025-11-29,C170,P024,Dumbbells 5kg,Sports,1141.72,2,Canada,2283.44
O00968,2025-11-29,C170,P016,Mixer Grinder,Home & Kitchen,3475.21,2,India,6950.42
O00968,2025-11-29,C170,P005,Smartwatch,Electronics,6864.1,3,UK,20592.300000000003
O00968,2025-11-29,C170,P009,Jacket,Fashion,3102.16,2,UK,6204.32
O00968,2025-11-29,C170,P023,Yoga Mat,Sports,720.86,1,Canada,720.86
O00969,2025-08-14,C064,P004,Bluetooth Speaker,Electronics,3419.4,1,UK,3419.4
O00969,2025-08-14,C064,P018,Dinner Set,Home & Kitchen,2903.39,2,Canada,5806.78
O00970,2025-11-04,C134,P007,Jeans,Fashion,1453.03,1,India,1453.03
O00971,2025-05-17,C095,P017,Pressure Cooker,Home & Kitchen,2160.19,2,UK,4320.38
O00971,2025-05-17,C095,P025,Badminton Racket,Sports,778.75,1,Australia,778.75
O00971,2025-05-17,C095,P010,Formal Shirt,Fashion,1300.39,1,UK,1300.39
O00971,2025-05-17,C095,P002,Laptop,Electronics,56692.93,1,UK,56692.93
O00972,2025-02-21,C164,P020,Water Bottle,Home & Kitchen,262.41,3,Canada,787.23
O00972,2025-02-21,C164,P012,Wheat Flour 5kg,Groceries,351.17,3,India,1053.51
O00972,2025-02-21,C164,P002,Laptop,Electronics,58121.12,2,Australia,116242.24
O00973,2025-01-19,C176,P008,Sneakers,Fashion,2396.61,1,USA,2396.61
O00973,2025-01-19,C176,P006,T-Shirt,Fashion,671.91,2,Canada,1343.82
O00973,2025-01-19,C176,P014,Sugar 1kg,Groceries,55.37,1,UK,55.37
O00974,2025-12-22,C027,P023,Yoga Mat,Sports,729.12,1,UK,729.12
O00974,2025-12-22,C027,P008,Sneakers,Fashion,2459.07,2,Canada,4918.14
O00974,2025-12-22,C027,P009,Jacket,Fashion,2890.77,3,Canada,8672.31
O00975,2025-09-09,C098,P005,Smartwatch,Electronics,6891.01,1,USA,6891.01
O00976,2025-05-13,C152,P025,Badminton Racket,Sports,815.59,3,USA,2446.77
O00976,2025-05-13,C152,P017,Pressure Cooker,Home & Kitchen,2154.05,3,India,6462.150000000001
O00976,2025-05-13,C152,P015,Tea 500g,Groceries,219.87,2,UK,439.74
O00976,2025-05-13,C152,P021,Cricket Bat,Sports,1493.91,2,Canada,2987.82
O00976,2025-05-13,C152,P008,Sneakers,Fashion,2469.06,2,Canada,4938.12
O00977,2025-01-18,C049,P003,Headphones,Electronics,2696.59,3,UK,8089.77
O00977,2025-01-18,C049,P012,Wheat Flour 5kg,Groceries,315.08,3,Canada,945.24
O00977,2025-01-18,C049,P025,Badminton Racket,Sports,834.9,1,India,834.9
O00978,2025-11-17,C046,P014,Sugar 1kg,Groceries,56.22,3,UK,168.66
O00979,2025-01-27,C016,P020,Water Bottle,Home & Kitchen,239.66,2,Australia,479.32
O00980,2025-07-07,C135,P006,T-Shirt,Fashion,688.37,1,India,688.37
O00980,2025-07-07,C135,P002,Laptop,Electronics,56384.22,1,Canada,56384.22
O00981,2025-10-10,C093,P023,Yoga Mat,Sports,685.22,2,India,1370.44
O00982,2025-09-25,C006,P012,Wheat Flour 5kg,Groceries,337.3,3,UK,1011.9000000000001
O00982,2025-09-25,C006,P006,T-Shirt,Fashion,699.4,2,Canada,1398.8
O00982,2025-09-25,C006,P011,Rice 5kg,Groceries,336.24,3,UK,1008.72
O00982,2025-09-25,C006,P016,Mixer Grinder,Home & Kitchen,3269.47,2,Australia,6538.94
O00982,2025-09-25,C006,P023,Yoga Mat,Sports,768.34,3,UK,2305.02
O00983,2025-05-04,C093,P008,Sneakers,Fashion,2683.35,1,Canada,2683.35
O00983,2025-05-04,C093,P016,Mixer Grinder,Home & Kitchen,3373.78,3,Canada,10121.34
O00983,2025-05-04,C093,P024,Dumbbells 5kg,Sports,1220.48,3,India,3661.44
O00983,2025-05-04,C093,P017,Pressure Cooker,Home & Kitchen,2094.47,3,USA,6283.41
O00983,2025-05-04,C093,P015,Tea 500g,Groceries,219.82,2,UK,439.64
O00984,2025-05-18,C120,P019,Bedsheet,Home & Kitchen,860.06,2,Canada,1720.12
O00984,2025-05-18,C120,P004,Bluetooth Speaker,Electronics,3596.61,3,India,10789.83
O00985,2025-10-13,C024,P021,Cricket Bat,Sports,1644.75,3,USA,4934.25
O00985,2025-10-13,C024,P004,Bluetooth Speaker,Electronics,3519.36,3,Australia,10558.08
O00985,2025-10-13,C024,P010,Formal Shirt,Fashion,1207.81,2,USA,2415.62
O00985,2025-10-13,C024,P007,Jeans,Fashion,1611.61,2,USA,3223.22
O00986,2025-07-31,C117,P011,Rice 5kg,Groceries,345.1,1,India,345.1
O00986,2025-07-31,C117,P025,Badminton Racket,Sports,772.32,1,India,772.32
O00986,2025-07-31,C117,P016,Mixer Grinder,Home & Kitchen,3377.86,1,Australia,3377.86
O00987,2025-07-17,C154,P018,Dinner Set,Home & Kitchen,2872.99,3,India,8618.97
O00988,2025-02-06,C060,P008,Sneakers,Fashion,2485.62,1,USA,2485.62
O00988,2025-02-06,C060,P023,Yoga Mat,Sports,676.65,1,USA,676.65
O00988,2025-02-06,C060,P014,Sugar 1kg,Groceries,53.61,1,Canada,53.61
O00988,2025-02-06,C060,P024,Dumbbells 5kg,Sports,1282.88,1,India,1282.88
O00989,2025-08-20,C180,P023,Yoga Mat,Sports,705.48,1,India,705.48
O00989,2025-08-20,C180,P016,Mixer Grinder,Home & Kitchen,3346.8,2,Canada,6693.6
O00989,2025-08-20,C180,P012,Wheat Flour 5kg,Groceries,338.35,2,UK,676.7
O00989,2025-08-20,C180,P014,Sugar 1kg,Groceries,58.06,2,UK,116.12
O00990,2025-03-04,C043,P013,Cooking Oil 1L,Groceries,157.12,3,UK,471.36
O00991,2025-04-05,C017,P018,Dinner Set,Home & Kitchen,2700.71,3,India,8102.13
O00991,2025-04-05,C017,P008,Sneakers,Fashion,2534.72,3,USA,7604.16
O00991,2025-04-05,C017,P021,Cricket Bat,Sports,1486.38,2,Canada,2972.76
O00992,2025-11-05,C055,P002,Laptop,Electronics,59870.49,1,UK,59870.49
O00992,2025-11-05,C055,P004,Bluetooth Speaker,Electronics,3828.13,1,USA,3828.13
O00992,2025-11-05,C055,P025,Badminton Racket,Sports,836.57,3,India,2509.71
O00992,2025-11-05,C055,P015,Tea 500g,Groceries,217.16,2,Australia,434.32
O00992,2025-11-05,C055,P018,Dinner Set,Home & Kitchen,2910.3,1,UK,2910.3
O00993,2025-12-19,C005,P010,Formal Shirt,Fashion,1181.02,2,Canada,2362.04
O00994,2025-12-21,C104,P013,Cooking Oil 1L,Groceries,172.82,3,Canada,518.46
O00994,2025-12-21,C104,P016,Mixer Grinder,Home & Kitchen,3276.08,3,USA,9828.24
O00995,2025-10-28,C103,P025,Badminton Racket,Sports,869.35,2,India,1738.7
O00995,2025-10-28,C103,P006,T-Shirt,Fashion,733.81,3,UK,2201.43
O00995,2025-10-28,C103,P010,Formal Shirt,Fashion,1144.94,2,India,2289.88
O00995,2025-10-28,C103,P021,Cricket Bat,Sports,1501.62,2,India,3003.24
O00996,2025-12-23,C178,P024,Dumbbells 5kg,Sports,1278.48,1,Australia,1278.48
O00996,2025-12-23,C178,P013,Cooking Oil 1L,Groceries,157.83,2,USA,315.66
O00996,2025-12-23,C178,P014,Sugar 1kg,Groceries,52.44,3,India,157.32
O00997,2025-09-29,C092,P004,Bluetooth Speaker,Electronics,3792.68,3,UK,11378.039999999999
O00997,2025-09-29,C092,P015,Tea 500g,Groceries,239.65,2,Canada,479.3
O00997,2025-09-29,C092,P006,T-Shirt,Fashion,722.72,3,India,2168.16
O00998,2025-10-25,C069,P023,Yoga Mat,Sports,688.17,2,USA,1376.34
O00998,2025-10-25,C069,P019,Bedsheet,Home & Kitchen,918.61,3,Australia,2755.83
O00998,2025-10-25,C069,P012,Wheat Flour 5kg,Groceries,322.16,2,India,644.32
O00998,2025-10-25,C069,P011,Rice 5kg,Groceries,373.31,2,Australia,746.62
O00998,2025-10-25,C069,P001,Smartphone,Electronics,18682.58,2,Canada,37365.16
O00999,2025-03-25,C012,P001,Smartphone,Electronics,19235.03,3,India,57705.09
O00999,2025-03-25,C012,P020,Water Bottle,Home & Kitchen,241.57,3,Australia,724.71
O00999,2025-03-25,C012,P003,Headphones,Electronics,2456.83,3,USA,7370.49
O00999,2025-03-25,C012,P012,Wheat Flour 5kg,Groceries,335.86,3,USA,1007.58
O01000,2025-02-28,C108,P004,Bluetooth Speaker,Electronics,3484.71,2,Australia,6969.42
O01001,2025-10-22,C133,P010,Formal Shirt,Fashion,1208.57,1,Canada,1208.57
O01001,2025-10-22,C133,P024,Dumbbells 5kg,Sports,1242.25,3,Canada,3726.75
O01001,2025-10-22,C133,P016,Mixer Grinder,Home & Kitchen,3356.6,1,USA,3356.6
O01001,2025-10-22,C133,P008,Sneakers,Fashion,2520.01,1,India,2520.01
O01002,2025-10-10,C075,P013,Cooking Oil 1L,Groceries,164.98,3,UK,494.93999999999994
O01002,2025-10-10,C075,P020,Water Bottle,Home & Kitchen,256.91,3,UK,770.73
O01002,2025-10-10,C075,P003,Headphones,Electronics,2606.46,3,USA,7819.38
O01002,2025-10-10,C075,P016,Mixer Grinder,Home & Kitchen,3336.53,2,Australia,6673.06
O01003,2025-05-06,C022,P005,Smartwatch,Electronics,6674.55,2,USA,13349.1
O01003,2025-05-06,C022,P016,Mixer Grinder,Home & Kitchen,3505.86,3,UK,10517.58
O01003,2025-05-06,C022,P024,Dumbbells 5kg,Sports,1219.64,3,Canada,3658.92
O01004,2025-09-06,C072,P011,Rice 5kg,Groceries,361.33,1,Australia,361.33
O01005,2025-08-31,C183,P002,Laptop,Electronics,54510.69,3,Australia,163532.07
O01005,2025-08-31,C183,P013,Cooking Oil 1L,Groceries,152.97,2,Australia,305.94
O01005,2025-08-31,C183,P014,Sugar 1kg,Groceries,54.85,1,Canada,54.85
O01005,2025-08-31,C183,P019,Bedsheet,Home & Kitchen,876.25,2,USA,1752.5
O01005,2025-08-31,C183,P016,Mixer Grinder,Home & Kitchen,3377.44,2,Canada,6754.88
O01006,2025-02-09,C076,P003,Headphones,Electronics,2593.03,2,USA,5186.06
O01006,2025-02-09,C076,P012,Wheat Flour 5kg,Groceries,342.3,3,Australia,1026.9
O01006,2025-02-09,C076,P015,Tea 500g,Groceries,235.61,3,Canada,706.83
O01006,2025-02-09,C076,P004,Bluetooth Speaker,Electronics,3771.19,2,USA,7542.38
O01007,2025-07-07,C195,P021,Cricket Bat,Sports,1646.59,1,UK,1646.59
O01007,2025-07-07,C195,P013,Cooking Oil 1L,Groceries,162.41,2,UK,324.82
O01008,2025-11-26,C061,P017,Pressure Cooker,Home & Kitchen,2270.92,3,India,6812.76
O01008,2025-11-26,C061,P025,Badminton Racket,Sports,800.23,3,Canada,2400.69
O01008,2025-11-26,C061,P018,Dinner Set,Home & Kitchen,2983.86,3,Australia,8951.58
O01009,2025-06-27,C199,P001,Smartphone,Electronics,18714.96,1,USA,18714.96
O01009,2025-06-27,C199,P010,Formal Shirt,Fashion,1194.34,3,India,3583.0199999999995
O01009,2025-06-27,C199,P003,Headphones,Electronics,2626.54,2,USA,5253.08
O01009,2025-06-27,C199,P008,Sneakers,Fashion,2706.13,2,Australia,5412.26
O01010,2025-12-27,C041,P023,Yoga Mat,Sports,723.5,3,USA,2170.5
O01010,2025-12-27,C041,P014,Sugar 1kg,Groceries,56.8,3,India,170.39999999999998
O01011,2025-09-15,C142,P006,T-Shirt,Fashion,689.48,1,India,689.48
O01011,2025-09-15,C142,P008,Sneakers,Fashion,2542.83,1,USA,2542.83
O01011,2025-09-15,C142,P010,Formal Shirt,Fashion,1159.92,2,USA,2319.84
O01012,2025-06-02,C167,P024,Dumbbells 5kg,Sports,1288.56,2,USA,2577.12
O01012,2025-06-02,C167,P025,Badminton Racket,Sports,829.62,1,UK,829.62
O01012,2025-06-02,C167,P018,Dinner Set,Home & Kitchen,2907.39,1,Canada,2907.39
O01012,2025-06-02,C167,P022,Football,Sports,862.51,2,UK,1725.02
O01012,2025-06-02,C167,P001,Smartphone,Electronics,19746.42,2,USA,39492.84
O01013,2025-11-21,C149,P017,Pressure Cooker,Home & Kitchen,2248.34,2,India,4496.68
O01013,2025-11-21,C149,P001,Smartphone,Electronics,18528.53,3,USA,55585.59
O01013,2025-11-21,C149,P016,Mixer Grinder,Home & Kitchen,3292.0,3,Australia,9876.0
O01013,2025-11-21,C149,P011,Rice 5kg,Groceries,360.87,3,Australia,1082.6100000000001
O01013,2025-11-21,C149,P019,Bedsheet,Home & Kitchen,872.86,3,Australia,2618.58
O01014,2025-03-28,C003,P006,T-Shirt,Fashion,735.35,2,UK,1470.7
O01014,2025-03-28,C003,P019,Bedsheet,Home & Kitchen,864.0,3,UK,2592.0
O01015,2025-03-03,C011,P002,Laptop,Electronics,58871.11,1,Australia,58871.11
O01016,2025-10-13,C147,P016,Mixer Grinder,Home & Kitchen,3460.97,3,USA,10382.91
O01017,2025-12-21,C092,P008,Sneakers,Fashion,2396.77,1,India,2396.77
O01017,2025-12-21,C092,P016,Mixer Grinder,Home & Kitchen,3511.2,3,Canada,10533.599999999999
O01017,2025-12-21,C092,P019,Bedsheet,Home & Kitchen,974.93,2,Australia,1949.86
O01017,2025-12-21,C092,P023,Yoga Mat,Sports,717.48,2,UK,1434.96
O01017,2025-12-21,C092,P004,Bluetooth Speaker,Electronics,3668.69,3,UK,11006.07
O01018,2025-11-07,C193,P019,Bedsheet,Home & Kitchen,868.84,1,India,868.84
O01018,2025-11-07,C193,P008,Sneakers,Fashion,2504.43,2,Australia,5008.86
O01018,2025-11-07,C193,P004,Bluetooth Speaker,Electronics,3570.33,1,Canada,3570.33
O01018,2025-11-07,C193,P007,Jeans,Fashion,1558.32,2,Australia,3116.64
O01019,2025-03-19,C042,P008,Sneakers,Fashion,2636.44,3,Australia,7909.32
O01019,2025-03-19,C042,P012,Wheat Flour 5kg,Groceries,311.98,2,Canada,623.96
O01019,2025-03-19,C042,P002,Laptop,Electronics,53928.49,2,Canada,107856.98
O01020,2025-12-09,C189,P006,T-Shirt,Fashion,743.82,2,UK,1487.64
O01021,2025-01-31,C040,P025,Badminton Racket,Sports,822.16,1,Australia,822.16
O01021,2025-01-31,C040,P017,Pressure Cooker,Home & Kitchen,2113.36,2,Australia,4226.72
O01021,2025-01-31,C040,P001,Smartphone,Electronics,18353.33,1,UK,18353.33
O01022,2025-06-22,C093,P015,Tea 500g,Groceries,239.69,2,Canada,479.38
O01022,2025-06-22,C093,P021,Cricket Bat,Sports,1576.71,2,Australia,3153.42
O01022,2025-06-22,C093,P022,Football,Sports,970.54,3,Australia,2911.62
O01022,2025-06-22,C093,P005,Smartwatch,Electronics,7594.3,2,India,15188.6
O01023,2025-10-21,C007,P017,Pressure Cooker,Home & Kitchen,2129.29,2,India,4258.58
O01023,2025-10-21,C007,P012,Wheat Flour 5kg,Groceries,321.48,3,USA,964.44
O01023,2025-10-21,C007,P019,Bedsheet,Home & Kitchen,869.73,1,Australia,869.73
O01024,2025-09-20,C174,P019,Bedsheet,Home & Kitchen,935.69,2,India,1871.38
O01024,2025-09-20,C174,P016,Mixer Grinder,Home & Kitchen,3078.29,2,UK,6156.58
O01025,2025-11-27,C190,P003,Headphones,Electronics,2478.24,2,Canada,4956.48
O01025,2025-11-27,C190,P021,Cricket Bat,Sports,1511.4,3,India,4534.200000000001
O01025,2025-11-27,C190,P017,Pressure Cooker,Home & Kitchen,2159.76,1,USA,2159.76
O01026,2025-12-20,C110,P012,Wheat Flour 5kg,Groceries,321.57,1,Australia,321.57
O01026,2025-12-20,C110,P015,Tea 500g,Groceries,219.09,1,Australia,219.09
O01026,2025-12-20,C110,P014,Sugar 1kg,Groceries,59.98,3,UK,179.94
O01026,2025-12-20,C110,P024,Dumbbells 5kg,Sports,1190.04,3,UK,3570.12
O01027,2025-04-30,C031,P005,Smartwatch,Electronics,7333.64,2,India,14667.28
O01027,2025-04-30,C031,P018,Dinner Set,Home & Kitchen,2964.77,1,Canada,2964.77
O01027,2025-04-30,C031,P013,Cooking Oil 1L,Groceries,161.71,2,UK,323.42
O01028,2025-11-16,C055,P015,Tea 500g,Groceries,219.16,1,USA,219.16
O01029,2025-01-11,C170,P023,Yoga Mat,Sports,719.69,3,UK,2159.07
O01029,2025-01-11,C170,P011,Rice 5kg,Groceries,383.18,2,Australia,766.36
O01029,2025-01-11,C170,P024,Dumbbells 5kg,Sports,1237.44,1,India,1237.44
O01029,2025-01-11,C170,P019,Bedsheet,Home & Kitchen,929.56,3,USA,2788.68
O01029,2025-01-11,C170,P007,Jeans,Fashion,1614.07,2,Canada,3228.14
O01030,2025-06-12,C064,P021,Cricket Bat,Sports,1641.23,2,Australia,3282.46
O01030,2025-06-12,C064,P013,Cooking Oil 1L,Groceries,174.67,1,Australia,174.67
O01030,2025-06-12,C064,P003,Headphones,Electronics,2410.34,1,India,2410.34
O01031,2025-06-10,C098,P018,Dinner Set,Home & Kitchen,2741.17,2,Australia,5482.34
O01031,2025-06-10,C098,P009,Jacket,Fashion,2947.89,1,UK,2947.89
O01031,2025-06-10,C098,P021,Cricket Bat,Sports,1518.29,2,Canada,3036.58
O01031,2025-06-10,C098,P022,Football,Sports,941.91,2,UK,1883.82
O01031,2025-06-10,C098,P008,Sneakers,Fashion,2467.17,3,Australia,7401.51
O01032,2025-05-30,C170,P013,Cooking Oil 1L,Groceries,160.46,3,UK,481.38
O01032,2025-05-30,C170,P019,Bedsheet,Home & Kitchen,889.55,1,India,889.55
O01032,2025-05-30,C170,P010,Formal Shirt,Fashion,1187.63,1,USA,1187.63
O01032,2025-05-30,C170,P008,Sneakers,Fashion,2595.3,2,India,5190.6
O01032,2025-05-30,C170,P006,T-Shirt,Fashion,758.28,3,Australia,2274.84
O01033,2025-06-09,C069,P008,Sneakers,Fashion,2644.34,3,India,7933.02
O01033,2025-06-09,C069,P023,Yoga Mat,Sports,719.93,2,UK,1439.86
O01033,2025-06-09,C069,P016,Mixer Grinder,Home & Kitchen,3186.06,3,Australia,9558.18
O01033,2025-06-09,C069,P017,Pressure Cooker,Home & Kitchen,2274.38,2,Australia,4548.76
O01033,2025-06-09,C069,P019,Bedsheet,Home & Kitchen,951.8,2,India,1903.6
O01034,2025-03-30,C033,P013,Cooking Oil 1L,Groceries,173.04,2,Australia,346.08
O01035,2025-07-07,C021,P014,Sugar 1kg,Groceries,56.58,2,Canada,113.16
O01036,2025-01-15,C041,P001,Smartphone,Electronics,18973.99,3,USA,56921.97
O01037,2025-01-05,C180,P002,Laptop,Electronics,57056.34,3,Canada,171169.02
O01037,2025-01-05,C180,P013,Cooking Oil 1L,Groceries,155.77,3,UK,467.31000000000006
O01037,2025-01-05,C180,P008,Sneakers,Fashion,2539.68,2,UK,5079.36
O01037,2025-01-05,C180,P006,T-Shirt,Fashion,688.51,2,Canada,1377.02
O01037,2025-01-05,C180,P004,Bluetooth Speaker,Electronics,3479.91,1,Australia,3479.91
O01038,2025-03-24,C037,P005,Smartwatch,Electronics,7302.9,3,Australia,21908.699999999997
O01038,2025-03-24,C037,P020,Water Bottle,Home & Kitchen,244.94,1,Canada,244.94
O01039,2025-07-04,C032,P019,Bedsheet,Home & Kitchen,976.58,2,Canada,1953.16
O01040,2025-06-11,C090,P004,Bluetooth Speaker,Electronics,3758.0,3,USA,11274.0
O01040,2025-06-11,C090,P022,Football,Sports,942.29,2,India,1884.58
O01040,2025-06-11,C090,P003,Headphones,Electronics,2733.07,2,Canada,5466.14
O01041,2025-02-23,C070,P016,Mixer Grinder,Home & Kitchen,3118.23,2,India,6236.46
O01041,2025-02-23,C070,P006,T-Shirt,Fashion,735.88,2,India,1471.76
O01041,2025-02-23,C070,P012,Wheat Flour 5kg,Groceries,305.44,2,India,610.88
O01041,2025-02-23,C070,P023,Yoga Mat,Sports,720.85,2,Canada,1441.7
O01042,2025-12-05,C115,P019,Bedsheet,Home & Kitchen,915.62,2,India,1831.24
O01043,2025-06-29,C043,P022,Football,Sports,932.79,1,UK,932.79
O01044,2025-05-14,C081,P018,Dinner Set,Home & Kitchen,3009.95,3,USA,9029.849999999999
O01044,2025-05-14,C081,P013,Cooking Oil 1L,Groceries,154.1,2,Australia,308.2
O01044,2025-05-14,C081,P021,Cricket Bat,Sports,1478.24,2,Canada,2956.48
O01044,2025-05-14,C081,P007,Jeans,Fashion,1497.37,2,USA,2994.74
O01045,2025-01-24,C033,P022,Football,Sports,867.09,3,India,2601.27
O01045,2025-01-24,C033,P009,Jacket,Fashion,2984.04,2,Australia,5968.08
O01045,2025-01-24,C033,P004,Bluetooth Speaker,Electronics,3729.24,1,Canada,3729.24
O01045,2025-01-24,C033,P016,Mixer Grinder,Home & Kitchen,3475.27,1,UK,3475.27
O01045,2025-01-24,C033,P001,Smartphone,Electronics,19040.22,3,UK,57120.66
O01046,2025-03-27,C091,P017,Pressure Cooker,Home & Kitchen,2352.2,3,Canada,7056.599999999999
O01047,2025-07-08,C133,P023,Yoga Mat,Sports,711.07,3,USA,2133.21
O01047,2025-07-08,C133,P018,Dinner Set,Home & Kitchen,3066.08,3,Canada,9198.24
O01047,2025-07-08,C133,P003,Headphones,Electronics,2730.0,1,UK,2730.0
O01048,2025-12-15,C005,P016,Mixer Grinder,Home & Kitchen,3220.1,2,USA,6440.2
O01048,2025-12-15,C005,P020,Water Bottle,Home & Kitchen,271.06,3,Australia,813.1800000000001
O01049,2025-09-17,C008,P025,Badminton Racket,Sports,851.57,2,UK,1703.14
O01049,2025-09-17,C008,P001,Smartphone,Electronics,17683.39,2,India,35366.78
O01049,2025-09-17,C008,P003,Headphones,Electronics,2708.48,1,Canada,2708.48
O01049,2025-09-17,C008,P015,Tea 500g,Groceries,217.2,2,UK,434.4
O01050,2025-07-02,C146,P021,Cricket Bat,Sports,1431.25,1,Australia,1431.25
O01050,2025-07-02,C146,P003,Headphones,Electronics,2420.07,2,Canada,4840.14
O01050,2025-07-02,C146,P019,Bedsheet,Home & Kitchen,899.59,3,India,2698.77
O01050,2025-07-02,C146,P007,Jeans,Fashion,1486.09,1,USA,1486.09
O01051,2025-06-12,C024,P008,Sneakers,Fashion,2626.57,2,USA,5253.14
O01052,2025-02-18,C010,P019,Bedsheet,Home & Kitchen,949.39,2,Australia,1898.78
O01053,2025-10-09,C097,P005,Smartwatch,Electronics,6991.03,1,UK,6991.03
O01053,2025-10-09,C097,P011,Rice 5kg,Groceries,380.42,2,Canada,760.84
O01053,2025-10-09,C097,P017,Pressure Cooker,Home & Kitchen,2093.36,2,UK,4186.72
O01053,2025-10-09,C097,P007,Jeans,Fashion,1512.61,1,Australia,1512.61
O01053,2025-10-09,C097,P009,Jacket,Fashion,3123.01,2,USA,6246.02
O01054,2025-12-04,C025,P017,Pressure Cooker,Home & Kitchen,2338.08,3,India,7014.24
O01055,2025-01-06,C060,P017,Pressure Cooker,Home & Kitchen,2373.34,2,USA,4746.68
O01055,2025-01-06,C060,P025,Badminton Racket,Sports,845.44,2,USA,1690.88
O01055,2025-01-06,C060,P024,Dumbbells 5kg,Sports,1254.46,2,UK,2508.92
O01055,2025-01-06,C060,P010,Formal Shirt,Fashion,1292.94,3,Canada,3878.82
O01056,2025-05-04,C140,P011,Rice 5kg,Groceries,357.48,2,India,714.96
O01057,2025-04-30,C005,P018,Dinner Set,Home & Kitchen,2805.34,2,Australia,5610.68
O01057,2025-04-30,C005,P003,Headphones,Electronics,2510.54,3,UK,7531.62
O01057,2025-04-30,C005,P025,Badminton Racket,Sports,847.59,3,Australia,2542.77
O01058,2025-01-05,C037,P006,T-Shirt,Fashion,741.8,2,India,1483.6
O01058,2025-01-05,C037,P023,Yoga Mat,Sports,733.13,1,USA,733.13
O01058,2025-01-05,C037,P004,Bluetooth Speaker,Electronics,3776.31,3,Canada,11328.93
O01058,2025-01-05,C037,P010,Formal Shirt,Fashion,1164.8,3,UK,3494.3999999999996
O01059,2025-01-18,C167,P024,Dumbbells 5kg,Sports,1152.38,3,UK,3457.1400000000003
O01059,2025-01-18,C167,P003,Headphones,Electronics,2722.47,2,Australia,5444.94
O01059,2025-01-18,C167,P016,Mixer Grinder,Home & Kitchen,3350.89,2,India,6701.78
O01060,2025-04-17,C149,P005,Smartwatch,Electronics,7579.32,3,Australia,22737.96
O01060,2025-04-17,C149,P021,Cricket Bat,Sports,1450.58,3,UK,4351.74
O01060,2025-04-17,C149,P018,Dinner Set,Home & Kitchen,2975.49,1,Australia,2975.49
O01061,2025-08-16,C148,P005,Smartwatch,Electronics,6816.83,2,USA,13633.66
O01061,2025-08-16,C148,P008,Sneakers,Fashion,2547.9,1,Canada,2547.9
O01062,2025-03-24,C158,P022,Football,Sports,989.54,2,Australia,1979.08
O01062,2025-03-24,C158,P004,Bluetooth Speaker,Electronics,3471.27,2,USA,6942.54
O01063,2025-02-04,C011,P016,Mixer Grinder,Home & Kitchen,3091.87,1,India,3091.87
O01063,2025-02-04,C011,P018,Dinner Set,Home & Kitchen,3010.81,3,USA,9032.43
O01063,2025-02-04,C011,P014,Sugar 1kg,Groceries,56.89,2,India,113.78
O01063,2025-02-04,C011,P023,Yoga Mat,Sports,679.36,2,UK,1358.72
O01063,2025-02-04,C011,P024,Dumbbells 5kg,Sports,1181.21,3,UK,3543.63
O01064,2025-04-07,C171,P015,Tea 500g,Groceries,222.53,3,USA,667.59
O01065,2025-07-27,C059,P024,Dumbbells 5kg,Sports,1237.09,3,USA,3711.2699999999995
O01065,2025-07-27,C059,P009,Jacket,Fashion,3003.92,3,India,9011.76
O01065,2025-07-27,C059,P021,Cricket Bat,Sports,1612.99,3,Australia,4838.97
O01065,2025-07-27,C059,P022,Football,Sports,905.9,2,India,1811.8
O01065,2025-07-27,C059,P016,Mixer Grinder,Home & Kitchen,3140.9,2,USA,6281.8
O01066,2025-07-15,C143,P001,Smartphone,Electronics,19186.93,3,India,57560.79
O01066,2025-07-15,C143,P002,Laptop,Electronics,53832.77,3,USA,161498.31
O01066,2025-07-15,C143,P018,Dinner Set,Home & Kitchen,2779.4,3,UK,8338.2
O01067,2025-05-28,C076,P010,Formal Shirt,Fashion,1318.42,2,Australia,2636.84
O01067,2025-05-28,C076,P025,Badminton Racket,Sports,813.42,3,Australia,2440.2599999999998
O01067,2025-05-28,C076,P019,Bedsheet,Home & Kitchen,937.16,2,USA,1874.32
O01067,2025-05-28,C076,P021,Cricket Bat,Sports,1580.11,1,USA,1580.11
O01068,2025-02-21,C022,P005,Smartwatch,Electronics,6941.58,3,Canada,20824.739999999998
O01068,2025-02-21,C022,P010,Formal Shirt,Fashion,1315.28,2,USA,2630.56
O01068,2025-02-21,C022,P011,Rice 5kg,Groceries,346.81,1,Canada,346.81
O01068,2025-02-21,C022,P017,Pressure Cooker,Home & Kitchen,2188.06,1,India,2188.06
O01068,2025-02-21,C022,P014,Sugar 1kg,Groceries,54.65,1,USA,54.65
O01069,2025-06-13,C068,P009,Jacket,Fashion,3277.06,1,Canada,3277.06
O01069,2025-06-13,C068,P012,Wheat Flour 5kg,Groceries,327.59,1,India,327.59
O01069,2025-06-13,C068,P003,Headphones,Electronics,2492.07,3,USA,7476.210000000001
O01069,2025-06-13,C068,P014,Sugar 1kg,Groceries,57.15,3,India,171.45
O01069,2025-06-13,C068,P015,Tea 500g,Groceries,232.15,2,UK,464.3
O01070,2025-10-28,C097,P019,Bedsheet,Home & Kitchen,937.16,1,India,937.16
O01070,2025-10-28,C097,P011,Rice 5kg,Groceries,335.91,3,Canada,1007.73
O01071,2025-06-08,C073,P013,Cooking Oil 1L,Groceries,174.03,2,UK,348.06
O01071,2025-06-08,C073,P003,Headphones,Electronics,2419.99,1,Australia,2419.99
O01071,2025-06-08,C073,P015,Tea 500g,Groceries,211.99,2,UK,423.98
O01071,2025-06-08,C073,P007,Jeans,Fashion,1553.58,2,USA,3107.16
O01072,2025-10-16,C112,P020,Water Bottle,Home & Kitchen,241.6,3,Canada,724.8
O01072,2025-10-16,C112,P008,Sneakers,Fashion,2635.74,2,Canada,5271.48
O01072,2025-10-16,C112,P011,Rice 5kg,Groceries,353.26,3,Canada,1059.78
O01072,2025-10-16,C112,P021,Cricket Bat,Sports,1445.68,2,Canada,2891.36
O01073,2025-06-23,C180,P007,Jeans,Fashion,1475.17,3,Australia,4425.51
O01074,2025-05-23,C049,P001,Smartphone,Electronics,19363.94,2,India,38727.88
O01074,2025-05-23,C049,P013,Cooking Oil 1L,Groceries,155.43,1,Australia,155.43
O01075,2025-10-26,C159,P022,Football,Sports,976.14,2,Canada,1952.28
O01076,2025-08-26,C070,P025,Badminton Racket,Sports,871.28,1,Australia,871.28
O01076,2025-08-26,C070,P009,Jacket,Fashion,3145.97,3,Canada,9437.91
O01076,2025-08-26,C070,P005,Smartwatch,Electronics,7520.05,1,Canada,7520.05
O01077,2025-04-20,C168,P006,T-Shirt,Fashion,730.33,2,India,1460.66
O01077,2025-04-20,C168,P010,Formal Shirt,Fashion,1158.2,3,India,3474.6000000000004
O01077,2025-04-20,C168,P022,Football,Sports,875.53,1,USA,875.53
O01077,2025-04-20,C168,P012,Wheat Flour 5kg,Groceries,343.17,1,India,343.17
O01077,2025-04-20,C168,P019,Bedsheet,Home & Kitchen,953.53,1,USA,953.53
O01078,2025-09-28,C061,P015,Tea 500g,Groceries,213.15,2,UK,426.3
O01078,2025-09-28,C061,P005,Smartwatch,Electronics,7232.65,2,USA,14465.3
O01078,2025-09-28,C061,P003,Headphones,Electronics,2425.16,3,Canada,7275.48
O01078,2025-09-28,C061,P010,Formal Shirt,Fashion,1146.0,2,USA,2292.0
O01078,2025-09-28,C061,P006,T-Shirt,Fashion,670.85,1,Canada,670.85
O01079,2025-08-23,C054,P012,Wheat Flour 5kg,Groceries,336.91,2,India,673.82
O01079,2025-08-23,C054,P006,T-Shirt,Fashion,740.29,3,Australia,2220.87
O01079,2025-08-23,C054,P010,Formal Shirt,Fashion,1187.14,2,Canada,2374.28
O01079,2025-08-23,C054,P001,Smartphone,Electronics,17138.88,3,UK,51416.64
O01079,2025-08-23,C054,P017,Pressure Cooker,Home & Kitchen,2325.84,3,USA,6977.52
O01080,2025-01-02,C094,P016,Mixer Grinder,Home & Kitchen,3157.24,1,Australia,3157.24
O01080,2025-01-02,C094,P017,Pressure Cooker,Home & Kitchen,2249.25,1,Australia,2249.25
O01081,2025-09-19,C188,P002,Laptop,Electronics,58467.61,2,Australia,116935.22
O01081,2025-09-19,C188,P005,Smartwatch,Electronics,7176.51,1,Canada,7176.51
O01081,2025-09-19,C188,P023,Yoga Mat,Sports,709.86,1,Canada,709.86
O01081,2025-09-19,C188,P006,T-Shirt,Fashion,727.37,1,India,727.37
O01081,2025-09-19,C188,P020,Water Bottle,Home & Kitchen,253.64,3,UK,760.92
O01082,2025-08-06,C120,P010,Formal Shirt,Fashion,1288.36,2,Australia,2576.72
O01082,2025-08-06,C120,P021,Cricket Bat,Sports,1629.08,3,Australia,4887.24
O01082,2025-08-06,C120,P005,Smartwatch,Electronics,7321.81,1,Australia,7321.81
O01082,2025-08-06,C120,P007,Jeans,Fashion,1586.74,2,UK,3173.48
O01082,2025-08-06,C120,P008,Sneakers,Fashion,2622.01,2,Canada,5244.02
O01083,2025-10-03,C103,P010,Formal Shirt,Fashion,1190.75,2,UK,2381.5
O01083,2025-10-03,C103,P015,Tea 500g,Groceries,211.05,3,India,633.1500000000001
O01083,2025-10-03,C103,P009,Jacket,Fashion,3114.23,2,UK,6228.46
O01084,2025-10-06,C047,P015,Tea 500g,Groceries,240.18,3,USA,720.54
O01084,2025-10-06,C047,P002,Laptop,Electronics,56813.55,1,India,56813.55
O01085,2025-04-06,C098,P006,T-Shirt,Fashion,743.69,3,UK,2231.07
O01085,2025-04-06,C098,P001,Smartphone,Electronics,18222.99,1,UK,18222.99
O01085,2025-04-06,C098,P002,Laptop,Electronics,52457.68,2,Canada,104915.36
O01085,2025-04-06,C098,P016,Mixer Grinder,Home & Kitchen,3138.04,3,Australia,9414.119999999999
O01085,2025-04-06,C098,P008,Sneakers,Fashion,2580.79,2,Australia,5161.58
O01086,2025-06-22,C105,P014,Sugar 1kg,Groceries,58.84,2,India,117.68
O01086,2025-06-22,C105,P004,Bluetooth Speaker,Electronics,3730.01,2,UK,7460.02
O01086,2025-06-22,C105,P003,Headphones,Electronics,2725.04,1,UK,2725.04
O01086,2025-06-22,C105,P006,T-Shirt,Fashion,681.03,2,India,1362.06
O01086,2025-06-22,C105,P020,Water Bottle,Home & Kitchen,260.52,3,Australia,781.56
O01087,2025-03-27,C018,P002,Laptop,Electronics,58006.42,3,USA,174019.26
O01087,2025-03-27,C018,P009,Jacket,Fashion,3190.42,3,USA,9571.26
O01088,2025-09-18,C056,P015,Tea 500g,Groceries,211.3,2,USA,422.6
O01089,2025-06-14,C200,P001,Smartphone,Electronics,17182.52,1,Australia,17182.52
O01089,2025-06-14,C200,P006,T-Shirt,Fashion,767.36,2,UK,1534.72
O01089,2025-06-14,C200,P008,Sneakers,Fashion,2729.25,3,Canada,8187.75
O01089,2025-06-14,C200,P002,Laptop,Electronics,52681.81,3,UK,158045.43
O01090,2025-12-29,C198,P004,Bluetooth Speaker,Electronics,3403.9,1,Canada,3403.9
O01090,2025-12-29,C198,P018,Dinner Set,Home & Kitchen,2682.68,3,Canada,8048.039999999999
O01090,2025-12-29,C198,P015,Tea 500g,Groceries,221.99,1,USA,221.99
O01090,2025-12-29,C198,P009,Jacket,Fashion,3182.87,1,Canada,3182.87
O01091,2025-03-30,C089,P024,Dumbbells 5kg,Sports,1275.65,2,USA,2551.3
O01091,2025-03-30,C089,P014,Sugar 1kg,Groceries,56.99,2,UK,113.98
O01091,2025-03-30,C089,P022,Football,Sports,888.31,1,UK,888.31
O01092,2025-11-24,C057,P005,Smartwatch,Electronics,7146.05,3,Canada,21438.15
O01092,2025-11-24,C057,P002,Laptop,Electronics,60183.84,2,Australia,120367.68
O01092,2025-11-24,C057,P018,Dinner Set,Home & Kitchen,2887.94,2,Canada,5775.88
O01092,2025-11-24,C057,P020,Water Bottle,Home & Kitchen,250.02,1,Canada,250.02
O01092,2025-11-24,C057,P023,Yoga Mat,Sports,694.6,3,Canada,2083.8
O01093,2025-05-24,C044,P010,Formal Shirt,Fashion,1290.65,2,Canada,2581.3
O01094,2025-05-19,C010,P017,Pressure Cooker,Home & Kitchen,2277.38,2,Australia,4554.76
O01094,2025-05-19,C010,P020,Water Bottle,Home & Kitchen,240.11,2,India,480.22
O01094,2025-05-19,C010,P007,Jeans,Fashion,1530.3,3,UK,4590.9
O01095,2025-08-07,C076,P010,Formal Shirt,Fashion,1197.13,2,Canada,2394.26
O01095,2025-08-07,C076,P012,Wheat Flour 5kg,Groceries,317.97,1,India,317.97
O01095,2025-08-07,C076,P005,Smartwatch,Electronics,7137.23,2,India,14274.46
O01096,2025-03-01,C060,P024,Dumbbells 5kg,Sports,1187.67,3,Canada,3563.01
O01096,2025-03-01,C060,P003,Headphones,Electronics,2711.41,1,Canada,2711.41
O01096,2025-03-01,C060,P015,Tea 500g,Groceries,213.44,3,Canada,640.3199999999999
O01097,2025-08-10,C002,P005,Smartwatch,Electronics,7148.11,3,Australia,21444.329999999998
O01097,2025-08-10,C002,P023,Yoga Mat,Sports,712.61,2,India,1425.22
O01097,2025-08-10,C002,P002,Laptop,Electronics,55720.27,2,USA,111440.54
O01097,2025-08-10,C002,P010,Formal Shirt,Fashion,1204.43,2,USA,2408.86
O01097,2025-08-10,C002,P016,Mixer Grinder,Home & Kitchen,3159.78,1,Canada,3159.78
O01098,2025-01-09,C099,P008,Sneakers,Fashion,2434.53,2,Australia,4869.06
O01098,2025-01-09,C099,P005,Smartwatch,Electronics,6829.45,2,Australia,13658.9
O01098,2025-01-09,C099,P011,Rice 5kg,Groceries,358.91,2,UK,717.82
O01098,2025-01-09,C099,P002,Laptop,Electronics,59051.71,2,Canada,118103.42
O01099,2025-04-24,C008,P008,Sneakers,Fashion,2452.45,3,India,7357.349999999999
O01099,2025-04-24,C008,P016,Mixer Grinder,Home & Kitchen,3510.64,2,Canada,7021.28
O01099,2025-04-24,C008,P019,Bedsheet,Home & Kitchen,859.0,1,India,859.0
O01099,2025-04-24,C008,P005,Smartwatch,Electronics,7256.91,1,Australia,7256.91
O01099,2025-04-24,C008,P021,Cricket Bat,Sports,1442.51,1,UK,1442.51
O01100,2025-02-05,C180,P002,Laptop,Electronics,52494.53,2,India,104989.06
O01100,2025-02-05,C180,P012,Wheat Flour 5kg,Groceries,323.9,2,UK,647.8
O01100,2025-02-05,C180,P008,Sneakers,Fashion,2605.39,2,USA,5210.78
O01100,2025-02-05,C180,P024,Dumbbells 5kg,Sports,1235.13,2,Australia,2470.26
O01100,2025-02-05,C180,P011,Rice 5kg,Groceries,347.7,1,UK,347.7
O01101,2025-04-30,C017,P018,Dinner Set,Home & Kitchen,3074.21,1,UK,3074.21
O01101,2025-04-30,C017,P022,Football,Sports,944.3,1,Canada,944.3
O01101,2025-04-30,C017,P009,Jacket,Fashion,2951.39,3,UK,8854.17
O01102,2025-12-24,C036,P003,Headphones,Electronics,2728.87,2,USA,5457.74
O01102,2025-12-24,C036,P001,Smartphone,Electronics,19349.68,3,UK,58049.04
O01102,2025-12-24,C036,P009,Jacket,Fashion,3044.89,3,India,9134.67
O01102,2025-12-24,C036,P007,Jeans,Fashion,1614.46,3,Australia,4843.38
O01103,2025-04-11,C003,P015,Tea 500g,Groceries,226.76,3,India,680.28
O01103,2025-04-11,C003,P024,Dumbbells 5kg,Sports,1195.85,3,India,3587.5499999999997
O01103,2025-04-11,C003,P010,Formal Shirt,Fashion,1285.08,3,UK,3855.24
O01103,2025-04-11,C003,P007,Jeans,Fashion,1527.52,3,India,4582.5599999999995
O01103,2025-04-11,C003,P022,Football,Sports,957.5,1,Canada,957.5
O01104,2025-10-29,C086,P008,Sneakers,Fashion,2497.08,3,Australia,7491.24
O01104,2025-10-29,C086,P018,Dinner Set,Home & Kitchen,2732.28,2,USA,5464.56
O01105,2025-02-06,C111,P024,Dumbbells 5kg,Sports,1216.54,2,Australia,2433.08
O01106,2025-02-05,C039,P025,Badminton Racket,Sports,780.28,2,USA,1560.56
O01106,2025-02-05,C039,P004,Bluetooth Speaker,Electronics,3502.62,1,Canada,3502.62
O01107,2025-06-11,C192,P001,Smartphone,Electronics,17243.24,1,India,17243.24
O01107,2025-06-11,C192,P008,Sneakers,Fashion,2669.06,2,India,5338.12
O01107,2025-06-11,C192,P012,Wheat Flour 5kg,Groceries,328.08,3,Australia,984.24
O01107,2025-06-11,C192,P016,Mixer Grinder,Home & Kitchen,3318.21,1,Canada,3318.21
O01108,2025-01-22,C192,P024,Dumbbells 5kg,Sports,1171.76,2,UK,2343.52
O01108,2025-01-22,C192,P002,Laptop,Electronics,56480.14,3,Australia,169440.41999999998
O01108,2025-01-22,C192,P012,Wheat Flour 5kg,Groceries,327.62,1,Australia,327.62
O01109,2025-09-03,C063,P012,Wheat Flour 5kg,Groceries,337.73,3,UK,1013.19
O01109,2025-09-03,C063,P014,Sugar 1kg,Groceries,55.66,1,India,55.66
O01109,2025-09-03,C063,P023,Yoga Mat,Sports,702.75,3,India,2108.25
O01109,2025-09-03,C063,P004,Bluetooth Speaker,Electronics,3775.3,1,UK,3775.3
O01109,2025-09-03,C063,P015,Tea 500g,Groceries,213.87,3,USA,641.61
O01110,2025-03-09,C034,P013,Cooking Oil 1L,Groceries,175.81,3,India,527.4300000000001
O01110,2025-03-09,C034,P005,Smartwatch,Electronics,7302.87,3,Australia,21908.61
O01110,2025-03-09,C034,P025,Badminton Racket,Sports,869.83,3,India,2609.4900000000002
O01111,2025-04-05,C180,P016,Mixer Grinder,Home & Kitchen,3109.3,3,USA,9327.900000000001
O01111,2025-04-05,C180,P014,Sugar 1kg,Groceries,53.45,2,India,106.9
O01111,2025-04-05,C180,P007,Jeans,Fashion,1490.99,2,UK,2981.98
O01111,2025-04-05,C180,P008,Sneakers,Fashion,2658.4,2,UK,5316.8
O01111,2025-04-05,C180,P003,Headphones,Electronics,2644.07,3,UK,7932.210000000001
O01112,2025-01-06,C085,P019,Bedsheet,Home & Kitchen,988.2,1,Australia,988.2
O01112,2025-01-06,C085,P016,Mixer Grinder,Home & Kitchen,3424.06,3,UK,10272.18
O01112,2025-01-06,C085,P017,Pressure Cooker,Home & Kitchen,2350.36,2,India,4700.72
O01113,2025-04-05,C016,P012,Wheat Flour 5kg,Groceries,307.16,3,UK,921.48
O01113,2025-04-05,C016,P003,Headphones,Electronics,2657.39,3,Australia,7972.17
O01113,2025-04-05,C016,P017,Pressure Cooker,Home & Kitchen,2353.8,3,Canada,7061.400000000001
O01113,2025-04-05,C016,P009,Jacket,Fashion,3220.23,3,USA,9660.69
O01113,2025-04-05,C016,P023,Yoga Mat,Sports,725.11,1,USA,725.11
O01114,2025-06-17,C182,P022,Football,Sports,977.77,3,Canada,2933.31
O01114,2025-06-17,C182,P004,Bluetooth Speaker,Electronics,3702.39,1,India,3702.39
O01114,2025-06-17,C182,P001,Smartphone,Electronics,18920.68,2,India,37841.36
O01115,2025-05-19,C107,P011,Rice 5kg,Groceries,341.81,2,India,683.62
O01116,2025-01-12,C133,P021,Cricket Bat,Sports,1605.86,1,UK,1605.86
O01116,2025-01-12,C133,P006,T-Shirt,Fashion,754.63,2,UK,1509.26
O01116,2025-01-12,C133,P020,Water Bottle,Home & Kitchen,252.08,1,USA,252.08
O01117,2025-01-08,C044,P001,Smartphone,Electronics,19281.46,3,USA,57844.38
O01117,2025-01-08,C044,P004,Bluetooth Speaker,Electronics,3710.6,3,Canada,11131.8
O01117,2025-01-08,C044,P014,Sugar 1kg,Groceries,57.02,1,Canada,57.02
O01118,2025-04-01,C076,P010,Formal Shirt,Fashion,1284.28,2,UK,2568.56
O01118,2025-04-01,C076,P002,Laptop,Electronics,60177.06,1,Canada,60177.06
O01119,2025-08-29,C106,P025,Badminton Racket,Sports,788.55,3,India,2365.6499999999996
O01119,2025-08-29,C106,P009,Jacket,Fashion,2975.32,2,USA,5950.64
O01119,2025-08-29,C106,P018,Dinner Set,Home & Kitchen,2825.17,1,India,2825.17
O01120,2025-06-13,C079,P015,Tea 500g,Groceries,215.61,3,India,646.83
O01120,2025-06-13,C079,P022,Football,Sports,869.76,3,UK,2609.2799999999997
O01121,2025-12-03,C186,P010,Formal Shirt,Fashion,1218.76,1,Canada,1218.76
O01121,2025-12-03,C186,P019,Bedsheet,Home & Kitchen,869.46,1,India,869.46
O01121,2025-12-03,C186,P014,Sugar 1kg,Groceries,58.14,1,India,58.14
O01121,2025-12-03,C186,P022,Football,Sports,872.77,3,Australia,2618.31
O01122,2025-03-10,C155,P003,Headphones,Electronics,2665.16,1,UK,2665.16
O01123,2025-07-31,C155,P002,Laptop,Electronics,57334.1,3,India,172002.3
O01124,2025-10-11,C155,P004,Bluetooth Speaker,Electronics,3329.63,2,UK,6659.26
O01125,2025-06-05,C141,P018,Dinner Set,Home & Kitchen,2778.84,3,UK,8336.52
O01125,2025-06-05,C141,P022,Football,Sports,917.6,2,UK,1835.2
O01125,2025-06-05,C141,P013,Cooking Oil 1L,Groceries,160.52,2,UK,321.04
O01125,2025-06-05,C141,P002,Laptop,Electronics,57439.76,1,Australia,57439.76
O01125,2025-06-05,C141,P017,Pressure Cooker,Home & Kitchen,2276.76,3,Australia,6830.280000000001
O01126,2025-08-22,C033,P008,Sneakers,Fashion,2602.89,3,UK,7808.67
O01126,2025-08-22,C033,P024,Dumbbells 5kg,Sports,1250.61,1,India,1250.61
O01126,2025-08-22,C033,P004,Bluetooth Speaker,Electronics,3732.96,1,Australia,3732.96
O01126,2025-08-22,C033,P016,Mixer Grinder,Home & Kitchen,3099.19,2,Canada,6198.38
O01126,2025-08-22,C033,P021,Cricket Bat,Sports,1593.26,3,Australia,4779.78
O01127,2025-07-30,C127,P014,Sugar 1kg,Groceries,52.46,2,USA,104.92
O01127,2025-07-30,C127,P012,Wheat Flour 5kg,Groceries,306.69,1,India,306.69
O01127,2025-07-30,C127,P018,Dinner Set,Home & Kitchen,2922.63,3,India,8767.89
O01127,2025-07-30,C127,P010,Formal Shirt,Fashion,1187.01,3,USA,3561.0299999999997
O01127,2025-07-30,C127,P017,Pressure Cooker,Home & Kitchen,2209.36,3,India,6628.08
O01128,2025-04-09,C145,P019,Bedsheet,Home & Kitchen,966.65,3,Australia,2899.95
O01128,2025-04-09,C145,P008,Sneakers,Fashion,2629.41,1,UK,2629.41
O01128,2025-04-09,C145,P012,Wheat Flour 5kg,Groceries,351.17,1,UK,351.17
O01129,2025-07-14,C090,P017,Pressure Cooker,Home & Kitchen,2347.28,2,USA,4694.56
O01130,2025-01-18,C154,P011,Rice 5kg,Groceries,361.21,2,Canada,722.42
O01130,2025-01-18,C154,P009,Jacket,Fashion,3284.1,1,USA,3284.1
O01130,2025-01-18,C154,P022,Football,Sports,968.4,3,Canada,2905.2
O01130,2025-01-18,C154,P013,Cooking Oil 1L,Groceries,159.45,3,Australia,478.34999999999997
O01131,2025-12-07,C058,P023,Yoga Mat,Sports,701.64,2,Australia,1403.28
O01131,2025-12-07,C058,P007,Jeans,Fashion,1593.59,1,UK,1593.59
O01131,2025-12-07,C058,P015,Tea 500g,Groceries,235.94,2,UK,471.88
O01132,2025-04-10,C109,P017,Pressure Cooker,Home & Kitchen,2349.88,1,USA,2349.88
O01132,2025-04-10,C109,P004,Bluetooth Speaker,Electronics,3719.21,1,Canada,3719.21
O01132,2025-04-10,C109,P003,Headphones,Electronics,2591.15,2,Canada,5182.3
O01132,2025-04-10,C109,P022,Football,Sports,902.17,2,USA,1804.34
O01132,2025-04-10,C109,P012,Wheat Flour 5kg,Groceries,316.22,2,Canada,632.44
O01133,2025-11-16,C018,P001,Smartphone,Electronics,18919.35,3,India,56758.049999999996
O01133,2025-11-16,C018,P021,Cricket Bat,Sports,1529.08,3,Canada,4587.24
O01133,2025-11-16,C018,P012,Wheat Flour 5kg,Groceries,342.25,3,India,1026.75
O01133,2025-11-16,C018,P014,Sugar 1kg,Groceries,53.2,1,Australia,53.2
O01133,2025-11-16,C018,P024,Dumbbells 5kg,Sports,1211.76,3,India,3635.2799999999997
O01134,2025-09-28,C089,P018,Dinner Set,Home & Kitchen,2937.95,1,Canada,2937.95
O01134,2025-09-28,C089,P025,Badminton Racket,Sports,780.53,2,India,1561.06
O01134,2025-09-28,C089,P007,Jeans,Fashion,1491.41,2,USA,2982.82
O01134,2025-09-28,C089,P024,Dumbbells 5kg,Sports,1184.26,2,UK,2368.52
O01135,2025-03-28,C010,P021,Cricket Bat,Sports,1486.46,1,USA,1486.46
O01136,2025-11-12,C167,P023,Yoga Mat,Sports,711.28,3,UK,2133.84
O01136,2025-11-12,C167,P004,Bluetooth Speaker,Electronics,3813.77,1,Australia,3813.77
O01137,2025-06-27,C156,P021,Cricket Bat,Sports,1495.1,2,India,2990.2
O01138,2025-08-17,C133,P013,Cooking Oil 1L,Groceries,159.0,3,India,477.0
O01138,2025-08-17,C133,P025,Badminton Racket,Sports,806.06,2,Canada,1612.12
O01138,2025-08-17,C133,P002,Laptop,Electronics,60059.89,1,USA,60059.89
O01138,2025-08-17,C133,P016,Mixer Grinder,Home & Kitchen,3180.8,2,India,6361.6
O01139,2025-09-14,C122,P020,Water Bottle,Home & Kitchen,261.95,2,India,523.9
O01139,2025-09-14,C122,P003,Headphones,Electronics,2640.7,2,UK,5281.4
O01139,2025-09-14,C122,P017,Pressure Cooker,Home & Kitchen,2266.3,3,Australia,6798.900000000001
O01139,2025-09-14,C122,P015,Tea 500g,Groceries,239.47,3,UK,718.41
O01139,2025-09-14,C122,P012,Wheat Flour 5kg,Groceries,318.04,2,India,636.08
O01140,2025-11-29,C102,P002,Laptop,Electronics,58601.54,2,Canada,117203.08
O01140,2025-11-29,C102,P003,Headphones,Electronics,2690.43,1,USA,2690.43
O01141,2025-05-17,C021,P024,Dumbbells 5kg,Sports,1301.48,2,Australia,2602.96
O01141,2025-05-17,C021,P007,Jeans,Fashion,1564.38,2,UK,3128.76
O01142,2025-12-27,C154,P016,Mixer Grinder,Home & Kitchen,3103.93,3,Australia,9311.789999999999
O01142,2025-12-27,C154,P017,Pressure Cooker,Home & Kitchen,2355.47,3,India,7066.41
O01142,2025-12-27,C154,P024,Dumbbells 5kg,Sports,1299.74,3,UK,3899.2200000000003
O01143,2025-06-24,C110,P014,Sugar 1kg,Groceries,56.0,1,Canada,56.0
O01143,2025-06-24,C110,P007,Jeans,Fashion,1498.4,3,Canada,4495.200000000001
O01143,2025-06-24,C110,P006,T-Shirt,Fashion,744.71,3,UK,2234.13
O01144,2025-07-06,C050,P017,Pressure Cooker,Home & Kitchen,2309.85,1,Australia,2309.85
O01145,2025-03-25,C015,P001,Smartphone,Electronics,18572.86,1,Canada,18572.86
O01146,2025-03-25,C017,P008,Sneakers,Fashion,2612.8,3,India,7838.400000000001
O01146,2025-03-25,C017,P009,Jacket,Fashion,3074.28,1,USA,3074.28
O01146,2025-03-25,C017,P023,Yoga Mat,Sports,677.54,3,Canada,2032.62
O01146,2025-03-25,C017,P016,Mixer Grinder,Home & Kitchen,3424.56,1,USA,3424.56
O01146,2025-03-25,C017,P022,Football,Sports,905.8,2,USA,1811.6
O01147,2025-09-21,C093,P001,Smartphone,Electronics,19780.09,2,Australia,39560.18
O01147,2025-09-21,C093,P024,Dumbbells 5kg,Sports,1219.88,2,USA,2439.76
O01147,2025-09-21,C093,P020,Water Bottle,Home & Kitchen,265.15,3,USA,795.4499999999999
O01148,2025-11-15,C154,P008,Sneakers,Fashion,2410.27,3,UK,7230.8099999999995
O01149,2025-05-23,C195,P006,T-Shirt,Fashion,751.83,3,UK,2255.4900000000002
O01149,2025-05-23,C195,P003,Headphones,Electronics,2393.82,3,Canada,7181.460000000001
O01149,2025-05-23,C195,P021,Cricket Bat,Sports,1443.45,3,UK,4330.35
O01149,2025-05-23,C195,P018,Dinner Set,Home & Kitchen,2856.86,3,Australia,8570.58
O01150,2025-04-07,C006,P004,Bluetooth Speaker,Electronics,3423.78,2,India,6847.56
O01151,2025-07-22,C124,P017,Pressure Cooker,Home & Kitchen,2290.81,2,USA,4581.62
O01152,2025-10-22,C056,P018,Dinner Set,Home & Kitchen,2734.05,1,Australia,2734.05
O01152,2025-10-22,C056,P004,Bluetooth Speaker,Electronics,3803.13,3,India,11409.39
O01153,2025-06-09,C172,P019,Bedsheet,Home & Kitchen,876.43,2,UK,1752.86
O01153,2025-06-09,C172,P013,Cooking Oil 1L,Groceries,169.87,1,India,169.87
O01153,2025-06-09,C172,P014,Sugar 1kg,Groceries,53.21,2,UK,106.42
O01154,2025-06-16,C138,P005,Smartwatch,Electronics,7449.55,2,UK,14899.1
O01154,2025-06-16,C138,P020,Water Bottle,Home & Kitchen,257.16,2,India,514.32
O01154,2025-06-16,C138,P001,Smartphone,Electronics,17760.44,2,India,35520.88
O01154,2025-06-16,C138,P025,Badminton Racket,Sports,771.4,2,USA,1542.8
O01154,2025-06-16,C138,P003,Headphones,Electronics,2404.59,2,UK,4809.18
O01155,2025-10-22,C035,P003,Headphones,Electronics,2505.47,2,Canada,5010.94
O01155,2025-10-22,C035,P021,Cricket Bat,Sports,1566.45,1,UK,1566.45
O01155,2025-10-22,C035,P015,Tea 500g,Groceries,222.15,3,UK,666.45
O01156,2025-12-20,C095,P020,Water Bottle,Home & Kitchen,244.26,1,UK,244.26
O01157,2025-10-26,C029,P012,Wheat Flour 5kg,Groceries,325.24,1,UK,325.24
O01158,2025-03-24,C193,P025,Badminton Racket,Sports,862.95,2,Australia,1725.9
O01158,2025-03-24,C193,P011,Rice 5kg,Groceries,367.48,3,UK,1102.44
O01158,2025-03-24,C193,P024,Dumbbells 5kg,Sports,1259.08,1,Australia,1259.08
O01159,2025-01-17,C163,P017,Pressure Cooker,Home & Kitchen,2334.73,2,UK,4669.46
O01159,2025-01-17,C163,P019,Bedsheet,Home & Kitchen,932.6,3,Canada,2797.8
O01160,2025-09-21,C091,P002,Laptop,Electronics,60129.62,1,USA,60129.62
O01161,2025-12-02,C071,P011,Rice 5kg,Groceries,344.12,2,India,688.24
O01161,2025-12-02,C071,P009,Jacket,Fashion,3212.71,3,UK,9638.130000000001
O01161,2025-12-02,C071,P005,Smartwatch,Electronics,7219.68,1,Australia,7219.68
O01161,2025-12-02,C071,P020,Water Bottle,Home & Kitchen,238.86,1,India,238.86
O01161,2025-12-02,C071,P014,Sugar 1kg,Groceries,53.28,2,UK,106.56
O01162,2025-11-24,C169,P023,Yoga Mat,Sports,769.13,2,Australia,1538.26
O01162,2025-11-24,C169,P015,Tea 500g,Groceries,234.41,3,India,703.23
O01162,2025-11-24,C169,P021,Cricket Bat,Sports,1572.86,3,USA,4718.58
O01162,2025-11-24,C169,P007,Jeans,Fashion,1528.45,1,Canada,1528.45
O01163,2025-11-07,C082,P009,Jacket,Fashion,2946.82,2,India,5893.64
O01164,2025-07-31,C120,P011,Rice 5kg,Groceries,373.21,2,Canada,746.42
O01164,2025-07-31,C120,P018,Dinner Set,Home & Kitchen,3065.11,2,USA,6130.22
O01164,2025-07-31,C120,P016,Mixer Grinder,Home & Kitchen,3409.12,1,UK,3409.12
O01164,2025-07-31,C120,P019,Bedsheet,Home & Kitchen,956.67,1,UK,956.67
O01165,2025-01-26,C098,P024,Dumbbells 5kg,Sports,1207.27,2,Canada,2414.54
O01166,2025-10-03,C078,P004,Bluetooth Speaker,Electronics,3604.99,1,Australia,3604.99
O01166,2025-10-03,C078,P016,Mixer Grinder,Home & Kitchen,3478.28,3,UK,10434.84
O01166,2025-10-03,C078,P023,Yoga Mat,Sports,671.6,3,UK,2014.8000000000002
O01166,2025-10-03,C078,P006,T-Shirt,Fashion,759.76,1,UK,759.76
O01166,2025-10-03,C078,P019,Bedsheet,Home & Kitchen,978.09,1,Canada,978.09
O01167,2025-08-08,C087,P008,Sneakers,Fashion,2488.36,3,Australia,7465.08
O01167,2025-08-08,C087,P021,Cricket Bat,Sports,1477.1,2,UK,2954.2
O01167,2025-08-08,C087,P023,Yoga Mat,Sports,729.06,1,UK,729.06
O01168,2025-04-22,C012,P011,Rice 5kg,Groceries,351.13,1,USA,351.13
O01168,2025-04-22,C012,P013,Cooking Oil 1L,Groceries,155.24,3,UK,465.72
O01168,2025-04-22,C012,P023,Yoga Mat,Sports,704.22,2,UK,1408.44
O01168,2025-04-22,C012,P017,Pressure Cooker,Home & Kitchen,2209.07,1,India,2209.07
O01169,2025-11-29,C171,P006,T-Shirt,Fashion,679.24,2,UK,1358.48
O01170,2025-08-11,C024,P017,Pressure Cooker,Home & Kitchen,2229.86,3,Australia,6689.58
O01170,2025-08-11,C024,P020,Water Bottle,Home & Kitchen,265.75,2,India,531.5
O01170,2025-08-11,C024,P010,Formal Shirt,Fashion,1211.44,3,India,3634.32
O01170,2025-08-11,C024,P003,Headphones,Electronics,2630.35,1,USA,2630.35
O01171,2025-04-05,C107,P008,Sneakers,Fashion,2496.47,2,India,4992.94
O01171,2025-04-05,C107,P010,Formal Shirt,Fashion,1142.42,2,Australia,2284.84
O01171,2025-04-05,C107,P014,Sugar 1kg,Groceries,59.58,2,Canada,119.16
O01171,2025-04-05,C107,P005,Smartwatch,Electronics,6826.55,3,USA,20479.65
O01172,2025-11-21,C152,P023,Yoga Mat,Sports,751.26,1,UK,751.26
O01172,2025-11-21,C152,P007,Jeans,Fashion,1580.95,3,Canada,4742.85
O01172,2025-11-21,C152,P022,Football,Sports,919.71,1,India,919.71
O01172,2025-11-21,C152,P020,Water Bottle,Home & Kitchen,260.41,1,Australia,260.41
O01172,2025-11-21,C152,P005,Smartwatch,Electronics,7647.13,2,Australia,15294.26
O01173,2025-05-06,C067,P014,Sugar 1kg,Groceries,53.42,1,UK,53.42
O01173,2025-05-06,C067,P022,Football,Sports,898.36,3,USA,2695.08
O01173,2025-05-06,C067,P019,Bedsheet,Home & Kitchen,875.86,2,India,1751.72
O01174,2025-07-09,C172,P006,T-Shirt,Fashion,714.46,1,Canada,714.46
O01174,2025-07-09,C172,P008,Sneakers,Fashion,2466.79,3,Australia,7400.37
O01174,2025-07-09,C172,P011,Rice 5kg,Groceries,351.41,3,USA,1054.23
O01174,2025-07-09,C172,P009,Jacket,Fashion,2911.56,3,Australia,8734.68
O01174,2025-07-09,C172,P021,Cricket Bat,Sports,1624.15,2,USA,3248.3
O01175,2025-08-11,C166,P020,Water Bottle,Home & Kitchen,263.93,3,UK,791.79
O01175,2025-08-11,C166,P025,Badminton Racket,Sports,784.86,1,USA,784.86
O01175,2025-08-11,C166,P021,Cricket Bat,Sports,1473.68,3,USA,4421.04
O01175,2025-08-11,C166,P002,Laptop,Electronics,55454.67,2,Canada,110909.34
O01176,2025-11-15,C126,P025,Badminton Racket,Sports,816.36,3,India,2449.08
O01177,2025-12-24,C107,P006,T-Shirt,Fashion,667.98,2,India,1335.96
O01177,2025-12-24,C107,P005,Smartwatch,Electronics,7650.05,1,UK,7650.05
O01178,2025-01-15,C108,P005,Smartwatch,Electronics,7211.52,2,USA,14423.04
O01179,2025-04-13,C048,P018,Dinner Set,Home & Kitchen,2788.27,2,USA,5576.54
O01179,2025-04-13,C048,P019,Bedsheet,Home & Kitchen,967.46,2,USA,1934.92
O01179,2025-04-13,C048,P001,Smartphone,Electronics,19315.7,1,UK,19315.7
O01179,2025-04-13,C048,P013,Cooking Oil 1L,Groceries,168.89,2,India,337.78
O01180,2025-11-16,C004,P018,Dinner Set,Home & Kitchen,2805.98,3,India,8417.94
O01181,2025-07-13,C149,P015,Tea 500g,Groceries,228.13,3,UK,684.39
O01181,2025-07-13,C149,P010,Formal Shirt,Fashion,1261.6,1,India,1261.6
O01182,2025-03-11,C115,P017,Pressure Cooker,Home & Kitchen,2359.1,1,Australia,2359.1
O01182,2025-03-11,C115,P011,Rice 5kg,Groceries,380.23,2,UK,760.46
O01182,2025-03-11,C115,P002,Laptop,Electronics,56997.72,2,Australia,113995.44
O01183,2025-11-20,C039,P003,Headphones,Electronics,2744.37,1,India,2744.37
O01183,2025-11-20,C039,P019,Bedsheet,Home & Kitchen,874.71,3,Australia,2624.13
O01183,2025-11-20,C039,P015,Tea 500g,Groceries,217.35,1,Canada,217.35
O01183,2025-11-20,C039,P012,Wheat Flour 5kg,Groceries,335.33,3,USA,1005.99
O01184,2025-03-03,C180,P025,Badminton Racket,Sports,859.16,2,Australia,1718.32
O01185,2025-03-27,C062,P002,Laptop,Electronics,53724.88,1,Canada,53724.88
O01185,2025-03-27,C062,P001,Smartphone,Electronics,18561.58,1,Canada,18561.58
O01185,2025-03-27,C062,P025,Badminton Racket,Sports,797.89,2,UK,1595.78
O01185,2025-03-27,C062,P008,Sneakers,Fashion,2378.89,2,UK,4757.78
O01185,2025-03-27,C062,P004,Bluetooth Speaker,Electronics,3464.96,3,Australia,10394.880000000001
O01186,2025-10-22,C151,P011,Rice 5kg,Groceries,345.75,1,USA,345.75
O01187,2025-11-01,C039,P015,Tea 500g,Groceries,238.36,3,UK,715.08
O01187,2025-11-01,C039,P012,Wheat Flour 5kg,Groceries,338.29,3,USA,1014.8700000000001
O01187,2025-11-01,C039,P001,Smartphone,Electronics,17264.5,1,Canada,17264.5
O01188,2025-01-05,C145,P020,Water Bottle,Home & Kitchen,269.5,2,Canada,539.0
O01189,2025-12-23,C183,P003,Headphones,Electronics,2466.21,3,Australia,7398.63
O01189,2025-12-23,C183,P015,Tea 500g,Groceries,226.0,2,Australia,452.0
O01189,2025-12-23,C183,P014,Sugar 1kg,Groceries,59.11,3,Canada,177.32999999999998
O01189,2025-12-23,C183,P013,Cooking Oil 1L,Groceries,156.13,2,Canada,312.26
O01190,2025-11-09,C022,P007,Jeans,Fashion,1594.38,2,India,3188.76
O01190,2025-11-09,C022,P005,Smartwatch,Electronics,6803.12,1,Australia,6803.12
O01190,2025-11-09,C022,P021,Cricket Bat,Sports,1468.75,2,Australia,2937.5
O01191,2025-01-08,C049,P004,Bluetooth Speaker,Electronics,3527.69,3,India,10583.07
O01191,2025-01-08,C049,P024,Dumbbells 5kg,Sports,1199.74,2,USA,2399.48
O01192,2025-11-04,C161,P006,T-Shirt,Fashion,752.13,3,UK,2256.39
O01193,2025-07-11,C012,P017,Pressure Cooker,Home & Kitchen,2163.91,2,Canada,4327.82
O01193,2025-07-11,C012,P014,Sugar 1kg,Groceries,59.45,1,Canada,59.45
O01194,2025-10-16,C018,P008,Sneakers,Fashion,2553.75,1,Australia,2553.75
O01194,2025-10-16,C018,P022,Football,Sports,892.91,1,USA,892.91
O01194,2025-10-16,C018,P002,Laptop,Electronics,58021.24,1,UK,58021.24
O01194,2025-10-16,C018,P016,Mixer Grinder,Home & Kitchen,3067.44,3,UK,9202.32
O01194,2025-10-16,C018,P017,Pressure Cooker,Home & Kitchen,2307.61,1,Australia,2307.61
O01195,2025-05-20,C102,P013,Cooking Oil 1L,Groceries,159.54,2,India,319.08
O01195,2025-05-20,C102,P012,Wheat Flour 5kg,Groceries,318.4,2,Canada,636.8
O01195,2025-05-20,C102,P016,Mixer Grinder,Home & Kitchen,3089.02,1,USA,3089.02
O01195,2025-05-20,C102,P001,Smartphone,Electronics,19263.24,2,India,38526.48
O01195,2025-05-20,C102,P008,Sneakers,Fashion,2708.96,2,India,5417.92
O01196,2025-08-20,C189,P025,Badminton Racket,Sports,771.96,1,India,771.96
O01196,2025-08-20,C189,P003,Headphones,Electronics,2587.19,2,UK,5174.38
O01197,2025-07-28,C067,P006,T-Shirt,Fashion,763.04,2,USA,1526.08
O01197,2025-07-28,C067,P003,Headphones,Electronics,2412.46,3,UK,7237.38
O01198,2025-06-08,C013,P019,Bedsheet,Home & Kitchen,949.73,3,Australia,2849.19
O01198,2025-06-08,C013,P003,Headphones,Electronics,2450.82,1,Canada,2450.82
O01198,2025-06-08,C013,P008,Sneakers,Fashion,2583.15,2,Canada,5166.3
O01198,2025-06-08,C013,P007,Jeans,Fashion,1528.76,2,Canada,3057.52
O01198,2025-06-08,C013,P015,Tea 500g,Groceries,218.15,1,UK,218.15
O01199,2025-02-16,C006,P013,Cooking Oil 1L,Groceries,157.05,2,USA,314.1
O01199,2025-02-16,C006,P019,Bedsheet,Home & Kitchen,908.07,2,India,1816.14
O01199,2025-02-16,C006,P005,Smartwatch,Electronics,7449.06,2,India,14898.12
O01200,2025-04-29,C128,P009,Jacket,Fashion,2989.26,3,Australia,8967.78
O01201,2025-08-02,C061,P019,Bedsheet,Home & Kitchen,877.78,1,Canada,877.78
O01202,2025-08-28,C120,P011,Rice 5kg,Groceries,365.39,1,UK,365.39
O01202,2025-08-28,C120,P009,Jacket,Fashion,3221.96,3,India,9665.880000000001
O01202,2025-08-28,C120,P024,Dumbbells 5kg,Sports,1262.79,2,UK,2525.58
O01202,2025-08-28,C120,P008,Sneakers,Fashion,2503.63,2,UK,5007.26
O01202,2025-08-28,C120,P021,Cricket Bat,Sports,1613.84,2,USA,3227.68
O01203,2025-10-16,C171,P013,Cooking Oil 1L,Groceries,167.2,3,Australia,501.59999999999997
O01203,2025-10-16,C171,P001,Smartphone,Electronics,18159.84,3,UK,54479.520000000004
O01203,2025-10-16,C171,P012,Wheat Flour 5kg,Groceries,330.03,2,Canada,660.06
O01203,2025-10-16,C171,P015,Tea 500g,Groceries,232.07,2,Australia,464.14
O01203,2025-10-16,C171,P019,Bedsheet,Home & Kitchen,968.57,3,UK,2905.71
O01204,2025-07-09,C180,P024,Dumbbells 5kg,Sports,1262.51,2,UK,2525.02
O01205,2025-07-22,C003,P020,Water Bottle,Home & Kitchen,268.02,1,UK,268.02
O01205,2025-07-22,C003,P013,Cooking Oil 1L,Groceries,157.2,1,Australia,157.2
O01205,2025-07-22,C003,P002,Laptop,Electronics,60401.97,3,Australia,181205.91
O01205,2025-07-22,C003,P005,Smartwatch,Electronics,7628.79,2,UK,15257.58
O01205,2025-07-22,C003,P025,Badminton Racket,Sports,861.66,1,India,861.66
O01206,2025-09-06,C067,P019,Bedsheet,Home & Kitchen,901.51,1,Canada,901.51
O01206,2025-09-06,C067,P012,Wheat Flour 5kg,Groceries,334.5,1,USA,334.5
O01206,2025-09-06,C067,P008,Sneakers,Fashion,2440.79,3,UK,7322.37
O01206,2025-09-06,C067,P006,T-Shirt,Fashion,749.05,2,USA,1498.1
O01206,2025-09-06,C067,P015,Tea 500g,Groceries,210.09,3,UK,630.27
O01207,2025-10-11,C062,P021,Cricket Bat,Sports,1501.8,1,India,1501.8
O01207,2025-10-11,C062,P001,Smartphone,Electronics,17853.58,2,UK,35707.16
O01207,2025-10-11,C062,P018,Dinner Set,Home & Kitchen,3009.62,1,India,3009.62
O01207,2025-10-11,C062,P017,Pressure Cooker,Home & Kitchen,2283.08,3,Canada,6849.24
O01208,2025-08-28,C167,P005,Smartwatch,Electronics,7004.46,1,Canada,7004.46
O01209,2025-03-12,C016,P016,Mixer Grinder,Home & Kitchen,3333.74,1,Australia,3333.74
O01210,2025-12-26,C064,P014,Sugar 1kg,Groceries,59.19,1,India,59.19
O01210,2025-12-26,C064,P004,Bluetooth Speaker,Electronics,3846.34,1,India,3846.34
O01210,2025-12-26,C064,P023,Yoga Mat,Sports,756.03,3,USA,2268.09
O01210,2025-12-26,C064,P018,Dinner Set,Home & Kitchen,2838.66,1,USA,2838.66
O01211,2025-04-30,C173,P008,Sneakers,Fashion,2415.66,1,UK,2415.66
O01211,2025-04-30,C173,P020,Water Bottle,Home & Kitchen,260.26,3,Australia,780.78
O01211,2025-04-30,C173,P005,Smartwatch,Electronics,7148.95,1,Australia,7148.95
O01212,2025-08-10,C047,P008,Sneakers,Fashion,2749.09,1,Australia,2749.09
O01213,2025-04-13,C061,P004,Bluetooth Speaker,Electronics,3593.66,2,UK,7187.32
O01214,2025-05-01,C059,P011,Rice 5kg,Groceries,348.99,1,Australia,348.99
O01215,2025-09-10,C080,P005,Smartwatch,Electronics,7600.05,2,Canada,15200.1
O01216,2025-11-22,C116,P021,Cricket Bat,Sports,1629.36,2,Canada,3258.72
O01217,2025-01-19,C143,P013,Cooking Oil 1L,Groceries,165.91,1,USA,165.91
O01217,2025-01-19,C143,P021,Cricket Bat,Sports,1439.68,2,USA,2879.36
O01217,2025-01-19,C143,P010,Formal Shirt,Fashion,1221.77,1,India,1221.77
O01218,2025-07-31,C040,P025,Badminton Racket,Sports,786.13,1,India,786.13
O01218,2025-07-31,C040,P017,Pressure Cooker,Home & Kitchen,2304.6,1,Australia,2304.6
O01218,2025-07-31,C040,P004,Bluetooth Speaker,Electronics,3509.55,3,India,10528.650000000001
O01219,2025-07-12,C051,P003,Headphones,Electronics,2747.1,1,Australia,2747.1
O01219,2025-07-12,C051,P021,Cricket Bat,Sports,1606.75,1,India,1606.75
O01219,2025-07-12,C051,P007,Jeans,Fashion,1614.16,1,UK,1614.16
O01219,2025-07-12,C051,P011,Rice 5kg,Groceries,363.51,3,USA,1090.53
O01219,2025-07-12,C051,P022,Football,Sports,892.43,2,Australia,1784.86
O01220,2025-09-20,C071,P013,Cooking Oil 1L,Groceries,170.74,3,UK,512.22
O01220,2025-09-20,C071,P019,Bedsheet,Home & Kitchen,874.82,2,Australia,1749.64
O01221,2025-07-17,C106,P023,Yoga Mat,Sports,708.3,3,USA,2124.8999999999996
O01221,2025-07-17,C106,P001,Smartphone,Electronics,18495.34,1,India,18495.34
O01221,2025-07-17,C106,P019,Bedsheet,Home & Kitchen,981.71,1,USA,981.71
O01222,2025-08-05,C030,P018,Dinner Set,Home & Kitchen,2748.94,2,Canada,5497.88
O01222,2025-08-05,C030,P011,Rice 5kg,Groceries,380.25,2,India,760.5
O01222,2025-08-05,C030,P021,Cricket Bat,Sports,1596.77,3,India,4790.3099999999995
O01223,2025-02-05,C187,P007,Jeans,Fashion,1493.69,1,UK,1493.69
O01223,2025-02-05,C187,P001,Smartphone,Electronics,17180.48,1,USA,17180.48
O01223,2025-02-05,C187,P014,Sugar 1kg,Groceries,59.91,3,Australia,179.73
O01224,2025-02-14,C065,P021,Cricket Bat,Sports,1643.49,3,USA,4930.47
O01224,2025-02-14,C065,P019,Bedsheet,Home & Kitchen,892.79,2,Australia,1785.58
O01224,2025-02-14,C065,P025,Badminton Racket,Sports,768.64,2,India,1537.28
O01225,2025-02-06,C200,P003,Headphones,Electronics,2380.52,1,Australia,2380.52
O01225,2025-02-06,C200,P011,Rice 5kg,Groceries,339.29,1,Canada,339.29
O01226,2025-11-05,C016,P014,Sugar 1kg,Groceries,57.82,3,UK,173.46
O01226,2025-11-05,C016,P012,Wheat Flour 5kg,Groceries,310.27,2,Canada,620.54
O01226,2025-11-05,C016,P013,Cooking Oil 1L,Groceries,173.46,3,UK,520.38
O01227,2025-05-06,C185,P011,Rice 5kg,Groceries,372.48,2,UK,744.96
O01227,2025-05-06,C185,P020,Water Bottle,Home & Kitchen,248.2,1,UK,248.2
O01227,2025-05-06,C185,P012,Wheat Flour 5kg,Groceries,336.41,2,Australia,672.82
O01228,2025-07-10,C048,P011,Rice 5kg,Groceries,366.37,1,Australia,366.37
O01228,2025-07-10,C048,P019,Bedsheet,Home & Kitchen,940.96,3,Canada,2822.88
O01229,2025-08-05,C184,P017,Pressure Cooker,Home & Kitchen,2229.21,1,USA,2229.21
O01229,2025-08-05,C184,P014,Sugar 1kg,Groceries,60.47,1,Canada,60.47
O01229,2025-08-05,C184,P010,Formal Shirt,Fashion,1219.77,1,Canada,1219.77
O01230,2025-09-16,C072,P004,Bluetooth Speaker,Electronics,3541.23,3,UK,10623.69
O01230,2025-09-16,C072,P003,Headphones,Electronics,2610.94,2,UK,5221.88
O01230,2025-09-16,C072,P024,Dumbbells 5kg,Sports,1249.15,3,USA,3747.4500000000003
O01230,2025-09-16,C072,P015,Tea 500g,Groceries,225.29,2,UK,450.58
O01230,2025-09-16,C072,P023,Yoga Mat,Sports,672.54,2,Australia,1345.08
O01231,2025-10-03,C045,P010,Formal Shirt,Fashion,1202.14,3,USA,3606.42
O01231,2025-10-03,C045,P021,Cricket Bat,Sports,1626.81,1,India,1626.81
O01231,2025-10-03,C045,P017,Pressure Cooker,Home & Kitchen,2123.62,2,India,4247.24
O01232,2025-08-03,C060,P012,Wheat Flour 5kg,Groceries,346.29,2,Australia,692.58
O01232,2025-08-03,C060,P003,Headphones,Electronics,2722.74,1,Canada,2722.74
O01232,2025-08-03,C060,P002,Laptop,Electronics,55943.05,2,Canada,111886.1
O01232,2025-08-03,C060,P006,T-Shirt,Fashion,719.61,2,Australia,1439.22
O01233,2025-05-31,C168,P008,Sneakers,Fashion,2514.23,2,USA,5028.46
O01233,2025-05-31,C168,P003,Headphones,Electronics,2583.95,3,USA,7751.849999999999
O01233,2025-05-31,C168,P014,Sugar 1kg,Groceries,53.76,1,Australia,53.76
O01233,2025-05-31,C168,P001,Smartphone,Electronics,17275.28,2,USA,34550.56
O01233,2025-05-31,C168,P013,Cooking Oil 1L,Groceries,162.66,3,Australia,487.98
O01234,2025-06-15,C014,P008,Sneakers,Fashion,2514.11,2,Australia,5028.22
O01234,2025-06-15,C014,P012,Wheat Flour 5kg,Groceries,316.81,1,USA,316.81
O01235,2025-07-10,C119,P015,Tea 500g,Groceries,235.56,2,India,471.12
O01236,2025-04-27,C197,P012,Wheat Flour 5kg,Groceries,323.11,1,Canada,323.11
O01236,2025-04-27,C197,P014,Sugar 1kg,Groceries,56.12,1,Australia,56.12
O01237,2025-03-04,C012,P012,Wheat Flour 5kg,Groceries,311.57,2,USA,623.14
O01237,2025-03-04,C012,P019,Bedsheet,Home & Kitchen,945.17,1,UK,945.17
O01237,2025-03-04,C012,P024,Dumbbells 5kg,Sports,1220.65,3,Canada,3661.9500000000003
O01237,2025-03-04,C012,P018,Dinner Set,Home & Kitchen,2749.5,1,UK,2749.5
O01238,2025-04-29,C044,P009,Jacket,Fashion,3144.22,1,India,3144.22
O01238,2025-04-29,C044,P004,Bluetooth Speaker,Electronics,3376.56,3,USA,10129.68
O01238,2025-04-29,C044,P001,Smartphone,Electronics,17789.55,2,UK,35579.1
O01238,2025-04-29,C044,P024,Dumbbells 5kg,Sports,1254.68,1,UK,1254.68
O01239,2025-12-20,C023,P003,Headphones,Electronics,2681.82,3,Australia,8045.460000000001
O01239,2025-12-20,C023,P014,Sugar 1kg,Groceries,57.03,2,USA,114.06
O01240,2025-09-22,C105,P022,Football,Sports,888.01,3,Australia,2664.0299999999997
O01241,2025-02-15,C177,P020,Water Bottle,Home & Kitchen,242.2,1,Canada,242.2
O01241,2025-02-15,C177,P004,Bluetooth Speaker,Electronics,3433.98,1,Australia,3433.98
O01241,2025-02-15,C177,P014,Sugar 1kg,Groceries,59.94,3,Canada,179.82
O01242,2025-05-23,C086,P015,Tea 500g,Groceries,229.96,3,Canada,689.88
O01243,2025-06-29,C077,P023,Yoga Mat,Sports,680.15,3,India,2040.4499999999998
O01243,2025-06-29,C077,P018,Dinner Set,Home & Kitchen,2716.84,3,India,8150.52
O01243,2025-06-29,C077,P005,Smartwatch,Electronics,7597.98,1,USA,7597.98
O01243,2025-06-29,C077,P012,Wheat Flour 5kg,Groceries,327.94,2,USA,655.88
O01244,2025-08-03,C156,P006,T-Shirt,Fashion,667.59,3,UK,2002.77
O01244,2025-08-03,C156,P022,Football,Sports,980.71,1,Canada,980.71
O01245,2025-06-10,C072,P018,Dinner Set,Home & Kitchen,3061.13,3,USA,9183.39
O01246,2025-03-23,C069,P002,Laptop,Electronics,53223.55,2,Canada,106447.1
O01246,2025-03-23,C069,P014,Sugar 1kg,Groceries,52.99,2,UK,105.98
O01247,2025-08-15,C125,P008,Sneakers,Fashion,2649.49,3,UK,7948.469999999999
O01247,2025-08-15,C125,P017,Pressure Cooker,Home & Kitchen,2285.15,3,India,6855.450000000001
O01247,2025-08-15,C125,P014,Sugar 1kg,Groceries,56.45,3,Australia,169.35000000000002
O01247,2025-08-15,C125,P021,Cricket Bat,Sports,1613.65,3,USA,4840.950000000001
O01247,2025-08-15,C125,P024,Dumbbells 5kg,Sports,1186.77,2,Australia,2373.54
O01248,2025-11-01,C186,P014,Sugar 1kg,Groceries,60.41,2,Australia,120.82
O01248,2025-11-01,C186,P025,Badminton Racket,Sports,851.45,1,Canada,851.45
O01249,2025-09-13,C158,P001,Smartphone,Electronics,17434.74,2,Australia,34869.48
O01249,2025-09-13,C158,P021,Cricket Bat,Sports,1565.61,2,USA,3131.22
O01249,2025-09-13,C158,P011,Rice 5kg,Groceries,364.9,1,India,364.9
O01249,2025-09-13,C158,P014,Sugar 1kg,Groceries,56.99,2,USA,113.98
O01249,2025-09-13,C158,P020,Water Bottle,Home & Kitchen,252.73,2,India,505.46
O01250,2025-01-05,C029,P025,Badminton Racket,Sports,785.29,2,USA,1570.58
O01250,2025-01-05,C029,P021,Cricket Bat,Sports,1460.27,3,UK,4380.8099999999995
O01250,2025-01-05,C029,P011,Rice 5kg,Groceries,341.52,3,USA,1024.56
O01251,2025-03-11,C065,P004,Bluetooth Speaker,Electronics,3600.9,2,Australia,7201.8
O01251,2025-03-11,C065,P023,Yoga Mat,Sports,723.86,1,Canada,723.86
O01251,2025-03-11,C065,P007,Jeans,Fashion,1583.64,1,Canada,1583.64
O01251,2025-03-11,C065,P006,T-Shirt,Fashion,685.42,1,Canada,685.42
O01251,2025-03-11,C065,P005,Smartwatch,Electronics,7614.81,3,India,22844.43
O01252,2025-06-28,C029,P007,Jeans,Fashion,1622.69,2,Canada,3245.38
O01252,2025-06-28,C029,P006,T-Shirt,Fashion,738.26,1,UK,738.26
O01252,2025-06-28,C029,P021,Cricket Bat,Sports,1430.78,3,Canada,4292.34
O01252,2025-06-28,C029,P012,Wheat Flour 5kg,Groceries,347.96,3,UK,1043.8799999999999
O01253,2025-01-18,C162,P015,Tea 500g,Groceries,212.36,2,Australia,424.72
O01253,2025-01-18,C162,P003,Headphones,Electronics,2389.11,1,UK,2389.11
O01253,2025-01-18,C162,P021,Cricket Bat,Sports,1493.86,2,India,2987.72
O01254,2025-07-23,C172,P011,Rice 5kg,Groceries,346.98,2,USA,693.96
O01254,2025-07-23,C172,P017,Pressure Cooker,Home & Kitchen,2147.64,3,India,6442.92
O01254,2025-07-23,C172,P007,Jeans,Fashion,1493.6,2,India,2987.2
O01255,2025-11-30,C121,P005,Smartwatch,Electronics,7359.43,1,USA,7359.43
O01256,2025-10-07,C139,P017,Pressure Cooker,Home & Kitchen,2413.97,3,India,7241.91
O01256,2025-10-07,C139,P018,Dinner Set,Home & Kitchen,2899.18,3,UK,8697.539999999999
O01257,2025-09-04,C114,P005,Smartwatch,Electronics,6798.11,3,India,20394.329999999998
O01257,2025-09-04,C114,P019,Bedsheet,Home & Kitchen,879.4,2,Australia,1758.8
O01258,2025-05-01,C006,P020,Water Bottle,Home & Kitchen,241.69,2,Canada,483.38
O01258,2025-05-01,C006,P025,Badminton Racket,Sports,774.43,1,UK,774.43
O01258,2025-05-01,C006,P016,Mixer Grinder,Home & Kitchen,3298.41,2,India,6596.82
O01258,2025-05-01,C006,P022,Football,Sports,988.42,2,UK,1976.84
O01258,2025-05-01,C006,P003,Headphones,Electronics,2428.15,1,UK,2428.15
O01259,2025-05-14,C174,P005,Smartwatch,Electronics,6776.16,3,India,20328.48
O01259,2025-05-14,C174,P009,Jacket,Fashion,2935.79,3,Canada,8807.369999999999
O01259,2025-05-14,C174,P011,Rice 5kg,Groceries,353.2,3,USA,1059.6
O01259,2025-05-14,C174,P017,Pressure Cooker,Home & Kitchen,2103.4,1,India,2103.4
O01259,2025-05-14,C174,P021,Cricket Bat,Sports,1469.9,1,Australia,1469.9
O01260,2025-09-16,C118,P020,Water Bottle,Home & Kitchen,242.08,2,Australia,484.16
O01260,2025-09-16,C118,P024,Dumbbells 5kg,Sports,1303.37,2,UK,2606.74
O01260,2025-09-16,C118,P016,Mixer Grinder,Home & Kitchen,3393.58,3,USA,10180.74
O01260,2025-09-16,C118,P013,Cooking Oil 1L,Groceries,156.54,1,Canada,156.54
O01260,2025-09-16,C118,P007,Jeans,Fashion,1609.63,1,Canada,1609.63
O01261,2025-08-29,C200,P024,Dumbbells 5kg,Sports,1282.39,3,USA,3847.17
O01261,2025-08-29,C200,P014,Sugar 1kg,Groceries,54.58,3,USA,163.74
O01262,2025-10-26,C123,P013,Cooking Oil 1L,Groceries,172.81,1,India,172.81
O01262,2025-10-26,C123,P004,Bluetooth Speaker,Electronics,3654.2,2,India,7308.4
O01262,2025-10-26,C123,P003,Headphones,Electronics,2614.23,1,USA,2614.23
O01262,2025-10-26,C123,P025,Badminton Racket,Sports,828.31,1,USA,828.31
O01263,2025-04-25,C199,P019,Bedsheet,Home & Kitchen,894.87,3,Australia,2684.61
O01264,2025-08-28,C121,P021,Cricket Bat,Sports,1618.19,2,India,3236.38
O01264,2025-08-28,C121,P006,T-Shirt,Fashion,702.94,3,Canada,2108.82
O01265,2025-04-03,C167,P016,Mixer Grinder,Home & Kitchen,3465.22,2,Canada,6930.44
O01265,2025-04-03,C167,P009,Jacket,Fashion,2930.51,3,Australia,8791.53
O01265,2025-04-03,C167,P002,Laptop,Electronics,55056.09,1,USA,55056.09
O01265,2025-04-03,C167,P020,Water Bottle,Home & Kitchen,271.43,3,USA,814.29
O01265,2025-04-03,C167,P012,Wheat Flour 5kg,Groceries,309.57,1,Canada,309.57
O01266,2025-05-19,C116,P011,Rice 5kg,Groceries,380.09,2,USA,760.18
O01266,2025-05-19,C116,P020,Water Bottle,Home & Kitchen,251.02,1,Canada,251.02
O01267,2025-11-11,C122,P006,T-Shirt,Fashion,719.65,1,Australia,719.65
O01267,2025-11-11,C122,P013,Cooking Oil 1L,Groceries,160.05,1,UK,160.05
O01268,2025-05-07,C011,P020,Water Bottle,Home & Kitchen,242.31,2,UK,484.62
O01268,2025-05-07,C011,P002,Laptop,Electronics,57973.33,2,Australia,115946.66
O01269,2025-08-05,C134,P001,Smartphone,Electronics,19700.73,3,Australia,59102.19
O01269,2025-08-05,C134,P010,Formal Shirt,Fashion,1310.81,1,India,1310.81
O01269,2025-08-05,C134,P013,Cooking Oil 1L,Groceries,160.42,3,USA,481.26
O01269,2025-08-05,C134,P012,Wheat Flour 5kg,Groceries,313.69,3,USA,941.0699999999999
O01269,2025-08-05,C134,P019,Bedsheet,Home & Kitchen,889.75,2,Australia,1779.5
O01270,2025-10-17,C087,P019,Bedsheet,Home & Kitchen,923.09,1,India,923.09
O01270,2025-10-17,C087,P007,Jeans,Fashion,1484.98,2,Australia,2969.96
O01270,2025-10-17,C087,P017,Pressure Cooker,Home & Kitchen,2328.18,1,UK,2328.18
O01270,2025-10-17,C087,P006,T-Shirt,Fashion,729.62,3,USA,2188.86
O01271,2025-01-29,C130,P016,Mixer Grinder,Home & Kitchen,3510.82,2,UK,7021.64
O01272,2025-04-11,C129,P022,Football,Sports,872.22,3,Australia,2616.66
O01272,2025-04-11,C129,P017,Pressure Cooker,Home & Kitchen,2378.54,3,India,7135.62
O01273,2025-10-19,C110,P015,Tea 500g,Groceries,214.25,3,India,642.75
O01273,2025-10-19,C110,P005,Smartwatch,Electronics,7376.92,1,USA,7376.92
O01273,2025-10-19,C110,P004,Bluetooth Speaker,Electronics,3634.62,1,Australia,3634.62
O01274,2025-11-08,C079,P023,Yoga Mat,Sports,687.61,2,UK,1375.22
O01274,2025-11-08,C079,P014,Sugar 1kg,Groceries,56.77,3,Australia,170.31
O01275,2025-05-25,C186,P014,Sugar 1kg,Groceries,55.4,3,USA,166.2
O01275,2025-05-25,C186,P015,Tea 500g,Groceries,228.43,2,USA,456.86
O01275,2025-05-25,C186,P024,Dumbbells 5kg,Sports,1316.98,2,UK,2633.96
O01275,2025-05-25,C186,P020,Water Bottle,Home & Kitchen,266.51,2,UK,533.02
O01276,2025-11-08,C052,P023,Yoga Mat,Sports,733.8,1,Canada,733.8
O01276,2025-11-08,C052,P025,Badminton Racket,Sports,807.28,3,India,2421.84
O01276,2025-11-08,C052,P021,Cricket Bat,Sports,1590.12,1,UK,1590.12
O01277,2025-02-15,C186,P020,Water Bottle,Home & Kitchen,260.92,2,India,521.84
O01277,2025-02-15,C186,P019,Bedsheet,Home & Kitchen,988.24,3,UK,2964.7200000000003
O01278,2025-01-05,C068,P011,Rice 5kg,Groceries,341.58,1,Australia,341.58
O01278,2025-01-05,C068,P023,Yoga Mat,Sports,687.38,2,Canada,1374.76
O01278,2025-01-05,C068,P009,Jacket,Fashion,3244.88,1,UK,3244.88
O01278,2025-01-05,C068,P002,Laptop,Electronics,58236.66,1,Australia,58236.66
O01278,2025-01-05,C068,P016,Mixer Grinder,Home & Kitchen,3067.06,1,Canada,3067.06
O01279,2025-05-08,C093,P003,Headphones,Electronics,2501.45,2,India,5002.9
O01279,2025-05-08,C093,P018,Dinner Set,Home & Kitchen,2758.33,3,Australia,8274.99
O01279,2025-05-08,C093,P025,Badminton Racket,Sports,782.05,2,USA,1564.1
O01279,2025-05-08,C093,P014,Sugar 1kg,Groceries,52.54,1,Australia,52.54
O01279,2025-05-08,C093,P019,Bedsheet,Home & Kitchen,923.37,1,UK,923.37
O01280,2025-08-19,C124,P016,Mixer Grinder,Home & Kitchen,3222.2,3,USA,9666.599999999999
O01280,2025-08-19,C124,P017,Pressure Cooker,Home & Kitchen,2404.09,1,Canada,2404.09
O01280,2025-08-19,C124,P009,Jacket,Fashion,3187.5,3,India,9562.5
O01281,2025-10-05,C080,P016,Mixer Grinder,Home & Kitchen,3152.81,1,India,3152.81
O01281,2025-10-05,C080,P018,Dinner Set,Home & Kitchen,3026.6,1,Australia,3026.6
O01281,2025-10-05,C080,P004,Bluetooth Speaker,Electronics,3813.85,1,USA,3813.85
O01282,2025-12-06,C068,P018,Dinner Set,Home & Kitchen,2898.12,2,Canada,5796.24
O01282,2025-12-06,C068,P020,Water Bottle,Home & Kitchen,249.55,2,UK,499.1
O01282,2025-12-06,C068,P006,T-Shirt,Fashion,673.1,3,UK,2019.3000000000002
O01283,2025-06-08,C015,P007,Jeans,Fashion,1428.08,3,USA,4284.24
O01283,2025-06-08,C015,P025,Badminton Racket,Sports,788.05,3,Australia,2364.1499999999996
O01283,2025-06-08,C015,P005,Smartwatch,Electronics,7182.09,1,Australia,7182.09
O01283,2025-06-08,C015,P009,Jacket,Fashion,3067.41,2,Canada,6134.82
O01284,2025-08-15,C008,P019,Bedsheet,Home & Kitchen,884.24,2,India,1768.48
O01284,2025-08-15,C008,P015,Tea 500g,Groceries,213.9,2,India,427.8
O01284,2025-08-15,C008,P003,Headphones,Electronics,2449.13,2,USA,4898.26
O01284,2025-08-15,C008,P017,Pressure Cooker,Home & Kitchen,2297.53,3,USA,6892.59
O01284,2025-08-15,C008,P011,Rice 5kg,Groceries,335.77,1,USA,335.77
O01285,2025-04-20,C009,P019,Bedsheet,Home & Kitchen,889.4,3,Canada,2668.2
O01285,2025-04-20,C009,P018,Dinner Set,Home & Kitchen,2922.39,2,UK,5844.78
O01285,2025-04-20,C009,P022,Football,Sports,981.55,1,Canada,981.55
O01285,2025-04-20,C009,P021,Cricket Bat,Sports,1595.87,1,UK,1595.87
O01286,2025-11-03,C063,P025,Badminton Racket,Sports,775.86,2,UK,1551.72
O01287,2025-12-17,C127,P019,Bedsheet,Home & Kitchen,983.73,1,UK,983.73
O01287,2025-12-17,C127,P017,Pressure Cooker,Home & Kitchen,2169.49,3,Canada,6508.469999999999
O01288,2025-07-07,C129,P024,Dumbbells 5kg,Sports,1296.19,2,UK,2592.38
O01288,2025-07-07,C129,P016,Mixer Grinder,Home & Kitchen,3274.33,3,USA,9822.99
O01289,2025-10-16,C103,P011,Rice 5kg,Groceries,333.48,3,India,1000.44
O01290,2025-10-05,C028,P008,Sneakers,Fashion,2474.46,1,UK,2474.46
O01290,2025-10-05,C028,P025,Badminton Racket,Sports,802.88,2,USA,1605.76
O01290,2025-10-05,C028,P018,Dinner Set,Home & Kitchen,3037.25,2,USA,6074.5
O01291,2025-04-17,C093,P009,Jacket,Fashion,3190.89,2,India,6381.78
O01292,2025-10-22,C170,P018,Dinner Set,Home & Kitchen,2910.98,2,UK,5821.96
O01292,2025-10-22,C170,P016,Mixer Grinder,Home & Kitchen,3066.1,2,India,6132.2
O01292,2025-10-22,C170,P020,Water Bottle,Home & Kitchen,269.99,1,Australia,269.99
O01292,2025-10-22,C170,P006,T-Shirt,Fashion,665.28,1,USA,665.28
O01292,2025-10-22,C170,P017,Pressure Cooker,Home & Kitchen,2226.11,2,Australia,4452.22
O01293,2025-09-12,C034,P016,Mixer Grinder,Home & Kitchen,3427.36,1,India,3427.36
O01294,2025-01-31,C025,P005,Smartwatch,Electronics,6952.91,2,Australia,13905.82
O01294,2025-01-31,C025,P020,Water Bottle,Home & Kitchen,245.67,1,Australia,245.67
O01295,2025-04-17,C078,P001,Smartphone,Electronics,18438.71,3,UK,55316.13
O01295,2025-04-17,C078,P022,Football,Sports,977.19,2,UK,1954.38
O01295,2025-04-17,C078,P009,Jacket,Fashion,2998.08,2,India,5996.16
O01295,2025-04-17,C078,P018,Dinner Set,Home & Kitchen,2981.01,2,UK,5962.02
O01295,2025-04-17,C078,P024,Dumbbells 5kg,Sports,1244.07,1,USA,1244.07
O01296,2025-02-10,C104,P015,Tea 500g,Groceries,228.56,2,USA,457.12
O01296,2025-02-10,C104,P006,T-Shirt,Fashion,736.07,3,Canada,2208.21
O01297,2025-11-20,C035,P014,Sugar 1kg,Groceries,57.42,1,UK,57.42
O01297,2025-11-20,C035,P006,T-Shirt,Fashion,696.03,3,Australia,2088.09
O01298,2025-06-09,C043,P021,Cricket Bat,Sports,1623.31,2,Australia,3246.62
O01298,2025-06-09,C043,P010,Formal Shirt,Fashion,1307.9,1,Australia,1307.9
O01298,2025-06-09,C043,P019,Bedsheet,Home & Kitchen,863.34,2,USA,1726.68
O01298,2025-06-09,C043,P011,Rice 5kg,Groceries,354.87,2,Australia,709.74
O01298,2025-06-09,C043,P007,Jeans,Fashion,1572.55,1,Canada,1572.55
O01299,2025-01-18,C172,P018,Dinner Set,Home & Kitchen,2851.77,2,Canada,5703.54
O01300,2025-10-30,C199,P006,T-Shirt,Fashion,726.93,2,UK,1453.86
O01300,2025-10-30,C199,P014,Sugar 1kg,Groceries,57.42,1,Canada,57.42
O01300,2025-10-30,C199,P016,Mixer Grinder,Home & Kitchen,3466.79,3,Canada,10400.369999999999
O01300,2025-10-30,C199,P020,Water Bottle,Home & Kitchen,245.09,2,Australia,490.18
O01300,2025-10-30,C199,P021,Cricket Bat,Sports,1433.12,2,Canada,2866.24
O01301,2025-03-01,C158,P008,Sneakers,Fashion,2391.53,3,Canada,7174.59
O01301,2025-03-01,C158,P010,Formal Shirt,Fashion,1142.56,3,UK,3427.68
O01301,2025-03-01,C158,P018,Dinner Set,Home & Kitchen,3018.51,2,USA,6037.02
O01302,2025-12-19,C061,P014,Sugar 1kg,Groceries,59.51,2,USA,119.02
O01302,2025-12-19,C061,P013,Cooking Oil 1L,Groceries,169.54,3,Canada,508.62
O01302,2025-12-19,C061,P006,T-Shirt,Fashion,700.7,2,Australia,1401.4
O01303,2025-02-20,C182,P024,Dumbbells 5kg,Sports,1225.51,3,UK,3676.5299999999997
O01303,2025-02-20,C182,P013,Cooking Oil 1L,Groceries,152.06,3,Australia,456.18
O01303,2025-02-20,C182,P001,Smartphone,Electronics,18095.41,2,Canada,36190.82
O01304,2025-04-08,C109,P004,Bluetooth Speaker,Electronics,3376.64,2,India,6753.28
O01304,2025-04-08,C109,P024,Dumbbells 5kg,Sports,1227.58,3,India,3682.74
O01304,2025-04-08,C109,P011,Rice 5kg,Groceries,376.34,3,UK,1129.02
O01305,2025-10-12,C168,P011,Rice 5kg,Groceries,333.34,1,Canada,333.34
O01306,2025-10-20,C002,P013,Cooking Oil 1L,Groceries,164.73,1,UK,164.73
O01306,2025-10-20,C002,P008,Sneakers,Fashion,2565.3,3,USA,7695.900000000001
O01306,2025-10-20,C002,P004,Bluetooth Speaker,Electronics,3357.7,1,Australia,3357.7
O01307,2025-12-15,C189,P014,Sugar 1kg,Groceries,54.99,3,UK,164.97
O01307,2025-12-15,C189,P023,Yoga Mat,Sports,737.51,3,Australia,2212.5299999999997
O01307,2025-12-15,C189,P008,Sneakers,Fashion,2501.0,3,USA,7503.0
O01307,2025-12-15,C189,P018,Dinner Set,Home & Kitchen,2992.85,1,USA,2992.85
O01308,2025-10-15,C076,P021,Cricket Bat,Sports,1572.86,2,Canada,3145.72
O01308,2025-10-15,C076,P017,Pressure Cooker,Home & Kitchen,2168.75,2,India,4337.5
O01308,2025-10-15,C076,P001,Smartphone,Electronics,17222.66,2,Canada,34445.32
O01308,2025-10-15,C076,P022,Football,Sports,857.7,3,USA,2573.1000000000004
O01308,2025-10-15,C076,P019,Bedsheet,Home & Kitchen,950.77,2,USA,1901.54
O01309,2025-08-20,C082,P025,Badminton Racket,Sports,788.2,3,Canada,2364.6000000000004
O01309,2025-08-20,C082,P016,Mixer Grinder,Home & Kitchen,3170.76,2,UK,6341.52
O01310,2025-08-01,C184,P001,Smartphone,Electronics,18321.22,2,UK,36642.44
O01310,2025-08-01,C184,P010,Formal Shirt,Fashion,1228.6,3,Australia,3685.7999999999997
O01310,2025-08-01,C184,P025,Badminton Racket,Sports,770.3,3,India,2310.8999999999996
O01311,2025-04-13,C178,P003,Headphones,Electronics,2445.24,2,USA,4890.48
O01312,2025-06-07,C136,P012,Wheat Flour 5kg,Groceries,313.58,1,Australia,313.58
O01313,2025-09-28,C062,P009,Jacket,Fashion,3243.29,1,Australia,3243.29
O01313,2025-09-28,C062,P011,Rice 5kg,Groceries,375.38,2,Canada,750.76
O01313,2025-09-28,C062,P022,Football,Sports,934.46,1,Australia,934.46
O01314,2025-09-28,C107,P006,T-Shirt,Fashion,700.69,3,Australia,2102.07
O01314,2025-09-28,C107,P016,Mixer Grinder,Home & Kitchen,3134.95,2,Canada,6269.9
O01315,2025-06-11,C060,P012,Wheat Flour 5kg,Groceries,349.23,2,UK,698.46
O01315,2025-06-11,C060,P007,Jeans,Fashion,1499.99,1,India,1499.99
O01316,2025-05-20,C200,P011,Rice 5kg,Groceries,364.97,2,Canada,729.94
O01316,2025-05-20,C200,P006,T-Shirt,Fashion,714.67,2,USA,1429.34
O01317,2025-10-13,C050,P005,Smartwatch,Electronics,6940.28,3,USA,20820.84
O01317,2025-10-13,C050,P013,Cooking Oil 1L,Groceries,174.3,3,Australia,522.9000000000001
O01318,2025-10-07,C047,P024,Dumbbells 5kg,Sports,1218.19,2,UK,2436.38
O01318,2025-10-07,C047,P006,T-Shirt,Fashion,766.59,1,India,766.59
O01318,2025-10-07,C047,P011,Rice 5kg,Groceries,364.49,1,UK,364.49
O01319,2025-07-18,C091,P009,Jacket,Fashion,3152.17,3,Canada,9456.51
O01319,2025-07-18,C091,P012,Wheat Flour 5kg,Groceries,309.55,2,Canada,619.1
O01319,2025-07-18,C091,P004,Bluetooth Speaker,Electronics,3512.43,1,Canada,3512.43
O01319,2025-07-18,C091,P007,Jeans,Fashion,1582.5,3,Australia,4747.5
O01320,2025-05-10,C111,P009,Jacket,Fashion,3070.29,3,USA,9210.869999999999
O01320,2025-05-10,C111,P018,Dinner Set,Home & Kitchen,2745.58,1,Australia,2745.58
O01320,2025-05-10,C111,P011,Rice 5kg,Groceries,345.0,2,Canada,690.0
O01321,2025-05-31,C060,P008,Sneakers,Fashion,2735.43,3,Canada,8206.289999999999
O01321,2025-05-31,C060,P004,Bluetooth Speaker,Electronics,3579.87,3,UK,10739.61
O01321,2025-05-31,C060,P016,Mixer Grinder,Home & Kitchen,3071.38,1,Australia,3071.38
O01321,2025-05-31,C060,P017,Pressure Cooker,Home & Kitchen,2231.98,2,Australia,4463.96
O01321,2025-05-31,C060,P015,Tea 500g,Groceries,230.5,2,UK,461.0
O01322,2025-12-14,C129,P021,Cricket Bat,Sports,1484.32,2,Australia,2968.64
O01322,2025-12-14,C129,P015,Tea 500g,Groceries,214.3,1,India,214.3
O01322,2025-12-14,C129,P003,Headphones,Electronics,2459.78,2,UK,4919.56
O01323,2025-12-04,C191,P018,Dinner Set,Home & Kitchen,2915.5,2,USA,5831.0
O01324,2025-11-12,C072,P022,Football,Sports,984.86,1,UK,984.86
O01324,2025-11-12,C072,P001,Smartphone,Electronics,19525.3,2,Australia,39050.6
O01324,2025-11-12,C072,P008,Sneakers,Fashion,2651.0,2,USA,5302.0
O01324,2025-11-12,C072,P005,Smartwatch,Electronics,7401.64,2,Canada,14803.28
O01325,2025-09-03,C081,P013,Cooking Oil 1L,Groceries,163.52,3,UK,490.56000000000006
O01325,2025-09-03,C081,P012,Wheat Flour 5kg,Groceries,332.33,2,Canada,664.66
O01325,2025-09-03,C081,P002,Laptop,Electronics,57505.07,3,UK,172515.21
O01325,2025-09-03,C081,P024,Dumbbells 5kg,Sports,1253.77,1,Australia,1253.77
O01325,2025-09-03,C081,P008,Sneakers,Fashion,2510.62,3,UK,7531.86
O01326,2025-02-19,C013,P014,Sugar 1kg,Groceries,57.1,3,India,171.3
O01327,2025-05-29,C102,P004,Bluetooth Speaker,Electronics,3664.53,2,Australia,7329.06
O01327,2025-05-29,C102,P014,Sugar 1kg,Groceries,56.88,1,UK,56.88
O01327,2025-05-29,C102,P019,Bedsheet,Home & Kitchen,898.09,3,USA,2694.27
O01327,2025-05-29,C102,P018,Dinner Set,Home & Kitchen,2667.63,2,Canada,5335.26
O01327,2025-05-29,C102,P013,Cooking Oil 1L,Groceries,174.72,3,India,524.16
O01328,2025-10-03,C129,P016,Mixer Grinder,Home & Kitchen,3319.0,2,Canada,6638.0
O01328,2025-10-03,C129,P008,Sneakers,Fashion,2649.18,1,USA,2649.18
O01328,2025-10-03,C129,P011,Rice 5kg,Groceries,349.43,3,India,1048.29
O01328,2025-10-03,C129,P012,Wheat Flour 5kg,Groceries,308.29,2,India,616.58
O01328,2025-10-03,C129,P013,Cooking Oil 1L,Groceries,170.12,1,Australia,170.12
O01329,2025-11-03,C193,P008,Sneakers,Fashion,2522.74,1,India,2522.74
O01329,2025-11-03,C193,P014,Sugar 1kg,Groceries,52.46,3,Canada,157.38
O01330,2025-08-19,C051,P011,Rice 5kg,Groceries,333.35,2,Australia,666.7
O01330,2025-08-19,C051,P003,Headphones,Electronics,2457.26,2,Australia,4914.52
O01330,2025-08-19,C051,P022,Football,Sports,988.1,2,Australia,1976.2
O01330,2025-08-19,C051,P016,Mixer Grinder,Home & Kitchen,3043.8,2,Canada,6087.6
O01330,2025-08-19,C051,P018,Dinner Set,Home & Kitchen,2771.8,3,Canada,8315.400000000001
O01331,2025-02-05,C012,P001,Smartphone,Electronics,19395.9,1,UK,19395.9
O01332,2025-12-12,C092,P001,Smartphone,Electronics,18136.61,3,UK,54409.83
O01332,2025-12-12,C092,P017,Pressure Cooker,Home & Kitchen,2264.91,1,Australia,2264.91
O01333,2025-12-19,C022,P018,Dinner Set,Home & Kitchen,2859.11,1,India,2859.11
O01333,2025-12-19,C022,P024,Dumbbells 5kg,Sports,1283.02,3,Australia,3849.06
O01333,2025-12-19,C022,P004,Bluetooth Speaker,Electronics,3532.68,3,UK,10598.039999999999
O01333,2025-12-19,C022,P005,Smartwatch,Electronics,6954.82,2,Canada,13909.64
O01334,2025-08-27,C024,P024,Dumbbells 5kg,Sports,1318.68,1,Canada,1318.68
O01334,2025-08-27,C024,P008,Sneakers,Fashion,2438.96,3,India,7316.88
O01334,2025-08-27,C024,P011,Rice 5kg,Groceries,350.73,1,Canada,350.73
O01334,2025-08-27,C024,P009,Jacket,Fashion,3263.63,1,Canada,3263.63
O01334,2025-08-27,C024,P025,Badminton Racket,Sports,861.52,1,India,861.52
O01335,2025-03-30,C045,P002,Laptop,Electronics,55114.77,1,USA,55114.77
O01335,2025-03-30,C045,P001,Smartphone,Electronics,17251.69,1,Canada,17251.69
O01336,2025-07-06,C136,P001,Smartphone,Electronics,17508.43,1,India,17508.43
O01336,2025-07-06,C136,P013,Cooking Oil 1L,Groceries,155.92,1,USA,155.92
O01336,2025-07-06,C136,P023,Yoga Mat,Sports,766.9,1,USA,766.9
O01336,2025-07-06,C136,P010,Formal Shirt,Fashion,1299.86,3,USA,3899.58
O01337,2025-01-15,C054,P007,Jeans,Fashion,1588.41,3,UK,4765.2300000000005
O01337,2025-01-15,C054,P022,Football,Sports,934.42,1,Australia,934.42
O01338,2025-10-22,C112,P019,Bedsheet,Home & Kitchen,962.86,1,India,962.86
O01338,2025-10-22,C112,P002,Laptop,Electronics,55101.07,3,USA,165303.21
O01339,2025-07-20,C061,P021,Cricket Bat,Sports,1593.83,2,India,3187.66
O01339,2025-07-20,C061,P018,Dinner Set,Home & Kitchen,2681.42,1,UK,2681.42
O01339,2025-07-20,C061,P004,Bluetooth Speaker,Electronics,3748.77,2,India,7497.54
O01339,2025-07-20,C061,P017,Pressure Cooker,Home & Kitchen,2115.27,3,USA,6345.8099999999995
O01339,2025-07-20,C061,P012,Wheat Flour 5kg,Groceries,318.59,3,India,955.77
O01340,2025-03-01,C112,P010,Formal Shirt,Fashion,1278.77,1,India,1278.77
O01340,2025-03-01,C112,P002,Laptop,Electronics,55957.86,2,UK,111915.72
O01341,2025-09-23,C122,P008,Sneakers,Fashion,2458.76,2,USA,4917.52
O01341,2025-09-23,C122,P014,Sugar 1kg,Groceries,52.42,2,India,104.84
O01341,2025-09-23,C122,P001,Smartphone,Electronics,17401.56,3,Australia,52204.68000000001
O01341,2025-09-23,C122,P009,Jacket,Fashion,2996.19,1,UK,2996.19
O01341,2025-09-23,C122,P017,Pressure Cooker,Home & Kitchen,2171.51,3,USA,6514.530000000001
O01342,2025-08-27,C080,P018,Dinner Set,Home & Kitchen,2973.58,2,UK,5947.16
O01342,2025-08-27,C080,P012,Wheat Flour 5kg,Groceries,335.85,1,Canada,335.85
O01342,2025-08-27,C080,P025,Badminton Racket,Sports,839.89,2,India,1679.78
O01342,2025-08-27,C080,P004,Bluetooth Speaker,Electronics,3525.74,1,USA,3525.74
O01343,2025-10-25,C178,P013,Cooking Oil 1L,Groceries,175.12,1,India,175.12
O01343,2025-10-25,C178,P003,Headphones,Electronics,2550.94,3,Australia,7652.82
O01343,2025-10-25,C178,P025,Badminton Racket,Sports,831.54,2,Australia,1663.08
O01343,2025-10-25,C178,P018,Dinner Set,Home & Kitchen,2838.58,3,UK,8515.74
O01344,2025-10-26,C071,P014,Sugar 1kg,Groceries,55.73,2,India,111.46
O01344,2025-10-26,C071,P007,Jeans,Fashion,1494.47,3,UK,4483.41
O01344,2025-10-26,C071,P004,Bluetooth Speaker,Electronics,3597.04,1,Canada,3597.04
O01345,2025-08-18,C076,P012,Wheat Flour 5kg,Groceries,319.33,3,USA,957.99
O01345,2025-08-18,C076,P004,Bluetooth Speaker,Electronics,3496.91,1,UK,3496.91
O01345,2025-08-18,C076,P024,Dumbbells 5kg,Sports,1171.18,1,Australia,1171.18
O01345,2025-08-18,C076,P002,Laptop,Electronics,59069.67,2,Canada,118139.34
O01345,2025-08-18,C076,P017,Pressure Cooker,Home & Kitchen,2237.78,1,Canada,2237.78
O01346,2025-11-05,C032,P010,Formal Shirt,Fashion,1288.24,3,USA,3864.7200000000003
O01347,2025-01-14,C131,P010,Formal Shirt,Fashion,1276.91,2,USA,2553.82
O01347,2025-01-14,C131,P009,Jacket,Fashion,2967.88,2,Australia,5935.76
O01347,2025-01-14,C131,P024,Dumbbells 5kg,Sports,1140.41,2,Canada,2280.82
O01348,2025-02-01,C067,P014,Sugar 1kg,Groceries,57.52,1,India,57.52
O01349,2025-03-29,C127,P002,Laptop,Electronics,60135.59,2,Australia,120271.18
O01349,2025-03-29,C127,P009,Jacket,Fashion,3132.42,1,India,3132.42
O01349,2025-03-29,C127,P006,T-Shirt,Fashion,715.61,3,India,2146.83
O01349,2025-03-29,C127,P007,Jeans,Fashion,1557.87,1,Australia,1557.87
O01349,2025-03-29,C127,P013,Cooking Oil 1L,Groceries,152.98,3,India,458.93999999999994
O01350,2025-10-17,C188,P015,Tea 500g,Groceries,241.15,1,India,241.15
O01350,2025-10-17,C188,P025,Badminton Racket,Sports,800.48,2,Australia,1600.96
O01350,2025-10-17,C188,P006,T-Shirt,Fashion,764.57,1,India,764.57
O01351,2025-12-19,C122,P008,Sneakers,Fashion,2715.23,1,Australia,2715.23
O01351,2025-12-19,C122,P015,Tea 500g,Groceries,219.66,3,India,658.98
O01352,2025-08-17,C192,P016,Mixer Grinder,Home & Kitchen,3277.02,2,India,6554.04
O01352,2025-08-17,C192,P005,Smartwatch,Electronics,7190.1,1,India,7190.1
O01352,2025-08-17,C192,P011,Rice 5kg,Groceries,364.6,3,UK,1093.8000000000002
O01352,2025-08-17,C192,P002,Laptop,Electronics,54329.16,2,India,108658.32
O01352,2025-08-17,C192,P018,Dinner Set,Home & Kitchen,2810.25,2,Canada,5620.5
O01353,2025-12-03,C012,P015,Tea 500g,Groceries,230.25,2,USA,460.5
O01353,2025-12-03,C012,P019,Bedsheet,Home & Kitchen,885.95,2,USA,1771.9
O01353,2025-12-03,C012,P024,Dumbbells 5kg,Sports,1272.39,2,UK,2544.78
O01354,2025-07-14,C043,P020,Water Bottle,Home & Kitchen,241.92,2,UK,483.84
O01354,2025-07-14,C043,P005,Smartwatch,Electronics,7676.76,3,UK,23030.28
O01354,2025-07-14,C043,P007,Jeans,Fashion,1509.18,1,Canada,1509.18
O01354,2025-07-14,C043,P006,T-Shirt,Fashion,681.05,2,India,1362.1
O01354,2025-07-14,C043,P025,Badminton Racket,Sports,845.66,1,UK,845.66
O01355,2025-09-14,C151,P016,Mixer Grinder,Home & Kitchen,3386.26,2,Australia,6772.52
O01356,2025-05-16,C100,P005,Smartwatch,Electronics,6982.93,1,Australia,6982.93
O01357,2025-09-16,C058,P001,Smartphone,Electronics,17564.03,2,UK,35128.06
O01357,2025-09-16,C058,P012,Wheat Flour 5kg,Groceries,350.23,2,India,700.46
O01357,2025-09-16,C058,P014,Sugar 1kg,Groceries,56.9,1,Canada,56.9
O01357,2025-09-16,C058,P007,Jeans,Fashion,1513.42,2,USA,3026.84
O01358,2025-06-19,C108,P025,Badminton Racket,Sports,811.77,1,UK,811.77
O01358,2025-06-19,C108,P019,Bedsheet,Home & Kitchen,985.76,2,Australia,1971.52
O01358,2025-06-19,C108,P013,Cooking Oil 1L,Groceries,168.96,2,USA,337.92
O01359,2025-06-13,C142,P009,Jacket,Fashion,3074.26,3,USA,9222.78
O01359,2025-06-13,C142,P003,Headphones,Electronics,2640.89,3,UK,7922.67
O01359,2025-06-13,C142,P025,Badminton Racket,Sports,760.02,3,India,2280.06
O01359,2025-06-13,C142,P017,Pressure Cooker,Home & Kitchen,2364.09,2,UK,4728.18
O01360,2025-09-07,C152,P001,Smartphone,Electronics,19636.27,3,Australia,58908.81
O01360,2025-09-07,C152,P014,Sugar 1kg,Groceries,54.45,3,Australia,163.35000000000002
O01360,2025-09-07,C152,P025,Badminton Racket,Sports,842.32,2,UK,1684.64
O01360,2025-09-07,C152,P020,Water Bottle,Home & Kitchen,247.55,2,UK,495.1
O01360,2025-09-07,C152,P008,Sneakers,Fashion,2506.21,3,Australia,7518.63
O01361,2025-10-12,C147,P001,Smartphone,Electronics,18253.8,2,USA,36507.6
O01361,2025-10-12,C147,P025,Badminton Racket,Sports,762.77,3,Australia,2288.31
O01362,2025-07-22,C018,P025,Badminton Racket,Sports,863.87,3,Australia,2591.61
O01362,2025-07-22,C018,P011,Rice 5kg,Groceries,368.49,2,Canada,736.98
O01362,2025-07-22,C018,P020,Water Bottle,Home & Kitchen,238.95,3,India,716.8499999999999
O01362,2025-07-22,C018,P013,Cooking Oil 1L,Groceries,158.42,3,Canada,475.26
O01363,2025-04-01,C051,P011,Rice 5kg,Groceries,376.99,1,UK,376.99
O01363,2025-04-01,C051,P007,Jeans,Fashion,1472.06,1,UK,1472.06
O01363,2025-04-01,C051,P014,Sugar 1kg,Groceries,53.93,3,Canada,161.79
O01363,2025-04-01,C051,P010,Formal Shirt,Fashion,1195.62,2,Australia,2391.24
O01363,2025-04-01,C051,P001,Smartphone,Electronics,17863.87,2,UK,35727.74
O01364,2025-03-24,C029,P025,Badminton Racket,Sports,831.31,3,UK,2493.93
O01364,2025-03-24,C029,P003,Headphones,Electronics,2390.72,1,Canada,2390.72
O01365,2025-08-09,C038,P019,Bedsheet,Home & Kitchen,957.71,1,India,957.71
O01365,2025-08-09,C038,P012,Wheat Flour 5kg,Groceries,319.15,1,India,319.15
O01366,2025-01-23,C109,P012,Wheat Flour 5kg,Groceries,352.0,3,UK,1056.0
O01366,2025-01-23,C109,P007,Jeans,Fashion,1608.09,3,Australia,4824.2699999999995
O01366,2025-01-23,C109,P015,Tea 500g,Groceries,231.09,3,Canada,693.27
O01366,2025-01-23,C109,P010,Formal Shirt,Fashion,1319.09,2,India,2638.18
O01366,2025-01-23,C109,P013,Cooking Oil 1L,Groceries,157.98,1,Australia,157.98
O01367,2025-04-05,C117,P015,Tea 500g,Groceries,219.84,1,Canada,219.84
O01367,2025-04-05,C117,P007,Jeans,Fashion,1613.36,1,India,1613.36
O01367,2025-04-05,C117,P009,Jacket,Fashion,3003.21,1,Australia,3003.21
O01368,2025-05-07,C180,P006,T-Shirt,Fashion,751.43,1,Canada,751.43
O01368,2025-05-07,C180,P011,Rice 5kg,Groceries,370.12,1,India,370.12
O01368,2025-05-07,C180,P013,Cooking Oil 1L,Groceries,153.21,1,Canada,153.21
O01368,2025-05-07,C180,P019,Bedsheet,Home & Kitchen,915.73,1,UK,915.73
O01368,2025-05-07,C180,P003,Headphones,Electronics,2742.26,1,USA,2742.26
O01369,2025-08-21,C146,P006,T-Shirt,Fashion,699.51,2,Canada,1399.02
O01369,2025-08-21,C146,P021,Cricket Bat,Sports,1527.22,3,Australia,4581.66
O01369,2025-08-21,C146,P025,Badminton Racket,Sports,783.16,2,India,1566.32
O01369,2025-08-21,C146,P012,Wheat Flour 5kg,Groceries,320.03,3,Canada,960.0899999999999
O01369,2025-08-21,C146,P003,Headphones,Electronics,2662.95,2,Australia,5325.9
O01370,2025-01-19,C037,P007,Jeans,Fashion,1538.22,3,Canada,4614.66
O01370,2025-01-19,C037,P001,Smartphone,Electronics,17849.6,3,Australia,53548.799999999996
O01371,2025-06-12,C150,P009,Jacket,Fashion,2878.94,1,Canada,2878.94
O01371,2025-06-12,C150,P011,Rice 5kg,Groceries,362.39,1,UK,362.39
O01372,2025-03-03,C189,P008,Sneakers,Fashion,2749.56,2,UK,5499.12
O01372,2025-03-03,C189,P006,T-Shirt,Fashion,689.04,1,USA,689.04
O01372,2025-03-03,C189,P024,Dumbbells 5kg,Sports,1274.9,2,Canada,2549.8
O01373,2025-08-27,C084,P018,Dinner Set,Home & Kitchen,3029.65,2,USA,6059.3
O01373,2025-08-27,C084,P014,Sugar 1kg,Groceries,53.05,2,Australia,106.1
O01373,2025-08-27,C084,P004,Bluetooth Speaker,Electronics,3453.66,2,Australia,6907.32
O01374,2025-05-23,C146,P012,Wheat Flour 5kg,Groceries,326.66,2,India,653.32
O01374,2025-05-23,C146,P018,Dinner Set,Home & Kitchen,2762.82,2,UK,5525.64
O01374,2025-05-23,C146,P006,T-Shirt,Fashion,712.05,2,USA,1424.1
O01375,2025-05-20,C009,P009,Jacket,Fashion,3296.93,2,Canada,6593.86
O01376,2025-03-22,C173,P002,Laptop,Electronics,53560.6,1,Canada,53560.6
O01376,2025-03-22,C173,P022,Football,Sports,859.18,2,Canada,1718.36
O01376,2025-03-22,C173,P024,Dumbbells 5kg,Sports,1274.4,3,UK,3823.2000000000003
O01376,2025-03-22,C173,P025,Badminton Racket,Sports,810.26,2,UK,1620.52
O01376,2025-03-22,C173,P005,Smartwatch,Electronics,7155.56,3,UK,21466.68
O01377,2025-03-06,C013,P003,Headphones,Electronics,2470.59,2,India,4941.18
O01377,2025-03-06,C013,P019,Bedsheet,Home & Kitchen,980.79,3,USA,2942.37
O01377,2025-03-06,C013,P011,Rice 5kg,Groceries,335.44,1,Australia,335.44
O01378,2025-02-26,C029,P025,Badminton Racket,Sports,850.62,2,Canada,1701.24
O01378,2025-02-26,C029,P010,Formal Shirt,Fashion,1279.19,2,India,2558.38
O01379,2025-11-04,C100,P014,Sugar 1kg,Groceries,55.12,1,UK,55.12
O01379,2025-11-04,C100,P017,Pressure Cooker,Home & Kitchen,2176.43,2,UK,4352.86
O01379,2025-11-04,C100,P016,Mixer Grinder,Home & Kitchen,3320.96,2,UK,6641.92
O01380,2025-06-17,C061,P013,Cooking Oil 1L,Groceries,152.82,1,UK,152.82
O01380,2025-06-17,C061,P021,Cricket Bat,Sports,1450.48,1,Canada,1450.48
O01380,2025-06-17,C061,P001,Smartphone,Electronics,18541.05,3,India,55623.149999999994
O01380,2025-06-17,C061,P003,Headphones,Electronics,2690.83,2,Australia,5381.66
O01381,2025-05-04,C021,P007,Jeans,Fashion,1639.51,3,Canada,4918.53
O01382,2025-08-12,C136,P007,Jeans,Fashion,1501.14,3,India,4503.42
O01383,2025-12-05,C094,P013,Cooking Oil 1L,Groceries,168.68,2,USA,337.36
O01383,2025-12-05,C094,P007,Jeans,Fashion,1460.45,3,Canada,4381.35
O01383,2025-12-05,C094,P009,Jacket,Fashion,3136.86,2,Canada,6273.72
O01383,2025-12-05,C094,P014,Sugar 1kg,Groceries,55.02,3,Canada,165.06
O01384,2025-04-10,C044,P008,Sneakers,Fashion,2668.09,1,UK,2668.09
O01385,2025-01-12,C180,P022,Football,Sports,976.04,1,India,976.04
O01385,2025-01-12,C180,P023,Yoga Mat,Sports,675.43,3,USA,2026.29
O01385,2025-01-12,C180,P007,Jeans,Fashion,1466.64,2,UK,2933.28
O01385,2025-01-12,C180,P017,Pressure Cooker,Home & Kitchen,2181.07,3,Australia,6543.210000000001
O01386,2025-04-24,C161,P016,Mixer Grinder,Home & Kitchen,3209.29,2,Canada,6418.58
O01386,2025-04-24,C161,P006,T-Shirt,Fashion,699.73,3,Canada,2099.19
O01387,2025-09-27,C002,P009,Jacket,Fashion,2939.87,3,USA,8819.61
O01388,2025-12-31,C119,P020,Water Bottle,Home & Kitchen,273.36,3,Australia,820.08
O01388,2025-12-31,C119,P014,Sugar 1kg,Groceries,53.9,3,India,161.7
O01389,2025-10-13,C081,P011,Rice 5kg,Groceries,341.33,3,UK,1023.99
O01389,2025-10-13,C081,P025,Badminton Racket,Sports,863.81,3,UK,2591.43
O01390,2025-03-20,C061,P018,Dinner Set,Home & Kitchen,2896.49,2,India,5792.98
O01390,2025-03-20,C061,P014,Sugar 1kg,Groceries,58.34,3,USA,175.02
O01391,2025-07-16,C066,P016,Mixer Grinder,Home & Kitchen,3345.87,1,India,3345.87
O01391,2025-07-16,C066,P008,Sneakers,Fashion,2602.47,2,Australia,5204.94
O01391,2025-07-16,C066,P024,Dumbbells 5kg,Sports,1261.67,3,Canada,3785.01
O01391,2025-07-16,C066,P015,Tea 500g,Groceries,234.75,2,UK,469.5
O01391,2025-07-16,C066,P012,Wheat Flour 5kg,Groceries,340.02,1,USA,340.02
O01392,2025-09-27,C195,P008,Sneakers,Fashion,2607.52,3,India,7822.5599999999995
O01393,2025-03-03,C199,P006,T-Shirt,Fashion,687.05,3,USA,2061.1499999999996
O01393,2025-03-03,C199,P019,Bedsheet,Home & Kitchen,959.03,1,India,959.03
O01393,2025-03-03,C199,P010,Formal Shirt,Fashion,1272.61,1,UK,1272.61
O01393,2025-03-03,C199,P025,Badminton Racket,Sports,828.82,2,UK,1657.64
O01393,2025-03-03,C199,P016,Mixer Grinder,Home & Kitchen,3285.38,1,USA,3285.38
O01394,2025-09-18,C191,P003,Headphones,Electronics,2437.13,3,Canada,7311.39
O01394,2025-09-18,C191,P014,Sugar 1kg,Groceries,57.83,2,UK,115.66
O01395,2025-07-05,C191,P017,Pressure Cooker,Home & Kitchen,2235.08,3,Australia,6705.24
O01396,2025-07-05,C028,P016,Mixer Grinder,Home & Kitchen,3364.5,1,USA,3364.5
O01396,2025-07-05,C028,P005,Smartwatch,Electronics,7537.27,3,Australia,22611.81
O01396,2025-07-05,C028,P003,Headphones,Electronics,2723.43,2,USA,5446.86
O01397,2025-12-18,C014,P012,Wheat Flour 5kg,Groceries,328.73,1,UK,328.73
O01397,2025-12-18,C014,P017,Pressure Cooker,Home & Kitchen,2124.13,2,Canada,4248.26
O01397,2025-12-18,C014,P015,Tea 500g,Groceries,230.17,1,UK,230.17
O01397,2025-12-18,C014,P007,Jeans,Fashion,1452.33,3,UK,4356.99
O01397,2025-12-18,C014,P024,Dumbbells 5kg,Sports,1208.54,2,UK,2417.08
O01398,2025-10-12,C038,P024,Dumbbells 5kg,Sports,1149.05,3,UK,3447.1499999999996
O01398,2025-10-12,C038,P001,Smartphone,Electronics,17371.44,3,USA,52114.31999999999
O01398,2025-10-12,C038,P020,Water Bottle,Home & Kitchen,251.44,3,USA,754.3199999999999
O01398,2025-10-12,C038,P025,Badminton Racket,Sports,853.86,1,Canada,853.86
O01399,2025-03-09,C066,P008,Sneakers,Fashion,2453.79,2,India,4907.58
O01399,2025-03-09,C066,P024,Dumbbells 5kg,Sports,1233.07,1,Australia,1233.07
O01399,2025-03-09,C066,P017,Pressure Cooker,Home & Kitchen,2296.85,1,UK,2296.85
O01400,2025-04-25,C011,P021,Cricket Bat,Sports,1626.82,3,UK,4880.46
O01400,2025-04-25,C011,P006,T-Shirt,Fashion,702.09,3,USA,2106.27
O01400,2025-04-25,C011,P020,Water Bottle,Home & Kitchen,270.32,1,UK,270.32
O01400,2025-04-25,C011,P001,Smartphone,Electronics,18055.02,2,UK,36110.04
O01400,2025-04-25,C011,P015,Tea 500g,Groceries,228.16,1,Canada,228.16
O01401,2025-12-28,C176,P003,Headphones,Electronics,2429.81,2,UK,4859.62
O01401,2025-12-28,C176,P013,Cooking Oil 1L,Groceries,158.03,3,USA,474.09000000000003
O01401,2025-12-28,C176,P001,Smartphone,Electronics,18740.52,1,India,18740.52
O01401,2025-12-28,C176,P016,Mixer Grinder,Home & Kitchen,3205.02,3,India,9615.06
O01402,2025-06-23,C134,P015,Tea 500g,Groceries,225.87,2,Australia,451.74
O01403,2025-07-04,C026,P022,Football,Sports,980.26,3,Australia,2940.7799999999997
O01403,2025-07-04,C026,P024,Dumbbells 5kg,Sports,1183.85,1,India,1183.85
O01404,2025-04-02,C094,P007,Jeans,Fashion,1592.7,3,USA,4778.1
O01404,2025-04-02,C094,P012,Wheat Flour 5kg,Groceries,318.62,2,Canada,637.24
O01404,2025-04-02,C094,P001,Smartphone,Electronics,18702.47,3,Australia,56107.41
O01404,2025-04-02,C094,P014,Sugar 1kg,Groceries,56.95,2,USA,113.9
O01405,2025-04-21,C110,P006,T-Shirt,Fashion,713.25,2,India,1426.5
O01405,2025-04-21,C110,P010,Formal Shirt,Fashion,1290.68,2,USA,2581.36
O01405,2025-04-21,C110,P002,Laptop,Electronics,54291.47,1,India,54291.47
O01405,2025-04-21,C110,P013,Cooking Oil 1L,Groceries,172.56,2,Australia,345.12
O01406,2025-09-04,C135,P025,Badminton Racket,Sports,829.78,1,USA,829.78
O01406,2025-09-04,C135,P020,Water Bottle,Home & Kitchen,250.89,1,Canada,250.89
O01406,2025-09-04,C135,P008,Sneakers,Fashion,2515.35,1,Canada,2515.35
O01406,2025-09-04,C135,P014,Sugar 1kg,Groceries,59.75,2,UK,119.5
O01406,2025-09-04,C135,P013,Cooking Oil 1L,Groceries,159.55,2,Australia,319.1
O01407,2025-07-12,C081,P015,Tea 500g,Groceries,231.79,2,India,463.58
O01407,2025-07-12,C081,P009,Jacket,Fashion,3101.73,3,India,9305.19
O01407,2025-07-12,C081,P006,T-Shirt,Fashion,677.26,1,USA,677.26
O01408,2025-06-15,C118,P010,Formal Shirt,Fashion,1225.85,2,India,2451.7
O01408,2025-06-15,C118,P001,Smartphone,Electronics,17109.07,2,UK,34218.14
O01409,2025-11-23,C139,P005,Smartwatch,Electronics,7382.53,1,Australia,7382.53
O01409,2025-11-23,C139,P007,Jeans,Fashion,1508.3,3,India,4524.9
O01409,2025-11-23,C139,P025,Badminton Racket,Sports,826.43,2,UK,1652.86
O01409,2025-11-23,C139,P004,Bluetooth Speaker,Electronics,3631.49,2,USA,7262.98
O01409,2025-11-23,C139,P003,Headphones,Electronics,2668.36,1,India,2668.36
O01410,2025-12-02,C136,P018,Dinner Set,Home & Kitchen,2673.9,3,USA,8021.700000000001
O01410,2025-12-02,C136,P003,Headphones,Electronics,2482.58,2,Canada,4965.16
O01410,2025-12-02,C136,P002,Laptop,Electronics,60266.8,3,India,180800.40000000002
O01410,2025-12-02,C136,P011,Rice 5kg,Groceries,354.06,1,India,354.06
O01410,2025-12-02,C136,P001,Smartphone,Electronics,19558.65,3,UK,58675.950000000004
O01411,2025-07-23,C088,P006,T-Shirt,Fashion,712.52,2,USA,1425.04
O01411,2025-07-23,C088,P001,Smartphone,Electronics,18521.15,3,Canada,55563.450000000004
O01411,2025-07-23,C088,P024,Dumbbells 5kg,Sports,1175.48,1,USA,1175.48
O01411,2025-07-23,C088,P021,Cricket Bat,Sports,1580.99,3,Canada,4742.97
O01412,2025-12-31,C121,P001,Smartphone,Electronics,19562.07,1,UK,19562.07
O01412,2025-12-31,C121,P006,T-Shirt,Fashion,720.24,1,India,720.24
O01412,2025-12-31,C121,P003,Headphones,Electronics,2395.51,2,USA,4791.02
O01412,2025-12-31,C121,P018,Dinner Set,Home & Kitchen,3002.64,3,India,9007.92
O01412,2025-12-31,C121,P009,Jacket,Fashion,2917.95,1,India,2917.95
O01413,2025-06-24,C076,P015,Tea 500g,Groceries,240.9,3,USA,722.7
O01413,2025-06-24,C076,P013,Cooking Oil 1L,Groceries,165.43,3,Australia,496.29
O01414,2025-07-20,C065,P004,Bluetooth Speaker,Electronics,3393.06,3,India,10179.18
O01415,2025-04-15,C006,P003,Headphones,Electronics,2713.68,2,India,5427.36
O01416,2025-07-09,C051,P013,Cooking Oil 1L,Groceries,165.14,3,India,495.41999999999996
O01416,2025-07-09,C051,P022,Football,Sports,890.91,2,USA,1781.82
O01416,2025-07-09,C051,P012,Wheat Flour 5kg,Groceries,330.11,3,India,990.33
O01416,2025-07-09,C051,P015,Tea 500g,Groceries,219.29,1,Canada,219.29
O01416,2025-07-09,C051,P016,Mixer Grinder,Home & Kitchen,3326.65,2,Canada,6653.3
O01417,2025-11-29,C044,P017,Pressure Cooker,Home & Kitchen,2223.26,2,Canada,4446.52
O01417,2025-11-29,C044,P008,Sneakers,Fashion,2686.02,3,Australia,8058.0599999999995
O01417,2025-11-29,C044,P006,T-Shirt,Fashion,689.24,3,Australia,2067.7200000000003
O01417,2025-11-29,C044,P018,Dinner Set,Home & Kitchen,2983.72,3,Canada,8951.16
O01417,2025-11-29,C044,P009,Jacket,Fashion,3062.53,2,USA,6125.06
O01418,2025-01-26,C060,P009,Jacket,Fashion,3242.7,3,Australia,9728.099999999999
O01418,2025-01-26,C060,P023,Yoga Mat,Sports,752.75,2,Australia,1505.5
O01419,2025-09-25,C037,P020,Water Bottle,Home & Kitchen,247.36,2,Canada,494.72
O01419,2025-09-25,C037,P018,Dinner Set,Home & Kitchen,2993.03,2,UK,5986.06
O01420,2025-04-15,C113,P008,Sneakers,Fashion,2624.98,3,Australia,7874.9400000000005
O01420,2025-04-15,C113,P005,Smartwatch,Electronics,7642.15,2,Australia,15284.3
O01420,2025-04-15,C113,P023,Yoga Mat,Sports,733.2,2,Canada,1466.4
O01421,2025-01-31,C167,P020,Water Bottle,Home & Kitchen,242.66,3,USA,727.98
O01421,2025-01-31,C167,P004,Bluetooth Speaker,Electronics,3599.14,3,USA,10797.42
O01422,2025-07-23,C146,P015,Tea 500g,Groceries,232.17,3,India,696.51
O01422,2025-07-23,C146,P023,Yoga Mat,Sports,713.02,1,UK,713.02
O01422,2025-07-23,C146,P022,Football,Sports,982.87,2,India,1965.74
O01422,2025-07-23,C146,P011,Rice 5kg,Groceries,379.31,2,India,758.62
O01423,2025-05-25,C169,P017,Pressure Cooker,Home & Kitchen,2390.89,3,USA,7172.67
O01423,2025-05-25,C169,P023,Yoga Mat,Sports,684.47,3,USA,2053.41
O01423,2025-05-25,C169,P011,Rice 5kg,Groceries,359.73,1,USA,359.73
O01424,2025-12-25,C057,P003,Headphones,Electronics,2718.75,2,Australia,5437.5
O01424,2025-12-25,C057,P009,Jacket,Fashion,3038.47,1,UK,3038.47
O01424,2025-12-25,C057,P020,Water Bottle,Home & Kitchen,252.22,2,Australia,504.44
O01424,2025-12-25,C057,P010,Formal Shirt,Fashion,1148.11,2,Australia,2296.22
O01424,2025-12-25,C057,P011,Rice 5kg,Groceries,345.91,3,India,1037.73
O01425,2025-06-23,C040,P016,Mixer Grinder,Home & Kitchen,3131.52,3,Australia,9394.56
O01425,2025-06-23,C040,P012,Wheat Flour 5kg,Groceries,311.16,3,USA,933.48
O01425,2025-06-23,C040,P022,Football,Sports,920.17,1,India,920.17
O01425,2025-06-23,C040,P006,T-Shirt,Fashion,745.4,3,USA,2236.2
O01426,2025-08-28,C198,P006,T-Shirt,Fashion,760.22,2,Australia,1520.44
O01426,2025-08-28,C198,P014,Sugar 1kg,Groceries,57.48,2,UK,114.96
O01427,2025-12-05,C029,P005,Smartwatch,Electronics,6956.63,1,Australia,6956.63
O01427,2025-12-05,C029,P013,Cooking Oil 1L,Groceries,152.54,1,Australia,152.54
O01428,2025-07-02,C176,P016,Mixer Grinder,Home & Kitchen,3502.66,3,Australia,10507.98
O01428,2025-07-02,C176,P017,Pressure Cooker,Home & Kitchen,2260.85,3,Australia,6782.549999999999
O01429,2025-01-04,C154,P018,Dinner Set,Home & Kitchen,2943.92,2,Australia,5887.84
O01429,2025-01-04,C154,P014,Sugar 1kg,Groceries,55.91,2,UK,111.82
O01429,2025-01-04,C154,P024,Dumbbells 5kg,Sports,1272.8,2,UK,2545.6
O01429,2025-01-04,C154,P015,Tea 500g,Groceries,240.81,3,Canada,722.4300000000001
O01430,2025-04-04,C031,P002,Laptop,Electronics,52261.49,2,India,104522.98
O01430,2025-04-04,C031,P022,Football,Sports,975.67,3,Australia,2927.0099999999998
O01430,2025-04-04,C031,P014,Sugar 1kg,Groceries,58.39,3,Australia,175.17000000000002
O01430,2025-04-04,C031,P011,Rice 5kg,Groceries,364.01,3,UK,1092.03
O01431,2025-12-13,C141,P022,Football,Sports,926.62,2,UK,1853.24
O01431,2025-12-13,C141,P007,Jeans,Fashion,1469.85,1,UK,1469.85
O01431,2025-12-13,C141,P017,Pressure Cooker,Home & Kitchen,2347.84,1,UK,2347.84
O01432,2025-10-29,C130,P016,Mixer Grinder,Home & Kitchen,3238.87,3,Canada,9716.61
O01433,2025-01-26,C200,P001,Smartphone,Electronics,17198.0,1,USA,17198.0
O01433,2025-01-26,C200,P024,Dumbbells 5kg,Sports,1145.19,1,Canada,1145.19
O01434,2025-01-19,C128,P017,Pressure Cooker,Home & Kitchen,2364.53,1,India,2364.53
O01434,2025-01-19,C128,P003,Headphones,Electronics,2712.16,2,Canada,5424.32
O01434,2025-01-19,C128,P022,Football,Sports,911.2,1,USA,911.2
O01434,2025-01-19,C128,P020,Water Bottle,Home & Kitchen,246.23,3,USA,738.6899999999999
O01435,2025-03-16,C157,P004,Bluetooth Speaker,Electronics,3462.94,3,Canada,10388.82
O01436,2025-08-05,C200,P018,Dinner Set,Home & Kitchen,3062.57,3,UK,9187.710000000001
O01436,2025-08-05,C200,P017,Pressure Cooker,Home & Kitchen,2109.13,3,USA,6327.39
O01437,2025-12-27,C082,P009,Jacket,Fashion,2891.33,3,Canada,8673.99
O01437,2025-12-27,C082,P006,T-Shirt,Fashion,695.67,1,Australia,695.67
O01438,2025-11-16,C071,P016,Mixer Grinder,Home & Kitchen,3211.99,2,India,6423.98
O01438,2025-11-16,C071,P017,Pressure Cooker,Home & Kitchen,2187.39,2,USA,4374.78
O01438,2025-11-16,C071,P018,Dinner Set,Home & Kitchen,2860.27,3,USA,8580.81
O01438,2025-11-16,C071,P015,Tea 500g,Groceries,227.79,1,Australia,227.79
O01438,2025-11-16,C071,P003,Headphones,Electronics,2463.32,2,Canada,4926.64
O01439,2025-05-01,C110,P001,Smartphone,Electronics,17413.83,2,Canada,34827.66
O01440,2025-09-13,C070,P013,Cooking Oil 1L,Groceries,160.56,3,UK,481.68
O01440,2025-09-13,C070,P010,Formal Shirt,Fashion,1208.36,1,India,1208.36
O01440,2025-09-13,C070,P018,Dinner Set,Home & Kitchen,2719.79,1,UK,2719.79
O01440,2025-09-13,C070,P020,Water Bottle,Home & Kitchen,274.41,2,Canada,548.82
O01440,2025-09-13,C070,P009,Jacket,Fashion,3281.75,3,Australia,9845.25
O01441,2025-06-14,C192,P015,Tea 500g,Groceries,230.87,3,India,692.61
O01441,2025-06-14,C192,P013,Cooking Oil 1L,Groceries,160.74,1,Canada,160.74
O01441,2025-06-14,C192,P007,Jeans,Fashion,1606.73,3,India,4820.1900000000005
O01442,2025-02-09,C133,P008,Sneakers,Fashion,2451.08,1,Australia,2451.08
O01443,2025-03-30,C111,P016,Mixer Grinder,Home & Kitchen,3385.99,3,Canada,10157.97
O01443,2025-03-30,C111,P007,Jeans,Fashion,1623.72,3,UK,4871.16
O01443,2025-03-30,C111,P002,Laptop,Electronics,59786.86,3,Australia,179360.58000000002
O01443,2025-03-30,C111,P011,Rice 5kg,Groceries,358.74,2,UK,717.48
O01443,2025-03-30,C111,P018,Dinner Set,Home & Kitchen,2876.53,3,India,8629.59
O01444,2025-02-24,C183,P021,Cricket Bat,Sports,1612.29,3,USA,4836.87
O01444,2025-02-24,C183,P011,Rice 5kg,Groceries,360.82,3,USA,1082.46
O01444,2025-02-24,C183,P020,Water Bottle,Home & Kitchen,269.67,3,UK,809.01
O01444,2025-02-24,C183,P007,Jeans,Fashion,1506.77,3,Australia,4520.3099999999995
O01444,2025-02-24,C183,P002,Laptop,Electronics,56361.44,2,UK,112722.88
O01445,2025-05-21,C043,P025,Badminton Racket,Sports,861.65,1,USA,861.65
O01446,2025-01-11,C200,P020,Water Bottle,Home & Kitchen,253.28,1,Australia,253.28
O01446,2025-01-11,C200,P016,Mixer Grinder,Home & Kitchen,3076.01,3,Canada,9228.03
O01446,2025-01-11,C200,P008,Sneakers,Fashion,2567.0,2,Australia,5134.0
O01446,2025-01-11,C200,P004,Bluetooth Speaker,Electronics,3363.15,2,USA,6726.3
O01446,2025-01-11,C200,P022,Football,Sports,911.89,1,USA,911.89
O01447,2025-05-08,C045,P001,Smartphone,Electronics,19077.92,3,Australia,57233.759999999995
O01448,2025-09-23,C035,P018,Dinner Set,Home & Kitchen,2686.38,3,Australia,8059.14
O01448,2025-09-23,C035,P021,Cricket Bat,Sports,1441.29,2,Canada,2882.58
O01448,2025-09-23,C035,P003,Headphones,Electronics,2493.01,3,UK,7479.030000000001
O01449,2025-01-24,C097,P017,Pressure Cooker,Home & Kitchen,2406.34,3,UK,7219.02
O01449,2025-01-24,C097,P003,Headphones,Electronics,2506.56,2,USA,5013.12
O01450,2025-02-12,C194,P007,Jeans,Fashion,1552.42,2,USA,3104.84
O01450,2025-02-12,C194,P019,Bedsheet,Home & Kitchen,989.61,1,India,989.61
O01451,2025-05-13,C154,P015,Tea 500g,Groceries,223.91,2,UK,447.82
O01451,2025-05-13,C154,P013,Cooking Oil 1L,Groceries,160.48,2,India,320.96
O01451,2025-05-13,C154,P019,Bedsheet,Home & Kitchen,881.78,1,Australia,881.78
O01451,2025-05-13,C154,P007,Jeans,Fashion,1541.3,1,India,1541.3
O01451,2025-05-13,C154,P014,Sugar 1kg,Groceries,53.85,3,USA,161.55
O01452,2025-09-18,C080,P016,Mixer Grinder,Home & Kitchen,3269.58,1,India,3269.58
O01452,2025-09-18,C080,P021,Cricket Bat,Sports,1562.58,1,UK,1562.58
O01453,2025-10-14,C153,P021,Cricket Bat,Sports,1503.76,2,Australia,3007.52
O01453,2025-10-14,C153,P013,Cooking Oil 1L,Groceries,170.08,2,India,340.16
O01454,2025-06-09,C193,P008,Sneakers,Fashion,2724.71,3,India,8174.13
O01455,2025-10-22,C092,P021,Cricket Bat,Sports,1635.36,2,India,3270.72
O01455,2025-10-22,C092,P017,Pressure Cooker,Home & Kitchen,2137.42,3,India,6412.26
O01455,2025-10-22,C092,P009,Jacket,Fashion,3074.03,1,UK,3074.03
O01455,2025-10-22,C092,P006,T-Shirt,Fashion,765.36,3,UK,2296.08
O01456,2025-08-23,C194,P019,Bedsheet,Home & Kitchen,987.93,1,UK,987.93
O01456,2025-08-23,C194,P006,T-Shirt,Fashion,694.21,3,UK,2082.63
O01457,2025-04-22,C116,P003,Headphones,Electronics,2651.5,2,India,5303.0
O01458,2025-12-01,C048,P002,Laptop,Electronics,58433.99,1,India,58433.99
O01459,2025-07-21,C052,P018,Dinner Set,Home & Kitchen,2996.59,3,Australia,8989.77
O01459,2025-07-21,C052,P010,Formal Shirt,Fashion,1262.95,1,Canada,1262.95
O01460,2025-12-11,C059,P010,Formal Shirt,Fashion,1284.99,2,UK,2569.98
O01460,2025-12-11,C059,P003,Headphones,Electronics,2583.04,3,UK,7749.12
O01460,2025-12-11,C059,P001,Smartphone,Electronics,17474.3,3,India,52422.899999999994
O01461,2025-08-25,C177,P008,Sneakers,Fashion,2543.64,2,UK,5087.28
O01461,2025-08-25,C177,P011,Rice 5kg,Groceries,359.43,1,India,359.43
O01461,2025-08-25,C177,P001,Smartphone,Electronics,18802.41,3,India,56407.229999999996
O01462,2025-05-04,C104,P021,Cricket Bat,Sports,1437.71,1,Canada,1437.71
O01463,2025-03-02,C097,P024,Dumbbells 5kg,Sports,1306.79,2,Canada,2613.58
O01463,2025-03-02,C097,P025,Badminton Racket,Sports,873.39,3,Australia,2620.17
O01463,2025-03-02,C097,P007,Jeans,Fashion,1449.4,2,USA,2898.8
O01463,2025-03-02,C097,P013,Cooking Oil 1L,Groceries,164.91,1,India,164.91
O01463,2025-03-02,C097,P021,Cricket Bat,Sports,1492.67,3,Australia,4478.01
O01464,2025-11-06,C161,P013,Cooking Oil 1L,Groceries,156.21,2,Australia,312.42
O01464,2025-11-06,C161,P025,Badminton Racket,Sports,875.8,3,Australia,2627.3999999999996
O01464,2025-11-06,C161,P016,Mixer Grinder,Home & Kitchen,3058.44,3,Canada,9175.32
O01464,2025-11-06,C161,P022,Football,Sports,929.89,1,Canada,929.89
O01464,2025-11-06,C161,P004,Bluetooth Speaker,Electronics,3590.54,1,USA,3590.54
O01465,2025-10-29,C084,P025,Badminton Racket,Sports,761.33,2,UK,1522.66
O01465,2025-10-29,C084,P015,Tea 500g,Groceries,221.45,3,USA,664.3499999999999
O01465,2025-10-29,C084,P010,Formal Shirt,Fashion,1152.96,1,UK,1152.96
O01465,2025-10-29,C084,P024,Dumbbells 5kg,Sports,1289.33,1,USA,1289.33
O01465,2025-10-29,C084,P002,Laptop,Electronics,59019.14,1,USA,59019.14
O01466,2025-05-27,C099,P011,Rice 5kg,Groceries,381.59,1,India,381.59
O01466,2025-05-27,C099,P016,Mixer Grinder,Home & Kitchen,3448.67,2,UK,6897.34
O01466,2025-05-27,C099,P005,Smartwatch,Electronics,7204.34,1,Australia,7204.34
O01466,2025-05-27,C099,P015,Tea 500g,Groceries,210.69,2,UK,421.38
O01467,2025-09-17,C140,P016,Mixer Grinder,Home & Kitchen,3259.85,3,Australia,9779.55
O01467,2025-09-17,C140,P013,Cooking Oil 1L,Groceries,170.96,2,UK,341.92
O01467,2025-09-17,C140,P003,Headphones,Electronics,2746.43,2,Australia,5492.86
O01467,2025-09-17,C140,P012,Wheat Flour 5kg,Groceries,306.52,2,UK,613.04
O01468,2025-01-04,C195,P013,Cooking Oil 1L,Groceries,153.95,1,Canada,153.95
O01469,2025-05-01,C188,P004,Bluetooth Speaker,Electronics,3814.62,1,Australia,3814.62
O01469,2025-05-01,C188,P012,Wheat Flour 5kg,Groceries,322.7,1,Canada,322.7
O01469,2025-05-01,C188,P014,Sugar 1kg,Groceries,57.03,1,Canada,57.03
O01469,2025-05-01,C188,P007,Jeans,Fashion,1427.59,3,Canada,4282.7699999999995
O01469,2025-05-01,C188,P015,Tea 500g,Groceries,240.74,2,Canada,481.48
O01470,2025-07-05,C101,P001,Smartphone,Electronics,18156.72,1,Australia,18156.72
O01470,2025-07-05,C101,P009,Jacket,Fashion,3299.37,2,Australia,6598.74
O01470,2025-07-05,C101,P005,Smartwatch,Electronics,7513.65,1,Canada,7513.65
O01470,2025-07-05,C101,P003,Headphones,Electronics,2482.18,2,Canada,4964.36
O01471,2025-04-28,C092,P001,Smartphone,Electronics,18238.58,1,UK,18238.58
O01471,2025-04-28,C092,P009,Jacket,Fashion,3166.46,1,India,3166.46
O01471,2025-04-28,C092,P013,Cooking Oil 1L,Groceries,152.35,2,Australia,304.7
O01471,2025-04-28,C092,P011,Rice 5kg,Groceries,358.19,2,India,716.38
O01471,2025-04-28,C092,P016,Mixer Grinder,Home & Kitchen,3343.6,3,Australia,10030.8
O01472,2025-01-25,C133,P003,Headphones,Electronics,2721.51,2,UK,5443.02
O01472,2025-01-25,C133,P002,Laptop,Electronics,55289.02,1,USA,55289.02
O01473,2025-01-21,C091,P004,Bluetooth Speaker,Electronics,3824.56,3,Australia,11473.68
O01473,2025-01-21,C091,P023,Yoga Mat,Sports,726.85,3,Australia,2180.55
O01473,2025-01-21,C091,P014,Sugar 1kg,Groceries,57.05,1,Canada,57.05
O01473,2025-01-21,C091,P013,Cooking Oil 1L,Groceries,153.48,3,USA,460.43999999999994
O01474,2025-06-16,C093,P008,Sneakers,Fashion,2462.72,3,UK,7388.16
O01474,2025-06-16,C093,P015,Tea 500g,Groceries,241.51,2,Canada,483.02
O01474,2025-06-16,C093,P017,Pressure Cooker,Home & Kitchen,2397.14,3,Canada,7191.42
O01474,2025-06-16,C093,P009,Jacket,Fashion,3234.79,1,Canada,3234.79
O01475,2025-11-10,C034,P018,Dinner Set,Home & Kitchen,2727.83,1,India,2727.83
O01475,2025-11-10,C034,P017,Pressure Cooker,Home & Kitchen,2106.05,2,UK,4212.1
O01475,2025-11-10,C034,P005,Smartwatch,Electronics,7454.23,2,USA,14908.46
O01475,2025-11-10,C034,P022,Football,Sports,972.65,3,UK,2917.95
O01476,2025-04-13,C188,P005,Smartwatch,Electronics,6790.78,1,India,6790.78
O01476,2025-04-13,C188,P003,Headphones,Electronics,2701.66,2,Canada,5403.32
O01476,2025-04-13,C188,P013,Cooking Oil 1L,Groceries,152.39,1,Canada,152.39
O01476,2025-04-13,C188,P020,Water Bottle,Home & Kitchen,239.67,3,Canada,719.01
O01477,2025-08-09,C002,P017,Pressure Cooker,Home & Kitchen,2232.76,2,Australia,4465.52
O01478,2025-10-29,C045,P002,Laptop,Electronics,55361.57,2,India,110723.14
O01478,2025-10-29,C045,P022,Football,Sports,987.77,1,USA,987.77
O01478,2025-10-29,C045,P014,Sugar 1kg,Groceries,52.62,2,Canada,105.24
O01479,2025-05-20,C129,P002,Laptop,Electronics,52325.48,3,USA,156976.44
O01479,2025-05-20,C129,P018,Dinner Set,Home & Kitchen,2763.45,1,UK,2763.45
O01479,2025-05-20,C129,P001,Smartphone,Electronics,17597.52,2,Australia,35195.04
O01480,2025-03-06,C103,P002,Laptop,Electronics,56309.14,1,Australia,56309.14
O01480,2025-03-06,C103,P008,Sneakers,Fashion,2642.39,2,India,5284.78
O01481,2025-12-29,C190,P020,Water Bottle,Home & Kitchen,272.03,2,USA,544.06
O01481,2025-12-29,C190,P002,Laptop,Electronics,53105.97,1,Australia,53105.97
O01481,2025-12-29,C190,P008,Sneakers,Fashion,2733.68,2,UK,5467.36
O01481,2025-12-29,C190,P005,Smartwatch,Electronics,7284.53,3,Australia,21853.59
O01481,2025-12-29,C190,P016,Mixer Grinder,Home & Kitchen,3351.81,1,USA,3351.81
O01482,2025-02-23,C105,P005,Smartwatch,Electronics,6911.5,1,Canada,6911.5
O01482,2025-02-23,C105,P011,Rice 5kg,Groceries,334.45,1,UK,334.45
O01482,2025-02-23,C105,P016,Mixer Grinder,Home & Kitchen,3213.69,1,Australia,3213.69
O01482,2025-02-23,C105,P008,Sneakers,Fashion,2600.14,1,Canada,2600.14
O01483,2025-12-24,C086,P003,Headphones,Electronics,2520.93,2,Canada,5041.86
O01483,2025-12-24,C086,P014,Sugar 1kg,Groceries,55.01,2,Australia,110.02
O01483,2025-12-24,C086,P010,Formal Shirt,Fashion,1306.8,2,India,2613.6
O01483,2025-12-24,C086,P006,T-Shirt,Fashion,762.54,2,USA,1525.08
O01483,2025-12-24,C086,P020,Water Bottle,Home & Kitchen,237.51,3,Canada,712.53
O01484,2025-06-09,C113,P005,Smartwatch,Electronics,7534.35,3,UK,22603.050000000003
O01484,2025-06-09,C113,P002,Laptop,Electronics,59844.36,2,India,119688.72
O01484,2025-06-09,C113,P011,Rice 5kg,Groceries,356.56,3,India,1069.68
O01485,2025-09-24,C186,P017,Pressure Cooker,Home & Kitchen,2369.88,1,India,2369.88
O01485,2025-09-24,C186,P002,Laptop,Electronics,60233.65,1,USA,60233.65
O01486,2025-07-02,C144,P021,Cricket Bat,Sports,1425.98,2,USA,2851.96
O01486,2025-07-02,C144,P009,Jacket,Fashion,2942.38,3,UK,8827.14
O01486,2025-07-02,C144,P022,Football,Sports,892.01,3,Canada,2676.0299999999997
O01486,2025-07-02,C144,P006,T-Shirt,Fashion,734.59,3,Canada,2203.77
O01487,2025-01-17,C041,P019,Bedsheet,Home & Kitchen,960.87,3,UK,2882.61
O01488,2025-01-27,C136,P007,Jeans,Fashion,1553.61,2,USA,3107.22
O01488,2025-01-27,C136,P021,Cricket Bat,Sports,1519.75,2,USA,3039.5
O01489,2025-07-01,C076,P009,Jacket,Fashion,3188.8,1,UK,3188.8
O01489,2025-07-01,C076,P016,Mixer Grinder,Home & Kitchen,3478.81,1,UK,3478.81
O01489,2025-07-01,C076,P002,Laptop,Electronics,54438.01,1,Australia,54438.01
O01489,2025-07-01,C076,P004,Bluetooth Speaker,Electronics,3610.83,3,Canada,10832.49
O01489,2025-07-01,C076,P015,Tea 500g,Groceries,226.55,2,Canada,453.1
O01490,2025-03-24,C116,P021,Cricket Bat,Sports,1632.37,1,USA,1632.37
O01490,2025-03-24,C116,P014,Sugar 1kg,Groceries,53.17,3,USA,159.51
O01490,2025-03-24,C116,P019,Bedsheet,Home & Kitchen,970.04,3,India,2910.12
O01490,2025-03-24,C116,P009,Jacket,Fashion,3292.27,2,UK,6584.54
O01491,2025-03-07,C081,P010,Formal Shirt,Fashion,1218.12,2,Canada,2436.24
O01492,2025-08-24,C144,P016,Mixer Grinder,Home & Kitchen,3406.74,1,UK,3406.74
O01492,2025-08-24,C144,P018,Dinner Set,Home & Kitchen,2949.16,3,Australia,8847.48
O01492,2025-08-24,C144,P010,Formal Shirt,Fashion,1210.77,2,Australia,2421.54
O01492,2025-08-24,C144,P021,Cricket Bat,Sports,1558.19,3,Australia,4674.57
O01492,2025-08-24,C144,P004,Bluetooth Speaker,Electronics,3426.67,2,India,6853.34
O01493,2025-09-15,C142,P010,Formal Shirt,Fashion,1280.57,3,USA,3841.71
O01493,2025-09-15,C142,P023,Yoga Mat,Sports,697.11,1,Australia,697.11
O01494,2025-12-17,C030,P016,Mixer Grinder,Home & Kitchen,3359.5,3,USA,10078.5
O01495,2025-06-09,C085,P014,Sugar 1kg,Groceries,57.15,3,USA,171.45
O01495,2025-06-09,C085,P013,Cooking Oil 1L,Groceries,170.62,2,UK,341.24
O01495,2025-06-09,C085,P011,Rice 5kg,Groceries,363.05,3,UK,1089.15
O01495,2025-06-09,C085,P006,T-Shirt,Fashion,752.42,1,Australia,752.42
O01496,2025-08-18,C106,P025,Badminton Racket,Sports,847.04,2,USA,1694.08
O01497,2025-04-30,C133,P007,Jeans,Fashion,1471.64,2,India,2943.28
O01497,2025-04-30,C133,P006,T-Shirt,Fashion,747.8,2,USA,1495.6
O01497,2025-04-30,C133,P011,Rice 5kg,Groceries,335.22,1,India,335.22
O01498,2025-12-20,C060,P003,Headphones,Electronics,2737.56,3,UK,8212.68
O01498,2025-12-20,C060,P017,Pressure Cooker,Home & Kitchen,2210.17,1,UK,2210.17
O01498,2025-12-20,C060,P005,Smartwatch,Electronics,7560.5,1,UK,7560.5
O01499,2025-03-17,C002,P011,Rice 5kg,Groceries,360.36,3,USA,1081.08
O01500,2025-01-22,C052,P003,Headphones,Electronics,2618.45,3,India,7855.349999999999
O01500,2025-01-22,C052,P004,Bluetooth Speaker,Electronics,3708.15,1,India,3708.15
O01501,2025-07-26,C106,P015,Tea 500g,Groceries,214.24,3,UK,642.72
O01501,2025-07-26,C106,P022,Football,Sports,955.36,2,USA,1910.72
O01501,2025-07-26,C106,P014,Sugar 1kg,Groceries,56.07,1,UK,56.07
O01501,2025-07-26,C106,P008,Sneakers,Fashion,2717.33,1,USA,2717.33
O01501,2025-07-26,C106,P024,Dumbbells 5kg,Sports,1220.64,2,India,2441.28
O01502,2025-09-15,C163,P008,Sneakers,Fashion,2623.92,2,USA,5247.84
O01502,2025-09-15,C163,P022,Football,Sports,892.08,2,Canada,1784.16
O01502,2025-09-15,C163,P012,Wheat Flour 5kg,Groceries,309.22,1,UK,309.22
O01503,2025-07-31,C185,P009,Jacket,Fashion,2931.19,2,India,5862.38
O01503,2025-07-31,C185,P010,Formal Shirt,Fashion,1167.06,1,Australia,1167.06
O01503,2025-07-31,C185,P021,Cricket Bat,Sports,1649.74,3,India,4949.22
O01503,2025-07-31,C185,P002,Laptop,Electronics,54077.8,2,India,108155.6
O01503,2025-07-31,C185,P005,Smartwatch,Electronics,6947.56,2,Canada,13895.12
O01504,2025-05-21,C076,P005,Smartwatch,Electronics,7377.51,2,India,14755.02
O01504,2025-05-21,C076,P007,Jeans,Fashion,1552.77,1,UK,1552.77
O01504,2025-05-21,C076,P019,Bedsheet,Home & Kitchen,943.06,1,India,943.06
O01504,2025-05-21,C076,P012,Wheat Flour 5kg,Groceries,322.37,3,UK,967.11
O01505,2025-10-05,C178,P008,Sneakers,Fashion,2638.68,3,Australia,7916.039999999999
O01505,2025-10-05,C178,P010,Formal Shirt,Fashion,1231.63,3,USA,3694.8900000000003
O01506,2025-12-02,C033,P022,Football,Sports,976.21,3,UK,2928.63
O01506,2025-12-02,C033,P012,Wheat Flour 5kg,Groceries,345.77,2,UK,691.54
O01506,2025-12-02,C033,P019,Bedsheet,Home & Kitchen,899.41,2,Australia,1798.82
O01507,2025-07-30,C033,P016,Mixer Grinder,Home & Kitchen,3153.73,2,Canada,6307.46
O01507,2025-07-30,C033,P012,Wheat Flour 5kg,Groceries,320.07,3,USA,960.21
O01507,2025-07-30,C033,P013,Cooking Oil 1L,Groceries,163.17,1,UK,163.17
O01507,2025-07-30,C033,P015,Tea 500g,Groceries,211.27,1,Australia,211.27
O01507,2025-07-30,C033,P001,Smartphone,Electronics,18591.25,2,USA,37182.5
O01508,2025-08-20,C109,P012,Wheat Flour 5kg,Groceries,329.25,1,India,329.25
O01508,2025-08-20,C109,P004,Bluetooth Speaker,Electronics,3574.04,2,Canada,7148.08
O01508,2025-08-20,C109,P019,Bedsheet,Home & Kitchen,958.21,3,India,2874.63
O01508,2025-08-20,C109,P014,Sugar 1kg,Groceries,56.27,1,Australia,56.27
O01509,2025-02-21,C065,P015,Tea 500g,Groceries,234.51,2,USA,469.02
O01509,2025-02-21,C065,P003,Headphones,Electronics,2432.98,2,USA,4865.96
O01509,2025-02-21,C065,P020,Water Bottle,Home & Kitchen,247.29,1,UK,247.29
O01510,2025-12-21,C127,P018,Dinner Set,Home & Kitchen,2877.88,1,Australia,2877.88
O01510,2025-12-21,C127,P019,Bedsheet,Home & Kitchen,872.21,2,USA,1744.42
O01510,2025-12-21,C127,P011,Rice 5kg,Groceries,344.56,1,Canada,344.56
O01511,2025-01-27,C175,P020,Water Bottle,Home & Kitchen,273.87,1,Canada,273.87
O01511,2025-01-27,C175,P008,Sneakers,Fashion,2440.73,3,Canada,7322.1900000000005
O01511,2025-01-27,C175,P021,Cricket Bat,Sports,1640.06,1,USA,1640.06
O01511,2025-01-27,C175,P014,Sugar 1kg,Groceries,59.61,1,USA,59.61
O01512,2025-12-07,C197,P023,Yoga Mat,Sports,761.96,3,Canada,2285.88
O01512,2025-12-07,C197,P019,Bedsheet,Home & Kitchen,943.44,1,Australia,943.44
O01512,2025-12-07,C197,P002,Laptop,Electronics,58538.82,2,UK,117077.64
O01512,2025-12-07,C197,P008,Sneakers,Fashion,2725.73,3,USA,8177.1900000000005
O01512,2025-12-07,C197,P013,Cooking Oil 1L,Groceries,152.66,2,India,305.32
O01513,2025-11-24,C078,P003,Headphones,Electronics,2486.88,1,USA,2486.88
O01513,2025-11-24,C078,P004,Bluetooth Speaker,Electronics,3358.89,3,Australia,10076.67
O01514,2025-10-03,C148,P023,Yoga Mat,Sports,676.77,2,USA,1353.54
O01515,2025-07-12,C131,P011,Rice 5kg,Groceries,336.56,3,Canada,1009.6800000000001
O01515,2025-07-12,C131,P004,Bluetooth Speaker,Electronics,3476.98,1,USA,3476.98
O01515,2025-07-12,C131,P008,Sneakers,Fashion,2426.65,2,Canada,4853.3
O01516,2025-06-03,C161,P001,Smartphone,Electronics,19208.53,3,Australia,57625.59
O01517,2025-08-07,C102,P002,Laptop,Electronics,56744.89,3,Australia,170234.66999999998
O01517,2025-08-07,C102,P016,Mixer Grinder,Home & Kitchen,3278.92,1,USA,3278.92
O01517,2025-08-07,C102,P004,Bluetooth Speaker,Electronics,3549.66,2,Canada,7099.32
O01517,2025-08-07,C102,P009,Jacket,Fashion,3240.22,3,India,9720.66
O01517,2025-08-07,C102,P006,T-Shirt,Fashion,756.06,3,UK,2268.18
O01518,2025-09-30,C018,P024,Dumbbells 5kg,Sports,1255.94,1,USA,1255.94
O01518,2025-09-30,C018,P002,Laptop,Electronics,56655.56,2,India,113311.12
O01519,2025-09-11,C154,P019,Bedsheet,Home & Kitchen,876.68,1,USA,876.68
O01519,2025-09-11,C154,P001,Smartphone,Electronics,17346.86,3,Canada,52040.58
O01519,2025-09-11,C154,P025,Badminton Racket,Sports,841.38,2,UK,1682.76
O01519,2025-09-11,C154,P007,Jeans,Fashion,1622.23,2,Canada,3244.46
O01519,2025-09-11,C154,P013,Cooking Oil 1L,Groceries,162.16,1,USA,162.16
O01520,2025-11-06,C165,P014,Sugar 1kg,Groceries,57.32,3,India,171.96
O01520,2025-11-06,C165,P012,Wheat Flour 5kg,Groceries,339.39,1,Canada,339.39
O01520,2025-11-06,C165,P010,Formal Shirt,Fashion,1232.47,3,Canada,3697.41
O01521,2025-02-07,C101,P007,Jeans,Fashion,1511.87,3,UK,4535.61
O01522,2025-01-19,C180,P020,Water Bottle,Home & Kitchen,245.8,2,Canada,491.6
O01522,2025-01-19,C180,P007,Jeans,Fashion,1525.11,2,UK,3050.22
O01522,2025-01-19,C180,P023,Yoga Mat,Sports,726.13,2,Australia,1452.26
O01522,2025-01-19,C180,P005,Smartwatch,Electronics,7256.02,1,Australia,7256.02
O01523,2025-08-04,C057,P008,Sneakers,Fashion,2516.9,1,India,2516.9
O01523,2025-08-04,C057,P015,Tea 500g,Groceries,219.82,1,USA,219.82
O01523,2025-08-04,C057,P014,Sugar 1kg,Groceries,54.6,3,UK,163.8
O01524,2025-04-27,C107,P008,Sneakers,Fashion,2501.35,3,Australia,7504.049999999999
O01524,2025-04-27,C107,P012,Wheat Flour 5kg,Groceries,343.47,3,Canada,1030.41
O01524,2025-04-27,C107,P019,Bedsheet,Home & Kitchen,946.39,1,Australia,946.39
O01524,2025-04-27,C107,P023,Yoga Mat,Sports,691.69,2,UK,1383.38
O01524,2025-04-27,C107,P014,Sugar 1kg,Groceries,55.57,2,Australia,111.14
O01525,2025-09-04,C120,P004,Bluetooth Speaker,Electronics,3769.27,3,Canada,11307.81
O01525,2025-09-04,C120,P023,Yoga Mat,Sports,699.09,2,USA,1398.18
O01526,2025-02-04,C046,P004,Bluetooth Speaker,Electronics,3687.09,1,USA,3687.09
O01526,2025-02-04,C046,P018,Dinner Set,Home & Kitchen,3033.2,1,India,3033.2
O01527,2025-11-08,C022,P012,Wheat Flour 5kg,Groceries,305.42,1,UK,305.42
O01527,2025-11-08,C022,P024,Dumbbells 5kg,Sports,1299.75,1,India,1299.75
O01527,2025-11-08,C022,P007,Jeans,Fashion,1432.14,2,USA,2864.28
O01527,2025-11-08,C022,P006,T-Shirt,Fashion,698.09,1,Canada,698.09
O01528,2025-07-01,C072,P013,Cooking Oil 1L,Groceries,170.16,2,Canada,340.32
O01529,2025-05-31,C148,P017,Pressure Cooker,Home & Kitchen,2302.39,3,Canada,6907.17
O01529,2025-05-31,C148,P010,Formal Shirt,Fashion,1224.59,3,India,3673.7699999999995
O01529,2025-05-31,C148,P013,Cooking Oil 1L,Groceries,156.56,2,Australia,313.12
O01530,2025-01-19,C079,P012,Wheat Flour 5kg,Groceries,326.99,2,Canada,653.98
O01530,2025-01-19,C079,P016,Mixer Grinder,Home & Kitchen,3319.99,3,UK,9959.97
O01530,2025-01-19,C079,P005,Smartwatch,Electronics,7274.65,2,India,14549.3
O01531,2025-04-01,C048,P017,Pressure Cooker,Home & Kitchen,2168.75,1,USA,2168.75
O01531,2025-04-01,C048,P004,Bluetooth Speaker,Electronics,3348.52,3,Canada,10045.56
O01531,2025-04-01,C048,P003,Headphones,Electronics,2597.93,3,USA,7793.789999999999
O01531,2025-04-01,C048,P024,Dumbbells 5kg,Sports,1213.76,2,UK,2427.52
O01531,2025-04-01,C048,P012,Wheat Flour 5kg,Groceries,330.17,2,Australia,660.34
O01532,2025-08-21,C168,P015,Tea 500g,Groceries,209.58,3,Australia,628.74
O01532,2025-08-21,C168,P003,Headphones,Electronics,2534.36,3,UK,7603.08
O01532,2025-08-21,C168,P002,Laptop,Electronics,52992.66,1,USA,52992.66
O01532,2025-08-21,C168,P018,Dinner Set,Home & Kitchen,2807.24,3,USA,8421.72
O01533,2025-09-07,C108,P011,Rice 5kg,Groceries,349.43,1,Australia,349.43
O01533,2025-09-07,C108,P006,T-Shirt,Fashion,697.25,1,USA,697.25
O01533,2025-09-07,C108,P023,Yoga Mat,Sports,715.09,3,USA,2145.27
O01533,2025-09-07,C108,P012,Wheat Flour 5kg,Groceries,324.2,1,Canada,324.2
O01534,2025-01-30,C172,P009,Jacket,Fashion,3104.15,2,India,6208.3
O01534,2025-01-30,C172,P021,Cricket Bat,Sports,1637.27,2,Canada,3274.54
O01534,2025-01-30,C172,P016,Mixer Grinder,Home & Kitchen,3119.5,3,Australia,9358.5
O01534,2025-01-30,C172,P020,Water Bottle,Home & Kitchen,243.62,2,India,487.24
O01535,2025-11-25,C136,P001,Smartphone,Electronics,18592.75,1,India,18592.75
O01535,2025-11-25,C136,P010,Formal Shirt,Fashion,1306.76,2,India,2613.52
O01536,2025-06-13,C082,P021,Cricket Bat,Sports,1467.76,3,UK,4403.28
O01537,2025-02-16,C070,P016,Mixer Grinder,Home & Kitchen,3049.2,2,India,6098.4
O01537,2025-02-16,C070,P015,Tea 500g,Groceries,241.84,3,Australia,725.52
O01537,2025-02-16,C070,P017,Pressure Cooker,Home & Kitchen,2160.3,2,UK,4320.6
O01537,2025-02-16,C070,P006,T-Shirt,Fashion,689.81,1,UK,689.81
O01537,2025-02-16,C070,P007,Jeans,Fashion,1597.24,2,Canada,3194.48
O01538,2025-11-25,C149,P006,T-Shirt,Fashion,725.89,2,India,1451.78
O01538,2025-11-25,C149,P017,Pressure Cooker,Home & Kitchen,2282.74,2,UK,4565.48
O01539,2025-03-23,C061,P017,Pressure Cooker,Home & Kitchen,2340.13,1,India,2340.13
O01539,2025-03-23,C061,P008,Sneakers,Fashion,2519.83,2,Australia,5039.66
O01539,2025-03-23,C061,P015,Tea 500g,Groceries,220.25,3,Canada,660.75
O01540,2025-11-13,C166,P022,Football,Sports,856.0,1,UK,856.0
O01540,2025-11-13,C166,P001,Smartphone,Electronics,19041.58,2,UK,38083.16
O01540,2025-11-13,C166,P009,Jacket,Fashion,2867.38,2,Canada,5734.76
O01540,2025-11-13,C166,P002,Laptop,Electronics,59713.16,3,USA,179139.48
O01541,2025-03-02,C118,P005,Smartwatch,Electronics,7128.32,2,UK,14256.64
O01541,2025-03-02,C118,P011,Rice 5kg,Groceries,343.72,1,India,343.72
O01541,2025-03-02,C118,P018,Dinner Set,Home & Kitchen,2775.64,1,Australia,2775.64
O01542,2025-10-23,C135,P025,Badminton Racket,Sports,796.07,2,UK,1592.14
O01542,2025-10-23,C135,P004,Bluetooth Speaker,Electronics,3493.74,1,UK,3493.74
O01542,2025-10-23,C135,P006,T-Shirt,Fashion,706.22,1,UK,706.22
O01543,2025-07-30,C087,P017,Pressure Cooker,Home & Kitchen,2384.03,3,India,7152.09
O01543,2025-07-30,C087,P011,Rice 5kg,Groceries,353.61,1,UK,353.61
O01543,2025-07-30,C087,P007,Jeans,Fashion,1576.87,1,USA,1576.87
O01543,2025-07-30,C087,P008,Sneakers,Fashion,2477.09,1,Australia,2477.09
O01543,2025-07-30,C087,P023,Yoga Mat,Sports,753.38,2,India,1506.76
O01544,2025-10-31,C142,P014,Sugar 1kg,Groceries,53.59,2,Canada,107.18
O01544,2025-10-31,C142,P002,Laptop,Electronics,58667.51,2,USA,117335.02
O01545,2025-11-02,C007,P021,Cricket Bat,Sports,1505.7,1,Canada,1505.7
O01545,2025-11-02,C007,P022,Football,Sports,877.47,3,UK,2632.41
O01545,2025-11-02,C007,P001,Smartphone,Electronics,18558.39,2,India,37116.78
O01545,2025-11-02,C007,P011,Rice 5kg,Groceries,367.53,2,Canada,735.06
O01546,2025-05-06,C178,P020,Water Bottle,Home & Kitchen,250.01,2,UK,500.02
O01546,2025-05-06,C178,P006,T-Shirt,Fashion,745.51,3,Australia,2236.5299999999997
O01546,2025-05-06,C178,P025,Badminton Racket,Sports,811.21,2,India,1622.42
O01547,2025-07-18,C178,P025,Badminton Racket,Sports,871.59,1,UK,871.59
O01548,2025-04-19,C155,P022,Football,Sports,934.63,1,UK,934.63
O01548,2025-04-19,C155,P024,Dumbbells 5kg,Sports,1277.08,3,India,3831.24
O01548,2025-04-19,C155,P011,Rice 5kg,Groceries,377.11,2,Australia,754.22
O01548,2025-04-19,C155,P016,Mixer Grinder,Home & Kitchen,3301.05,2,Canada,6602.1
O01548,2025-04-19,C155,P013,Cooking Oil 1L,Groceries,163.93,3,UK,491.79
O01549,2025-11-13,C055,P004,Bluetooth Speaker,Electronics,3351.8,3,Canada,10055.400000000001
O01549,2025-11-13,C055,P013,Cooking Oil 1L,Groceries,175.88,2,India,351.76
O01549,2025-11-13,C055,P017,Pressure Cooker,Home & Kitchen,2123.02,1,USA,2123.02
O01549,2025-11-13,C055,P023,Yoga Mat,Sports,710.67,2,UK,1421.34
O01549,2025-11-13,C055,P015,Tea 500g,Groceries,231.96,2,USA,463.92
O01550,2025-08-29,C158,P019,Bedsheet,Home & Kitchen,903.19,1,Australia,903.19
O01551,2025-04-02,C065,P025,Badminton Racket,Sports,808.94,1,UK,808.94
O01551,2025-04-02,C065,P010,Formal Shirt,Fashion,1214.83,3,UK,3644.49
O01551,2025-04-02,C065,P002,Laptop,Electronics,57135.44,1,USA,57135.44
O01551,2025-04-02,C065,P001,Smartphone,Electronics,18122.96,2,Australia,36245.92
O01552,2025-03-21,C053,P021,Cricket Bat,Sports,1439.87,3,Canada,4319.61
O01553,2025-09-22,C182,P025,Badminton Racket,Sports,806.7,2,Australia,1613.4
O01553,2025-09-22,C182,P024,Dumbbells 5kg,Sports,1157.47,1,UK,1157.47
O01553,2025-09-22,C182,P018,Dinner Set,Home & Kitchen,2767.57,2,Canada,5535.14
O01554,2025-02-01,C066,P023,Yoga Mat,Sports,742.95,3,Australia,2228.8500000000004
O01554,2025-02-01,C066,P025,Badminton Racket,Sports,816.41,3,Canada,2449.23
O01555,2025-01-19,C188,P021,Cricket Bat,Sports,1456.16,3,USA,4368.4800000000005
O01555,2025-01-19,C188,P008,Sneakers,Fashion,2472.6,1,India,2472.6
O01555,2025-01-19,C188,P001,Smartphone,Electronics,17456.83,1,India,17456.83
O01555,2025-01-19,C188,P024,Dumbbells 5kg,Sports,1202.11,3,Australia,3606.33
O01556,2025-01-20,C047,P023,Yoga Mat,Sports,735.22,3,Australia,2205.66
O01557,2025-05-14,C015,P008,Sneakers,Fashion,2712.19,3,India,8136.57
O01558,2025-12-12,C106,P017,Pressure Cooker,Home & Kitchen,2330.2,3,USA,6990.599999999999
O01558,2025-12-12,C106,P020,Water Bottle,Home & Kitchen,256.73,1,USA,256.73
O01559,2025-09-17,C123,P024,Dumbbells 5kg,Sports,1222.73,3,UK,3668.19
O01560,2025-03-15,C087,P003,Headphones,Electronics,2396.52,1,UK,2396.52
O01560,2025-03-15,C087,P013,Cooking Oil 1L,Groceries,166.34,1,India,166.34
O01560,2025-03-15,C087,P018,Dinner Set,Home & Kitchen,2928.45,1,USA,2928.45
O01560,2025-03-15,C087,P025,Badminton Racket,Sports,773.05,1,USA,773.05
O01560,2025-03-15,C087,P023,Yoga Mat,Sports,749.42,2,India,1498.84
O01561,2025-05-16,C060,P021,Cricket Bat,Sports,1573.17,3,Canada,4719.51
O01561,2025-05-16,C060,P006,T-Shirt,Fashion,765.12,1,Australia,765.12
O01561,2025-05-16,C060,P002,Laptop,Electronics,59373.01,3,Australia,178119.03
O01562,2025-10-22,C007,P023,Yoga Mat,Sports,715.14,3,Australia,2145.42
O01562,2025-10-22,C007,P014,Sugar 1kg,Groceries,57.3,1,UK,57.3
O01563,2025-03-02,C125,P006,T-Shirt,Fashion,759.26,3,USA,2277.7799999999997
O01563,2025-03-02,C125,P023,Yoga Mat,Sports,760.04,3,UK,2280.12
O01563,2025-03-02,C125,P009,Jacket,Fashion,2872.99,1,Australia,2872.99
O01563,2025-03-02,C125,P021,Cricket Bat,Sports,1511.11,1,Australia,1511.11
O01564,2025-07-25,C130,P008,Sneakers,Fashion,2660.32,3,USA,7980.960000000001
O01564,2025-07-25,C130,P002,Laptop,Electronics,55926.42,1,Australia,55926.42
O01564,2025-07-25,C130,P021,Cricket Bat,Sports,1627.46,3,USA,4882.38
O01564,2025-07-25,C130,P019,Bedsheet,Home & Kitchen,982.23,3,India,2946.69
O01564,2025-07-25,C130,P022,Football,Sports,888.93,2,Australia,1777.86
O01565,2025-09-12,C177,P006,T-Shirt,Fashion,727.24,3,Australia,2181.7200000000003
O01566,2025-07-08,C069,P012,Wheat Flour 5kg,Groceries,311.5,3,Canada,934.5
O01567,2025-02-08,C050,P017,Pressure Cooker,Home & Kitchen,2336.68,1,USA,2336.68
O01568,2025-04-11,C037,P004,Bluetooth Speaker,Electronics,3781.67,2,Australia,7563.34
O01568,2025-04-11,C037,P007,Jeans,Fashion,1623.89,2,Canada,3247.78
O01568,2025-04-11,C037,P012,Wheat Flour 5kg,Groceries,342.26,1,USA,342.26
O01568,2025-04-11,C037,P023,Yoga Mat,Sports,691.62,1,India,691.62
O01569,2025-03-29,C015,P003,Headphones,Electronics,2718.52,1,USA,2718.52
O01569,2025-03-29,C015,P018,Dinner Set,Home & Kitchen,3032.76,3,India,9098.28
O01569,2025-03-29,C015,P025,Badminton Racket,Sports,827.63,1,Australia,827.63
O01570,2025-12-19,C145,P004,Bluetooth Speaker,Electronics,3446.76,3,India,10340.28
O01570,2025-12-19,C145,P007,Jeans,Fashion,1617.09,3,USA,4851.2699999999995
O01570,2025-12-19,C145,P019,Bedsheet,Home & Kitchen,962.48,3,USA,2887.44
O01570,2025-12-19,C145,P003,Headphones,Electronics,2515.21,2,USA,5030.42
O01571,2025-09-15,C076,P022,Football,Sports,910.37,1,India,910.37
O01572,2025-03-22,C006,P004,Bluetooth Speaker,Electronics,3465.72,1,USA,3465.72
O01572,2025-03-22,C006,P024,Dumbbells 5kg,Sports,1171.58,1,Canada,1171.58
O01572,2025-03-22,C006,P009,Jacket,Fashion,2928.46,1,India,2928.46
O01572,2025-03-22,C006,P006,T-Shirt,Fashion,767.83,2,India,1535.66
O01572,2025-03-22,C006,P001,Smartphone,Electronics,18285.14,3,Australia,54855.42
O01573,2025-12-07,C008,P011,Rice 5kg,Groceries,378.4,2,Canada,756.8
O01573,2025-12-07,C008,P003,Headphones,Electronics,2462.7,1,UK,2462.7
O01574,2025-10-28,C101,P005,Smartwatch,Electronics,7416.31,1,Australia,7416.31
O01574,2025-10-28,C101,P006,T-Shirt,Fashion,674.75,3,Canada,2024.25
O01574,2025-10-28,C101,P019,Bedsheet,Home & Kitchen,963.31,1,Australia,963.31
O01574,2025-10-28,C101,P002,Laptop,Electronics,52447.93,2,Australia,104895.86
O01574,2025-10-28,C101,P001,Smartphone,Electronics,19616.77,1,Canada,19616.77
O01575,2025-04-21,C041,P016,Mixer Grinder,Home & Kitchen,3051.57,2,USA,6103.14
O01575,2025-04-21,C041,P013,Cooking Oil 1L,Groceries,170.68,3,Australia,512.04
O01576,2025-08-30,C145,P020,Water Bottle,Home & Kitchen,260.03,2,USA,520.06
O01576,2025-08-30,C145,P018,Dinner Set,Home & Kitchen,3017.9,2,Australia,6035.8
O01576,2025-08-30,C145,P006,T-Shirt,Fashion,673.26,1,USA,673.26
O01576,2025-08-30,C145,P016,Mixer Grinder,Home & Kitchen,3202.82,1,Canada,3202.82
O01576,2025-08-30,C145,P008,Sneakers,Fashion,2730.34,3,Canada,8191.02
O01577,2025-03-24,C138,P022,Football,Sports,976.13,3,UK,2928.39
O01577,2025-03-24,C138,P011,Rice 5kg,Groceries,368.73,3,Australia,1106.19
O01577,2025-03-24,C138,P023,Yoga Mat,Sports,718.74,3,UK,2156.2200000000003
O01577,2025-03-24,C138,P025,Badminton Racket,Sports,774.34,3,India,2323.02
O01578,2025-04-28,C068,P023,Yoga Mat,Sports,734.79,3,India,2204.37
O01578,2025-04-28,C068,P009,Jacket,Fashion,2867.29,1,UK,2867.29
O01578,2025-04-28,C068,P025,Badminton Racket,Sports,826.12,2,Australia,1652.24
O01579,2025-10-02,C043,P015,Tea 500g,Groceries,210.68,2,India,421.36
O01580,2025-12-10,C008,P011,Rice 5kg,Groceries,349.81,3,USA,1049.43
O01580,2025-12-10,C008,P008,Sneakers,Fashion,2406.9,3,Canada,7220.700000000001
O01580,2025-12-10,C008,P002,Laptop,Electronics,58865.4,2,USA,117730.8
O01581,2025-12-16,C169,P016,Mixer Grinder,Home & Kitchen,3355.12,2,USA,6710.24
O01581,2025-12-16,C169,P025,Badminton Racket,Sports,876.46,3,Australia,2629.38
O01581,2025-12-16,C169,P003,Headphones,Electronics,2655.86,1,USA,2655.86
O01582,2025-05-13,C005,P010,Formal Shirt,Fashion,1166.15,2,USA,2332.3
O01582,2025-05-13,C005,P015,Tea 500g,Groceries,238.11,2,Australia,476.22
O01582,2025-05-13,C005,P002,Laptop,Electronics,59647.9,1,Canada,59647.9
O01582,2025-05-13,C005,P008,Sneakers,Fashion,2470.14,3,Australia,7410.42
O01583,2025-10-10,C193,P021,Cricket Bat,Sports,1571.28,1,UK,1571.28
O01583,2025-10-10,C193,P007,Jeans,Fashion,1471.15,3,India,4413.450000000001
O01583,2025-10-10,C193,P023,Yoga Mat,Sports,757.86,1,Australia,757.86
O01583,2025-10-10,C193,P010,Formal Shirt,Fashion,1230.5,3,India,3691.5
O01583,2025-10-10,C193,P019,Bedsheet,Home & Kitchen,869.98,1,UK,869.98
O01584,2025-07-11,C136,P001,Smartphone,Electronics,18373.01,1,Australia,18373.01
O01584,2025-07-11,C136,P006,T-Shirt,Fashion,750.73,3,Canada,2252.19
O01584,2025-07-11,C136,P014,Sugar 1kg,Groceries,60.21,3,USA,180.63
O01585,2025-12-18,C045,P024,Dumbbells 5kg,Sports,1252.87,3,India,3758.6099999999997
O01585,2025-12-18,C045,P013,Cooking Oil 1L,Groceries,153.43,2,Australia,306.86
O01585,2025-12-18,C045,P012,Wheat Flour 5kg,Groceries,338.08,1,Australia,338.08
O01585,2025-12-18,C045,P015,Tea 500g,Groceries,222.84,2,UK,445.68
O01585,2025-12-18,C045,P005,Smartwatch,Electronics,7179.45,1,USA,7179.45
O01586,2025-04-06,C111,P017,Pressure Cooker,Home & Kitchen,2196.37,3,India,6589.11
O01587,2025-03-15,C019,P013,Cooking Oil 1L,Groceries,166.39,2,UK,332.78
O01587,2025-03-15,C019,P017,Pressure Cooker,Home & Kitchen,2170.09,1,Australia,2170.09
O01587,2025-03-15,C019,P012,Wheat Flour 5kg,Groceries,335.6,3,Canada,1006.8000000000001
O01588,2025-01-28,C037,P017,Pressure Cooker,Home & Kitchen,2332.99,3,Australia,6998.969999999999
O01588,2025-01-28,C037,P016,Mixer Grinder,Home & Kitchen,3517.34,2,Canada,7034.68
O01588,2025-01-28,C037,P013,Cooking Oil 1L,Groceries,175.92,3,India,527.76
O01589,2025-03-04,C007,P016,Mixer Grinder,Home & Kitchen,3104.01,3,USA,9312.03
O01589,2025-03-04,C007,P009,Jacket,Fashion,3299.41,3,USA,9898.23
O01589,2025-03-04,C007,P025,Badminton Racket,Sports,855.69,1,Canada,855.69
O01589,2025-03-04,C007,P010,Formal Shirt,Fashion,1227.14,2,Canada,2454.28
O01590,2025-11-17,C019,P012,Wheat Flour 5kg,Groceries,331.02,3,Australia,993.06
O01590,2025-11-17,C019,P019,Bedsheet,Home & Kitchen,907.07,2,UK,1814.14
O01591,2025-04-09,C109,P022,Football,Sports,956.59,1,India,956.59
O01591,2025-04-09,C109,P014,Sugar 1kg,Groceries,56.28,3,USA,168.84
O01591,2025-04-09,C109,P024,Dumbbells 5kg,Sports,1161.66,2,Canada,2323.32
O01591,2025-04-09,C109,P025,Badminton Racket,Sports,784.05,1,India,784.05
O01591,2025-04-09,C109,P002,Laptop,Electronics,55686.11,1,Australia,55686.11
O01592,2025-11-11,C078,P005,Smartwatch,Electronics,7563.22,2,Canada,15126.44
O01593,2025-01-12,C184,P003,Headphones,Electronics,2560.34,2,India,5120.68
O01593,2025-01-12,C184,P024,Dumbbells 5kg,Sports,1175.26,1,USA,1175.26
O01593,2025-01-12,C184,P021,Cricket Bat,Sports,1438.28,1,Australia,1438.28
O01593,2025-01-12,C184,P005,Smartwatch,Electronics,7219.35,3,Australia,21658.050000000003
O01593,2025-01-12,C184,P018,Dinner Set,Home & Kitchen,2683.0,2,UK,5366.0
O01594,2025-11-30,C039,P005,Smartwatch,Electronics,6769.35,1,USA,6769.35
O01594,2025-11-30,C039,P002,Laptop,Electronics,57638.25,3,UK,172914.75
O01594,2025-11-30,C039,P004,Bluetooth Speaker,Electronics,3392.7,1,USA,3392.7
O01595,2025-10-02,C161,P025,Badminton Racket,Sports,854.36,1,Australia,854.36
O01595,2025-10-02,C161,P019,Bedsheet,Home & Kitchen,935.51,2,India,1871.02
O01595,2025-10-02,C161,P002,Laptop,Electronics,54726.22,1,UK,54726.22
O01595,2025-10-02,C161,P007,Jeans,Fashion,1568.24,3,India,4704.72
O01595,2025-10-02,C161,P015,Tea 500g,Groceries,229.86,2,Australia,459.72
O01596,2025-07-14,C113,P022,Football,Sports,963.64,2,Australia,1927.28
O01596,2025-07-14,C113,P016,Mixer Grinder,Home & Kitchen,3313.05,1,India,3313.05
O01596,2025-07-14,C113,P009,Jacket,Fashion,2998.9,3,UK,8996.7
O01596,2025-07-14,C113,P023,Yoga Mat,Sports,722.09,2,India,1444.18
O01597,2025-10-04,C001,P003,Headphones,Electronics,2618.29,3,Canada,7854.87
O01597,2025-10-04,C001,P021,Cricket Bat,Sports,1625.78,1,USA,1625.78
O01597,2025-10-04,C001,P022,Football,Sports,896.56,3,USA,2689.68
O01597,2025-10-04,C001,P013,Cooking Oil 1L,Groceries,166.52,2,Australia,333.04
O01598,2025-04-08,C131,P001,Smartphone,Electronics,17961.11,3,Australia,53883.33
O01599,2025-09-06,C113,P016,Mixer Grinder,Home & Kitchen,3258.36,3,UK,9775.08
O01600,2025-11-11,C127,P020,Water Bottle,Home & Kitchen,261.21,2,Canada,522.42
O01600,2025-11-11,C127,P018,Dinner Set,Home & Kitchen,2911.34,1,Canada,2911.34
O01600,2025-11-11,C127,P021,Cricket Bat,Sports,1603.17,3,Canada,4809.51
O01600,2025-11-11,C127,P007,Jeans,Fashion,1531.3,2,USA,3062.6
O01600,2025-11-11,C127,P003,Headphones,Electronics,2480.85,1,India,2480.85
O01601,2025-09-23,C068,P014,Sugar 1kg,Groceries,59.8,2,Australia,119.6
O01601,2025-09-23,C068,P011,Rice 5kg,Groceries,383.81,1,USA,383.81
O01601,2025-09-23,C068,P024,Dumbbells 5kg,Sports,1313.62,3,Canada,3940.8599999999997
O01601,2025-09-23,C068,P015,Tea 500g,Groceries,214.28,1,USA,214.28
O01601,2025-09-23,C068,P021,Cricket Bat,Sports,1446.66,2,India,2893.32
O01602,2025-05-28,C133,P020,Water Bottle,Home & Kitchen,258.92,2,Australia,517.84
O01603,2025-11-16,C104,P009,Jacket,Fashion,3092.44,2,Australia,6184.88
O01603,2025-11-16,C104,P004,Bluetooth Speaker,Electronics,3404.08,3,USA,10212.24
O01603,2025-11-16,C104,P020,Water Bottle,Home & Kitchen,247.33,2,USA,494.66
O01603,2025-11-16,C104,P011,Rice 5kg,Groceries,347.69,2,Australia,695.38
O01603,2025-11-16,C104,P002,Laptop,Electronics,60457.17,1,UK,60457.17
O01604,2025-08-05,C159,P018,Dinner Set,Home & Kitchen,2872.62,3,Australia,8617.86
O01604,2025-08-05,C159,P004,Bluetooth Speaker,Electronics,3541.17,2,Australia,7082.34
O01604,2025-08-05,C159,P012,Wheat Flour 5kg,Groceries,346.42,2,USA,692.84
O01604,2025-08-05,C159,P009,Jacket,Fashion,2856.86,1,Canada,2856.86
O01605,2025-05-30,C154,P002,Laptop,Electronics,54529.23,1,USA,54529.23
O01605,2025-05-30,C154,P009,Jacket,Fashion,3223.07,3,USA,9669.210000000001
O01606,2025-10-08,C169,P015,Tea 500g,Groceries,213.03,1,Australia,213.03
O01606,2025-10-08,C169,P008,Sneakers,Fashion,2508.91,1,Canada,2508.91
O01606,2025-10-08,C169,P011,Rice 5kg,Groceries,383.5,1,UK,383.5
O01606,2025-10-08,C169,P003,Headphones,Electronics,2726.92,2,UK,5453.84
O01607,2025-10-10,C181,P006,T-Shirt,Fashion,735.53,1,Australia,735.53
O01607,2025-10-10,C181,P021,Cricket Bat,Sports,1477.99,1,Canada,1477.99
O01607,2025-10-10,C181,P012,Wheat Flour 5kg,Groceries,317.09,1,India,317.09
O01608,2025-06-08,C019,P004,Bluetooth Speaker,Electronics,3706.27,2,UK,7412.54
O01608,2025-06-08,C019,P020,Water Bottle,Home & Kitchen,256.94,3,USA,770.8199999999999
O01608,2025-06-08,C019,P007,Jeans,Fashion,1497.88,2,Australia,2995.76
O01608,2025-06-08,C019,P015,Tea 500g,Groceries,238.86,3,Canada,716.58
O01609,2025-01-03,C062,P015,Tea 500g,Groceries,215.99,3,Australia,647.97
O01609,2025-01-03,C062,P007,Jeans,Fashion,1625.08,1,India,1625.08
O01609,2025-01-03,C062,P022,Football,Sports,873.55,1,UK,873.55
O01609,2025-01-03,C062,P010,Formal Shirt,Fashion,1163.17,2,Australia,2326.34
O01610,2025-04-30,C060,P004,Bluetooth Speaker,Electronics,3607.26,1,India,3607.26
O01610,2025-04-30,C060,P022,Football,Sports,951.97,1,UK,951.97
O01610,2025-04-30,C060,P003,Headphones,Electronics,2628.17,3,UK,7884.51
O01610,2025-04-30,C060,P023,Yoga Mat,Sports,684.92,3,Australia,2054.7599999999998
O01610,2025-04-30,C060,P009,Jacket,Fashion,3080.51,3,Canada,9241.53
O01611,2025-04-16,C131,P005,Smartwatch,Electronics,7672.55,3,India,23017.65
O01611,2025-04-16,C131,P006,T-Shirt,Fashion,671.2,1,Australia,671.2
O01612,2025-11-16,C011,P001,Smartphone,Electronics,18792.48,2,UK,37584.96
O01612,2025-11-16,C011,P017,Pressure Cooker,Home & Kitchen,2152.61,2,India,4305.22
O01613,2025-04-20,C153,P007,Jeans,Fashion,1499.05,3,Canada,4497.15
O01613,2025-04-20,C153,P020,Water Bottle,Home & Kitchen,267.27,1,UK,267.27
O01613,2025-04-20,C153,P004,Bluetooth Speaker,Electronics,3469.44,1,UK,3469.44
O01613,2025-04-20,C153,P015,Tea 500g,Groceries,216.64,1,India,216.64
O01614,2025-11-27,C163,P014,Sugar 1kg,Groceries,57.95,2,Canada,115.9
O01614,2025-11-27,C163,P024,Dumbbells 5kg,Sports,1251.75,3,USA,3755.25
O01614,2025-11-27,C163,P019,Bedsheet,Home & Kitchen,973.38,3,Australia,2920.14
O01614,2025-11-27,C163,P008,Sneakers,Fashion,2554.21,1,USA,2554.21
O01614,2025-11-27,C163,P011,Rice 5kg,Groceries,375.88,1,UK,375.88
O01615,2025-10-05,C095,P024,Dumbbells 5kg,Sports,1317.44,1,USA,1317.44
O01616,2025-02-23,C183,P005,Smartwatch,Electronics,6768.14,3,Canada,20304.420000000002
O01617,2025-10-30,C151,P025,Badminton Racket,Sports,853.0,1,UK,853.0
O01617,2025-10-30,C151,P014,Sugar 1kg,Groceries,57.64,3,India,172.92000000000002
O01617,2025-10-30,C151,P012,Wheat Flour 5kg,Groceries,313.39,2,Australia,626.78
O01618,2025-06-29,C183,P002,Laptop,Electronics,53272.83,2,Canada,106545.66
O01618,2025-06-29,C183,P003,Headphones,Electronics,2748.43,2,Canada,5496.86
O01618,2025-06-29,C183,P018,Dinner Set,Home & Kitchen,2827.25,3,UK,8481.75
O01618,2025-06-29,C183,P007,Jeans,Fashion,1631.84,1,India,1631.84
O01619,2025-11-22,C165,P020,Water Bottle,Home & Kitchen,262.58,2,Australia,525.16
O01619,2025-11-22,C165,P024,Dumbbells 5kg,Sports,1258.14,3,Canada,3774.42
O01619,2025-11-22,C165,P015,Tea 500g,Groceries,219.83,1,Canada,219.83
O01619,2025-11-22,C165,P019,Bedsheet,Home & Kitchen,888.98,1,Australia,888.98
O01620,2025-07-16,C103,P015,Tea 500g,Groceries,237.77,2,Canada,475.54
O01620,2025-07-16,C103,P012,Wheat Flour 5kg,Groceries,323.16,2,India,646.32
O01620,2025-07-16,C103,P022,Football,Sports,918.32,3,USA,2754.96
O01620,2025-07-16,C103,P023,Yoga Mat,Sports,711.04,3,Canada,2133.12
O01620,2025-07-16,C103,P011,Rice 5kg,Groceries,368.98,1,Australia,368.98
O01621,2025-09-26,C087,P023,Yoga Mat,Sports,678.94,3,Australia,2036.8200000000002
O01621,2025-09-26,C087,P013,Cooking Oil 1L,Groceries,159.28,3,India,477.84000000000003
O01622,2025-11-02,C034,P018,Dinner Set,Home & Kitchen,2986.8,1,Canada,2986.8
O01622,2025-11-02,C034,P013,Cooking Oil 1L,Groceries,162.25,3,Canada,486.75
O01623,2025-07-07,C009,P015,Tea 500g,Groceries,211.56,1,USA,211.56
O01624,2025-07-30,C139,P020,Water Bottle,Home & Kitchen,257.42,2,UK,514.84
O01624,2025-07-30,C139,P021,Cricket Bat,Sports,1540.64,2,Australia,3081.28
O01624,2025-07-30,C139,P013,Cooking Oil 1L,Groceries,170.72,2,UK,341.44
O01625,2025-09-23,C095,P006,T-Shirt,Fashion,706.9,1,India,706.9
O01625,2025-09-23,C095,P016,Mixer Grinder,Home & Kitchen,3311.23,3,Australia,9933.69
O01625,2025-09-23,C095,P025,Badminton Racket,Sports,771.03,1,USA,771.03
O01625,2025-09-23,C095,P008,Sneakers,Fashion,2735.14,3,Australia,8205.42
O01625,2025-09-23,C095,P003,Headphones,Electronics,2484.14,2,Australia,4968.28
O01626,2025-07-12,C006,P006,T-Shirt,Fashion,687.69,2,Australia,1375.38
O01626,2025-07-12,C006,P008,Sneakers,Fashion,2686.12,2,Canada,5372.24
O01626,2025-07-12,C006,P020,Water Bottle,Home & Kitchen,242.07,2,Canada,484.14
O01627,2025-07-02,C001,P022,Football,Sports,936.82,1,India,936.82
O01628,2025-01-19,C157,P020,Water Bottle,Home & Kitchen,244.0,2,UK,488.0
O01629,2025-10-26,C120,P015,Tea 500g,Groceries,225.95,1,India,225.95
O01630,2025-07-13,C043,P018,Dinner Set,Home & Kitchen,3078.89,1,Australia,3078.89
O01631,2025-04-18,C055,P007,Jeans,Fashion,1524.08,1,USA,1524.08
O01632,2025-10-13,C189,P017,Pressure Cooker,Home & Kitchen,2340.35,2,USA,4680.7
O01633,2025-03-02,C002,P004,Bluetooth Speaker,Electronics,3666.01,3,Australia,10998.03
O01633,2025-03-02,C002,P024,Dumbbells 5kg,Sports,1307.3,1,India,1307.3
O01633,2025-03-02,C002,P019,Bedsheet,Home & Kitchen,857.03,1,India,857.03
O01634,2025-05-21,C103,P006,T-Shirt,Fashion,709.27,1,Australia,709.27
O01635,2025-02-16,C084,P018,Dinner Set,Home & Kitchen,2924.7,2,Australia,5849.4
O01635,2025-02-16,C084,P008,Sneakers,Fashion,2722.95,2,Australia,5445.9
O01635,2025-02-16,C084,P012,Wheat Flour 5kg,Groceries,315.64,1,UK,315.64
O01635,2025-02-16,C084,P017,Pressure Cooker,Home & Kitchen,2213.86,1,USA,2213.86
O01635,2025-02-16,C084,P019,Bedsheet,Home & Kitchen,916.1,2,USA,1832.2
O01636,2025-09-03,C064,P025,Badminton Racket,Sports,808.8,2,USA,1617.6
O01636,2025-09-03,C064,P012,Wheat Flour 5kg,Groceries,337.06,3,USA,1011.1800000000001
O01636,2025-09-03,C064,P017,Pressure Cooker,Home & Kitchen,2380.11,1,India,2380.11
O01636,2025-09-03,C064,P011,Rice 5kg,Groceries,369.35,1,Australia,369.35
O01636,2025-09-03,C064,P019,Bedsheet,Home & Kitchen,882.76,1,UK,882.76
O01637,2025-01-31,C158,P003,Headphones,Electronics,2668.2,3,Australia,8004.599999999999
O01637,2025-01-31,C158,P014,Sugar 1kg,Groceries,52.65,2,UK,105.3
O01637,2025-01-31,C158,P012,Wheat Flour 5kg,Groceries,333.71,2,Australia,667.42
O01638,2025-07-10,C079,P004,Bluetooth Speaker,Electronics,3402.55,3,UK,10207.650000000001
O01639,2025-09-16,C066,P022,Football,Sports,862.95,1,India,862.95
O01639,2025-09-16,C066,P003,Headphones,Electronics,2542.9,2,Canada,5085.8
O01639,2025-09-16,C066,P014,Sugar 1kg,Groceries,54.98,1,Australia,54.98
O01640,2025-05-24,C082,P016,Mixer Grinder,Home & Kitchen,3454.62,3,India,10363.86
O01640,2025-05-24,C082,P005,Smartwatch,Electronics,7014.51,1,Canada,7014.51
O01640,2025-05-24,C082,P024,Dumbbells 5kg,Sports,1252.65,3,UK,3757.9500000000003
O01640,2025-05-24,C082,P009,Jacket,Fashion,3263.91,2,India,6527.82
O01640,2025-05-24,C082,P020,Water Bottle,Home & Kitchen,270.59,1,Australia,270.59
O01641,2025-07-23,C085,P025,Badminton Racket,Sports,818.25,1,Australia,818.25
O01641,2025-07-23,C085,P010,Formal Shirt,Fashion,1227.62,3,UK,3682.8599999999997
O01641,2025-07-23,C085,P015,Tea 500g,Groceries,210.21,1,UK,210.21
O01642,2025-02-04,C099,P009,Jacket,Fashion,3112.81,3,Canada,9338.43
O01643,2025-11-23,C160,P017,Pressure Cooker,Home & Kitchen,2338.24,3,USA,7014.719999999999
O01643,2025-11-23,C160,P012,Wheat Flour 5kg,Groceries,307.17,1,UK,307.17
O01643,2025-11-23,C160,P014,Sugar 1kg,Groceries,55.68,2,UK,111.36
O01644,2025-03-22,C072,P006,T-Shirt,Fashion,689.26,3,UK,2067.7799999999997
O01644,2025-03-22,C072,P012,Wheat Flour 5kg,Groceries,318.45,3,Canada,955.3499999999999
O01644,2025-03-22,C072,P022,Football,Sports,961.33,3,USA,2883.9900000000002
O01644,2025-03-22,C072,P011,Rice 5kg,Groceries,382.63,1,UK,382.63
O01644,2025-03-22,C072,P015,Tea 500g,Groceries,229.03,3,India,687.09
O01645,2025-08-17,C130,P009,Jacket,Fashion,2995.32,1,UK,2995.32
O01645,2025-08-17,C130,P016,Mixer Grinder,Home & Kitchen,3117.29,3,USA,9351.869999999999
O01645,2025-08-17,C130,P002,Laptop,Electronics,53474.6,1,India,53474.6
O01646,2025-07-26,C094,P004,Bluetooth Speaker,Electronics,3596.0,1,India,3596.0
O01646,2025-07-26,C094,P015,Tea 500g,Groceries,220.94,1,India,220.94
O01647,2025-10-31,C067,P025,Badminton Racket,Sports,826.79,2,Australia,1653.58
O01647,2025-10-31,C067,P005,Smartwatch,Electronics,6894.1,2,Canada,13788.2
O01648,2025-06-17,C186,P007,Jeans,Fashion,1558.03,1,India,1558.03
O01649,2025-05-02,C113,P020,Water Bottle,Home & Kitchen,260.45,3,UK,781.3499999999999
O01649,2025-05-02,C113,P004,Bluetooth Speaker,Electronics,3677.02,2,Australia,7354.04
O01649,2025-05-02,C113,P013,Cooking Oil 1L,Groceries,170.91,1,India,170.91
O01650,2025-04-12,C030,P023,Yoga Mat,Sports,672.64,2,Australia,1345.28
O01650,2025-04-12,C030,P001,Smartphone,Electronics,19312.91,2,USA,38625.82
O01650,2025-04-12,C030,P009,Jacket,Fashion,3183.47,3,Canada,9550.41
O01651,2025-01-09,C109,P010,Formal Shirt,Fashion,1158.54,1,UK,1158.54
O01651,2025-01-09,C109,P012,Wheat Flour 5kg,Groceries,324.21,3,USA,972.6299999999999
O01651,2025-01-09,C109,P006,T-Shirt,Fashion,717.21,1,India,717.21
O01652,2025-11-19,C055,P010,Formal Shirt,Fashion,1160.74,1,UK,1160.74
O01653,2025-01-14,C109,P024,Dumbbells 5kg,Sports,1149.86,1,UK,1149.86
O01653,2025-01-14,C109,P012,Wheat Flour 5kg,Groceries,331.9,2,India,663.8
O01653,2025-01-14,C109,P011,Rice 5kg,Groceries,332.61,1,USA,332.61
O01654,2025-02-26,C170,P015,Tea 500g,Groceries,218.59,3,Canada,655.77
O01654,2025-02-26,C170,P003,Headphones,Electronics,2721.97,3,Australia,8165.91
O01654,2025-02-26,C170,P005,Smartwatch,Electronics,7512.77,1,Australia,7512.77
O01654,2025-02-26,C170,P009,Jacket,Fashion,2994.32,3,India,8982.960000000001
O01655,2025-03-09,C081,P025,Badminton Racket,Sports,844.87,1,Canada,844.87
O01655,2025-03-09,C081,P001,Smartphone,Electronics,19655.94,3,India,58967.81999999999
O01656,2025-11-12,C104,P007,Jeans,Fashion,1453.35,1,Australia,1453.35
O01656,2025-11-12,C104,P025,Badminton Racket,Sports,871.79,1,Australia,871.79
O01656,2025-11-12,C104,P008,Sneakers,Fashion,2584.65,3,USA,7753.950000000001
O01656,2025-11-12,C104,P006,T-Shirt,Fashion,742.88,3,India,2228.64
O01657,2025-01-07,C034,P014,Sugar 1kg,Groceries,57.26,1,Australia,57.26
O01657,2025-01-07,C034,P017,Pressure Cooker,Home & Kitchen,2194.54,2,USA,4389.08
O01657,2025-01-07,C034,P004,Bluetooth Speaker,Electronics,3477.26,2,UK,6954.52
O01657,2025-01-07,C034,P023,Yoga Mat,Sports,731.25,1,USA,731.25
O01657,2025-01-07,C034,P002,Laptop,Electronics,52585.94,3,UK,157757.82
O01658,2025-03-18,C131,P024,Dumbbells 5kg,Sports,1318.7,2,UK,2637.4
O01658,2025-03-18,C131,P013,Cooking Oil 1L,Groceries,163.09,2,India,326.18
O01658,2025-03-18,C131,P002,Laptop,Electronics,54094.02,2,UK,108188.04
O01658,2025-03-18,C131,P014,Sugar 1kg,Groceries,59.75,2,India,119.5
O01659,2025-11-21,C069,P005,Smartwatch,Electronics,7633.13,1,Canada,7633.13
O01660,2025-08-15,C089,P011,Rice 5kg,Groceries,366.72,3,UK,1100.16
O01660,2025-08-15,C089,P020,Water Bottle,Home & Kitchen,264.67,1,Australia,264.67
O01660,2025-08-15,C089,P008,Sneakers,Fashion,2561.08,1,Canada,2561.08
O01660,2025-08-15,C089,P023,Yoga Mat,Sports,720.73,3,UK,2162.19
O01660,2025-08-15,C089,P024,Dumbbells 5kg,Sports,1303.53,3,Australia,3910.59
O01661,2025-07-16,C095,P022,Football,Sports,958.33,1,UK,958.33
O01661,2025-07-16,C095,P001,Smartphone,Electronics,18496.65,1,Canada,18496.65
O01661,2025-07-16,C095,P013,Cooking Oil 1L,Groceries,166.55,2,UK,333.1
O01662,2025-04-29,C081,P004,Bluetooth Speaker,Electronics,3595.97,3,India,10787.91
O01662,2025-04-29,C081,P002,Laptop,Electronics,60120.42,2,Canada,120240.84
O01662,2025-04-29,C081,P009,Jacket,Fashion,3051.88,2,Australia,6103.76
O01662,2025-04-29,C081,P012,Wheat Flour 5kg,Groceries,322.45,2,Canada,644.9
O01663,2025-01-29,C033,P020,Water Bottle,Home & Kitchen,268.45,2,India,536.9
O01664,2025-12-18,C054,P008,Sneakers,Fashion,2522.86,1,USA,2522.86
O01664,2025-12-18,C054,P011,Rice 5kg,Groceries,341.11,3,India,1023.33
O01664,2025-12-18,C054,P007,Jeans,Fashion,1550.32,1,India,1550.32
O01664,2025-12-18,C054,P009,Jacket,Fashion,3184.17,2,Canada,6368.34
O01664,2025-12-18,C054,P014,Sugar 1kg,Groceries,53.1,2,India,106.2
O01665,2025-11-08,C181,P021,Cricket Bat,Sports,1616.93,3,USA,4850.79
O01665,2025-11-08,C181,P002,Laptop,Electronics,59545.61,3,UK,178636.83000000002
O01665,2025-11-08,C181,P017,Pressure Cooker,Home & Kitchen,2180.17,1,Australia,2180.17
O01665,2025-11-08,C181,P014,Sugar 1kg,Groceries,54.04,1,UK,54.04
O01665,2025-11-08,C181,P019,Bedsheet,Home & Kitchen,939.26,1,India,939.26
O01666,2025-10-28,C099,P003,Headphones,Electronics,2631.23,3,Australia,7893.6900000000005
O01666,2025-10-28,C099,P012,Wheat Flour 5kg,Groceries,339.48,2,UK,678.96
O01666,2025-10-28,C099,P023,Yoga Mat,Sports,743.5,2,UK,1487.0
O01666,2025-10-28,C099,P014,Sugar 1kg,Groceries,60.42,2,India,120.84
O01666,2025-10-28,C099,P001,Smartphone,Electronics,19357.08,1,India,19357.08
O01667,2025-11-24,C138,P003,Headphones,Electronics,2697.7,2,Australia,5395.4
O01667,2025-11-24,C138,P018,Dinner Set,Home & Kitchen,3052.5,1,India,3052.5
O01667,2025-11-24,C138,P016,Mixer Grinder,Home & Kitchen,3238.11,2,Australia,6476.22
O01667,2025-11-24,C138,P020,Water Bottle,Home & Kitchen,272.49,2,UK,544.98
O01668,2025-10-16,C050,P014,Sugar 1kg,Groceries,56.76,1,Canada,56.76
O01668,2025-10-16,C050,P007,Jeans,Fashion,1436.18,1,Canada,1436.18
O01668,2025-10-16,C050,P021,Cricket Bat,Sports,1633.82,3,Canada,4901.46
O01668,2025-10-16,C050,P009,Jacket,Fashion,2870.67,1,Australia,2870.67
O01669,2025-08-19,C068,P020,Water Bottle,Home & Kitchen,262.47,2,UK,524.94
O01670,2025-08-20,C100,P021,Cricket Bat,Sports,1608.4,2,USA,3216.8
O01670,2025-08-20,C100,P015,Tea 500g,Groceries,219.49,2,India,438.98
O01670,2025-08-20,C100,P017,Pressure Cooker,Home & Kitchen,2417.14,2,Australia,4834.28
O01671,2025-10-06,C097,P025,Badminton Racket,Sports,810.4,2,India,1620.8
O01671,2025-10-06,C097,P020,Water Bottle,Home & Kitchen,254.68,2,USA,509.36
O01671,2025-10-06,C097,P011,Rice 5kg,Groceries,376.71,3,Canada,1130.1299999999999
O01671,2025-10-06,C097,P016,Mixer Grinder,Home & Kitchen,3350.09,3,USA,10050.27
O01671,2025-10-06,C097,P023,Yoga Mat,Sports,719.02,3,UK,2157.06
O01672,2025-08-29,C020,P012,Wheat Flour 5kg,Groceries,319.77,2,USA,639.54
O01672,2025-08-29,C020,P024,Dumbbells 5kg,Sports,1251.63,3,UK,3754.8900000000003
O01672,2025-08-29,C020,P021,Cricket Bat,Sports,1618.17,3,Australia,4854.51
O01672,2025-08-29,C020,P010,Formal Shirt,Fashion,1179.1,1,Canada,1179.1
O01673,2025-02-14,C045,P021,Cricket Bat,Sports,1536.65,1,India,1536.65
O01674,2025-02-14,C030,P015,Tea 500g,Groceries,240.57,1,Australia,240.57
O01674,2025-02-14,C030,P022,Football,Sports,914.41,3,India,2743.23
O01674,2025-02-14,C030,P009,Jacket,Fashion,3065.66,1,India,3065.66
O01674,2025-02-14,C030,P011,Rice 5kg,Groceries,361.62,2,India,723.24
O01675,2025-02-12,C143,P001,Smartphone,Electronics,19126.16,2,Australia,38252.32
O01675,2025-02-12,C143,P004,Bluetooth Speaker,Electronics,3385.94,1,India,3385.94
O01675,2025-02-12,C143,P006,T-Shirt,Fashion,716.45,1,USA,716.45
O01675,2025-02-12,C143,P013,Cooking Oil 1L,Groceries,175.89,3,USA,527.67
O01676,2025-01-04,C108,P002,Laptop,Electronics,57968.55,1,Australia,57968.55
O01676,2025-01-04,C108,P004,Bluetooth Speaker,Electronics,3688.67,1,UK,3688.67
O01676,2025-01-04,C108,P018,Dinner Set,Home & Kitchen,2721.24,1,Australia,2721.24
O01676,2025-01-04,C108,P001,Smartphone,Electronics,18814.21,1,UK,18814.21
O01676,2025-01-04,C108,P015,Tea 500g,Groceries,214.29,3,USA,642.87
O01677,2025-02-20,C015,P005,Smartwatch,Electronics,6829.68,2,Canada,13659.36
O01677,2025-02-20,C015,P012,Wheat Flour 5kg,Groceries,343.08,2,India,686.16
O01678,2025-06-29,C118,P012,Wheat Flour 5kg,Groceries,320.31,3,UK,960.9300000000001
O01678,2025-06-29,C118,P021,Cricket Bat,Sports,1607.97,3,India,4823.91
O01678,2025-06-29,C118,P003,Headphones,Electronics,2585.47,3,Australia,7756.41
O01678,2025-06-29,C118,P007,Jeans,Fashion,1594.53,2,India,3189.06
O01679,2025-11-04,C060,P002,Laptop,Electronics,55787.93,2,Australia,111575.86
O01680,2025-02-17,C130,P006,T-Shirt,Fashion,700.61,3,UK,2101.83
O01681,2025-06-04,C156,P023,Yoga Mat,Sports,722.56,1,Canada,722.56
O01681,2025-06-04,C156,P009,Jacket,Fashion,2988.75,1,India,2988.75
O01681,2025-06-04,C156,P003,Headphones,Electronics,2411.11,2,Canada,4822.22
O01681,2025-06-04,C156,P020,Water Bottle,Home & Kitchen,258.23,3,Australia,774.69
O01681,2025-06-04,C156,P025,Badminton Racket,Sports,782.92,1,UK,782.92
O01682,2025-07-30,C091,P019,Bedsheet,Home & Kitchen,907.15,1,UK,907.15
O01682,2025-07-30,C091,P020,Water Bottle,Home & Kitchen,238.36,2,India,476.72
O01683,2025-03-06,C189,P002,Laptop,Electronics,56907.28,2,USA,113814.56
O01683,2025-03-06,C189,P015,Tea 500g,Groceries,217.81,2,India,435.62
O01683,2025-03-06,C189,P014,Sugar 1kg,Groceries,53.37,3,India,160.10999999999999
O01684,2025-07-10,C137,P022,Football,Sports,960.46,3,UK,2881.38
O01685,2025-11-13,C038,P005,Smartwatch,Electronics,7616.52,2,Australia,15233.04
O01685,2025-11-13,C038,P001,Smartphone,Electronics,17547.22,2,USA,35094.44
O01685,2025-11-13,C038,P002,Laptop,Electronics,59386.49,2,Canada,118772.98
O01686,2025-03-14,C064,P007,Jeans,Fashion,1499.36,3,Australia,4498.08
O01687,2025-02-11,C143,P015,Tea 500g,Groceries,225.04,2,India,450.08
O01687,2025-02-11,C143,P014,Sugar 1kg,Groceries,58.15,3,India,174.45
O01687,2025-02-11,C143,P022,Football,Sports,898.7,3,India,2696.1000000000004
O01688,2025-04-04,C059,P019,Bedsheet,Home & Kitchen,865.58,3,USA,2596.7400000000002
O01689,2025-11-06,C155,P006,T-Shirt,Fashion,753.87,3,Australia,2261.61
O01689,2025-11-06,C155,P010,Formal Shirt,Fashion,1284.32,1,India,1284.32
O01689,2025-11-06,C155,P005,Smartwatch,Electronics,7535.85,1,Australia,7535.85
O01689,2025-11-06,C155,P012,Wheat Flour 5kg,Groceries,336.78,2,UK,673.56
O01690,2025-11-07,C070,P017,Pressure Cooker,Home & Kitchen,2256.73,2,UK,4513.46
O01690,2025-11-07,C070,P012,Wheat Flour 5kg,Groceries,324.56,3,Australia,973.6800000000001
O01690,2025-11-07,C070,P011,Rice 5kg,Groceries,345.63,3,UK,1036.8899999999999
O01690,2025-11-07,C070,P010,Formal Shirt,Fashion,1280.92,3,Australia,3842.76
O01691,2025-01-05,C003,P016,Mixer Grinder,Home & Kitchen,3192.75,3,Canada,9578.25
O01691,2025-01-05,C003,P001,Smartphone,Electronics,18044.73,2,India,36089.46
O01691,2025-01-05,C003,P021,Cricket Bat,Sports,1567.53,3,Australia,4702.59
O01692,2025-10-09,C068,P004,Bluetooth Speaker,Electronics,3352.92,3,USA,10058.76
O01692,2025-10-09,C068,P012,Wheat Flour 5kg,Groceries,335.57,3,UK,1006.71
O01693,2025-01-27,C138,P023,Yoga Mat,Sports,755.93,2,UK,1511.86
O01694,2025-04-11,C095,P010,Formal Shirt,Fashion,1173.69,2,Australia,2347.38
O01694,2025-04-11,C095,P016,Mixer Grinder,Home & Kitchen,3417.84,3,USA,10253.52
O01694,2025-04-11,C095,P002,Laptop,Electronics,56013.5,3,USA,168040.5
O01695,2025-05-05,C195,P019,Bedsheet,Home & Kitchen,886.74,3,Canada,2660.2200000000003
O01695,2025-05-05,C195,P003,Headphones,Electronics,2668.96,1,UK,2668.96
O01695,2025-05-05,C195,P011,Rice 5kg,Groceries,343.69,3,USA,1031.07
O01695,2025-05-05,C195,P010,Formal Shirt,Fashion,1314.96,1,Australia,1314.96
O01696,2025-07-28,C140,P025,Badminton Racket,Sports,871.75,2,Australia,1743.5
O01697,2025-09-24,C146,P017,Pressure Cooker,Home & Kitchen,2307.63,2,UK,4615.26
O01697,2025-09-24,C146,P009,Jacket,Fashion,3066.69,1,India,3066.69
O01697,2025-09-24,C146,P013,Cooking Oil 1L,Groceries,164.13,3,Australia,492.39
O01697,2025-09-24,C146,P018,Dinner Set,Home & Kitchen,2783.71,3,Australia,8351.130000000001
O01698,2025-09-25,C037,P008,Sneakers,Fashion,2589.72,1,UK,2589.72
O01698,2025-09-25,C037,P015,Tea 500g,Groceries,214.03,1,Australia,214.03
O01698,2025-09-25,C037,P011,Rice 5kg,Groceries,356.58,2,Australia,713.16
O01698,2025-09-25,C037,P001,Smartphone,Electronics,18972.57,3,USA,56917.71
O01698,2025-09-25,C037,P024,Dumbbells 5kg,Sports,1312.05,3,Canada,3936.1499999999996
O01699,2025-12-06,C034,P016,Mixer Grinder,Home & Kitchen,3470.74,1,Canada,3470.74
O01700,2025-07-18,C040,P007,Jeans,Fashion,1520.02,1,USA,1520.02
O01701,2025-09-28,C071,P002,Laptop,Electronics,56762.9,2,Australia,113525.8
O01702,2025-03-27,C192,P003,Headphones,Electronics,2414.81,3,UK,7244.43
O01702,2025-03-27,C192,P025,Badminton Racket,Sports,853.88,2,Canada,1707.76
O01702,2025-03-27,C192,P012,Wheat Flour 5kg,Groceries,340.99,2,USA,681.98
O01702,2025-03-27,C192,P001,Smartphone,Electronics,18643.33,1,Australia,18643.33
O01703,2025-04-13,C169,P018,Dinner Set,Home & Kitchen,2783.31,1,USA,2783.31
O01703,2025-04-13,C169,P002,Laptop,Electronics,53435.6,1,Canada,53435.6
O01703,2025-04-13,C169,P012,Wheat Flour 5kg,Groceries,351.65,1,USA,351.65
O01703,2025-04-13,C169,P022,Football,Sports,869.57,3,Canada,2608.71
O01704,2025-11-05,C148,P018,Dinner Set,Home & Kitchen,2984.8,1,Canada,2984.8
O01705,2025-08-13,C170,P015,Tea 500g,Groceries,224.95,3,Canada,674.8499999999999
O01705,2025-08-13,C170,P005,Smartwatch,Electronics,7092.59,3,Australia,21277.77
O01705,2025-08-13,C170,P010,Formal Shirt,Fashion,1313.56,1,India,1313.56
O01706,2025-04-18,C048,P009,Jacket,Fashion,3158.45,1,India,3158.45
O01707,2025-01-24,C021,P015,Tea 500g,Groceries,221.68,1,UK,221.68
O01707,2025-01-24,C021,P007,Jeans,Fashion,1430.91,2,USA,2861.82
O01707,2025-01-24,C021,P011,Rice 5kg,Groceries,358.2,2,India,716.4
O01707,2025-01-24,C021,P024,Dumbbells 5kg,Sports,1272.63,1,Australia,1272.63
O01707,2025-01-24,C021,P018,Dinner Set,Home & Kitchen,3019.6,3,USA,9058.8
O01708,2025-11-27,C168,P009,Jacket,Fashion,2997.75,3,UK,8993.25
O01708,2025-11-27,C168,P025,Badminton Racket,Sports,858.45,1,Australia,858.45
O01708,2025-11-27,C168,P018,Dinner Set,Home & Kitchen,2917.64,2,India,5835.28
O01708,2025-11-27,C168,P003,Headphones,Electronics,2432.76,2,UK,4865.52
O01708,2025-11-27,C168,P012,Wheat Flour 5kg,Groceries,318.2,1,India,318.2
O01709,2025-11-10,C031,P006,T-Shirt,Fashion,719.29,2,Canada,1438.58
O01709,2025-11-10,C031,P005,Smartwatch,Electronics,7248.81,3,Canada,21746.43
O01709,2025-11-10,C031,P012,Wheat Flour 5kg,Groceries,339.54,1,Australia,339.54
O01709,2025-11-10,C031,P013,Cooking Oil 1L,Groceries,168.34,2,UK,336.68
O01709,2025-11-10,C031,P001,Smartphone,Electronics,18068.85,1,Canada,18068.85
O01710,2025-05-23,C109,P013,Cooking Oil 1L,Groceries,174.34,1,Canada,174.34
O01710,2025-05-23,C109,P017,Pressure Cooker,Home & Kitchen,2281.93,3,UK,6845.789999999999
O01710,2025-05-23,C109,P015,Tea 500g,Groceries,209.27,1,Canada,209.27
O01711,2025-04-18,C016,P019,Bedsheet,Home & Kitchen,980.1,1,Canada,980.1
O01711,2025-04-18,C016,P003,Headphones,Electronics,2422.57,3,Canada,7267.710000000001
O01711,2025-04-18,C016,P022,Football,Sports,919.04,2,Canada,1838.08
O01712,2025-09-01,C004,P018,Dinner Set,Home & Kitchen,2715.83,3,Canada,8147.49
O01712,2025-09-01,C004,P005,Smartwatch,Electronics,6742.71,1,India,6742.71
O01712,2025-09-01,C004,P024,Dumbbells 5kg,Sports,1163.69,3,Australia,3491.07
O01712,2025-09-01,C004,P001,Smartphone,Electronics,17801.31,1,Canada,17801.31
O01713,2025-01-28,C192,P015,Tea 500g,Groceries,234.23,1,India,234.23
O01713,2025-01-28,C192,P005,Smartwatch,Electronics,6791.33,2,Australia,13582.66
O01713,2025-01-28,C192,P008,Sneakers,Fashion,2672.37,1,Canada,2672.37
O01714,2025-01-14,C146,P020,Water Bottle,Home & Kitchen,252.83,2,Canada,505.66
O01714,2025-01-14,C146,P016,Mixer Grinder,Home & Kitchen,3258.7,3,USA,9776.099999999999
O01714,2025-01-14,C146,P005,Smartwatch,Electronics,7415.77,3,India,22247.31
O01715,2025-07-01,C065,P022,Football,Sports,973.75,2,UK,1947.5
O01716,2025-01-23,C172,P022,Football,Sports,897.08,3,USA,2691.2400000000002
O01717,2025-06-12,C030,P007,Jeans,Fashion,1523.71,3,USA,4571.13
O01717,2025-06-12,C030,P021,Cricket Bat,Sports,1563.61,1,UK,1563.61
O01718,2025-08-26,C092,P012,Wheat Flour 5kg,Groceries,321.1,3,Canada,963.3000000000001
O01718,2025-08-26,C092,P008,Sneakers,Fashion,2468.96,3,India,7406.88
O01719,2025-12-13,C114,P016,Mixer Grinder,Home & Kitchen,3302.43,1,UK,3302.43
O01719,2025-12-13,C114,P015,Tea 500g,Groceries,240.31,3,Canada,720.9300000000001
O01720,2025-10-31,C172,P017,Pressure Cooker,Home & Kitchen,2318.33,1,Australia,2318.33
O01721,2025-12-15,C095,P001,Smartphone,Electronics,19225.89,1,UK,19225.89
O01721,2025-12-15,C095,P022,Football,Sports,912.93,1,USA,912.93
O01721,2025-12-15,C095,P021,Cricket Bat,Sports,1585.81,2,India,3171.62
O01722,2025-08-24,C199,P008,Sneakers,Fashion,2607.37,2,India,5214.74
O01722,2025-08-24,C199,P022,Football,Sports,918.78,1,Australia,918.78
O01722,2025-08-24,C199,P024,Dumbbells 5kg,Sports,1298.05,3,UK,3894.1499999999996
O01722,2025-08-24,C199,P009,Jacket,Fashion,3013.06,2,USA,6026.12
O01722,2025-08-24,C199,P004,Bluetooth Speaker,Electronics,3348.27,1,USA,3348.27
O01723,2025-04-12,C059,P008,Sneakers,Fashion,2590.52,3,USA,7771.5599999999995
O01723,2025-04-12,C059,P002,Laptop,Electronics,57543.18,3,USA,172629.54
O01723,2025-04-12,C059,P005,Smartwatch,Electronics,6782.95,3,India,20348.85
O01723,2025-04-12,C059,P010,Formal Shirt,Fashion,1247.0,1,Australia,1247.0
O01723,2025-04-12,C059,P022,Football,Sports,920.57,2,India,1841.14
O01724,2025-02-02,C052,P001,Smartphone,Electronics,17265.82,3,Canada,51797.46
O01724,2025-02-02,C052,P018,Dinner Set,Home & Kitchen,2704.74,3,Canada,8114.219999999999
O01724,2025-02-02,C052,P017,Pressure Cooker,Home & Kitchen,2348.3,2,Australia,4696.6
O01724,2025-02-02,C052,P014,Sugar 1kg,Groceries,57.7,1,Australia,57.7
O01725,2025-10-01,C110,P012,Wheat Flour 5kg,Groceries,329.6,3,India,988.8000000000001
O01725,2025-10-01,C110,P004,Bluetooth Speaker,Electronics,3840.31,3,India,11520.93
O01725,2025-10-01,C110,P015,Tea 500g,Groceries,234.04,1,UK,234.04
O01725,2025-10-01,C110,P019,Bedsheet,Home & Kitchen,861.76,3,India,2585.2799999999997
O01725,2025-10-01,C110,P014,Sugar 1kg,Groceries,57.89,3,Australia,173.67000000000002
O01726,2025-09-14,C026,P002,Laptop,Electronics,59076.37,3,Australia,177229.11000000002
O01727,2025-03-16,C097,P024,Dumbbells 5kg,Sports,1316.71,2,USA,2633.42
O01727,2025-03-16,C097,P005,Smartwatch,Electronics,7380.82,3,Canada,22142.46
O01727,2025-03-16,C097,P025,Badminton Racket,Sports,866.71,1,USA,866.71
O01727,2025-03-16,C097,P023,Yoga Mat,Sports,679.21,1,UK,679.21
O01728,2025-11-18,C078,P009,Jacket,Fashion,3231.49,2,India,6462.98
O01728,2025-11-18,C078,P012,Wheat Flour 5kg,Groceries,316.99,1,Canada,316.99
O01728,2025-11-18,C078,P004,Bluetooth Speaker,Electronics,3819.84,2,Australia,7639.68
O01729,2025-09-09,C161,P021,Cricket Bat,Sports,1443.85,3,UK,4331.549999999999
O01729,2025-09-09,C161,P002,Laptop,Electronics,59984.98,1,Canada,59984.98
O01729,2025-09-09,C161,P010,Formal Shirt,Fashion,1233.3,1,USA,1233.3
O01729,2025-09-09,C161,P007,Jeans,Fashion,1606.58,1,India,1606.58
O01730,2025-04-29,C112,P019,Bedsheet,Home & Kitchen,859.51,2,USA,1719.02
O01730,2025-04-29,C112,P024,Dumbbells 5kg,Sports,1156.55,1,India,1156.55
O01731,2025-04-17,C160,P004,Bluetooth Speaker,Electronics,3431.39,1,Australia,3431.39
O01731,2025-04-17,C160,P022,Football,Sports,951.44,1,India,951.44
O01732,2025-04-28,C196,P022,Football,Sports,860.24,1,UK,860.24
O01732,2025-04-28,C196,P004,Bluetooth Speaker,Electronics,3394.52,3,Australia,10183.56
O01733,2025-03-31,C066,P016,Mixer Grinder,Home & Kitchen,3495.05,3,Australia,10485.150000000001
O01733,2025-03-31,C066,P019,Bedsheet,Home & Kitchen,943.4,2,India,1886.8
O01733,2025-03-31,C066,P004,Bluetooth Speaker,Electronics,3457.09,1,USA,3457.09
O01733,2025-03-31,C066,P024,Dumbbells 5kg,Sports,1189.36,1,Australia,1189.36
O01733,2025-03-31,C066,P015,Tea 500g,Groceries,212.57,1,USA,212.57
O01734,2025-06-25,C137,P012,Wheat Flour 5kg,Groceries,337.9,1,USA,337.9
O01734,2025-06-25,C137,P019,Bedsheet,Home & Kitchen,898.94,3,India,2696.82
O01734,2025-06-25,C137,P018,Dinner Set,Home & Kitchen,3047.62,3,Australia,9142.86
O01735,2025-02-13,C061,P001,Smartphone,Electronics,17150.4,2,Australia,34300.8
O01735,2025-02-13,C061,P014,Sugar 1kg,Groceries,57.93,1,UK,57.93
O01735,2025-02-13,C061,P011,Rice 5kg,Groceries,352.49,1,India,352.49
O01735,2025-02-13,C061,P012,Wheat Flour 5kg,Groceries,318.5,3,India,955.5
O01735,2025-02-13,C061,P004,Bluetooth Speaker,Electronics,3500.37,3,UK,10501.11
O01736,2025-11-30,C011,P022,Football,Sports,907.54,2,India,1815.08
O01736,2025-11-30,C011,P014,Sugar 1kg,Groceries,57.79,3,USA,173.37
O01736,2025-11-30,C011,P013,Cooking Oil 1L,Groceries,161.57,1,USA,161.57
O01736,2025-11-30,C011,P006,T-Shirt,Fashion,702.24,2,Canada,1404.48
O01737,2025-07-06,C100,P007,Jeans,Fashion,1629.84,1,Australia,1629.84
O01737,2025-07-06,C100,P019,Bedsheet,Home & Kitchen,883.84,1,India,883.84
O01737,2025-07-06,C100,P013,Cooking Oil 1L,Groceries,163.25,3,Canada,489.75
O01738,2025-05-25,C111,P012,Wheat Flour 5kg,Groceries,312.12,2,Canada,624.24
O01739,2025-03-13,C129,P001,Smartphone,Electronics,18581.61,3,USA,55744.83
O01740,2025-03-16,C120,P018,Dinner Set,Home & Kitchen,2708.2,1,UK,2708.2
O01740,2025-03-16,C120,P024,Dumbbells 5kg,Sports,1209.76,3,USA,3629.2799999999997
O01740,2025-03-16,C120,P003,Headphones,Electronics,2631.85,1,Canada,2631.85
O01741,2025-11-08,C162,P011,Rice 5kg,Groceries,380.04,1,Australia,380.04
O01741,2025-11-08,C162,P010,Formal Shirt,Fashion,1172.79,3,India,3518.37
O01742,2025-05-28,C148,P013,Cooking Oil 1L,Groceries,171.29,2,India,342.58
O01742,2025-05-28,C148,P020,Water Bottle,Home & Kitchen,265.24,3,Canada,795.72
O01742,2025-05-28,C148,P008,Sneakers,Fashion,2528.42,1,India,2528.42
O01742,2025-05-28,C148,P021,Cricket Bat,Sports,1473.99,2,USA,2947.98
O01743,2025-12-23,C024,P022,Football,Sports,855.33,1,UK,855.33
O01743,2025-12-23,C024,P019,Bedsheet,Home & Kitchen,908.14,2,India,1816.28
O01744,2025-01-20,C149,P011,Rice 5kg,Groceries,366.05,2,USA,732.1
O01745,2025-02-02,C179,P011,Rice 5kg,Groceries,360.8,2,Australia,721.6
O01745,2025-02-02,C179,P020,Water Bottle,Home & Kitchen,262.8,3,USA,788.4000000000001
O01746,2025-06-29,C119,P012,Wheat Flour 5kg,Groceries,346.46,3,India,1039.3799999999999
O01746,2025-06-29,C119,P021,Cricket Bat,Sports,1556.63,3,UK,4669.89
O01746,2025-06-29,C119,P023,Yoga Mat,Sports,715.25,1,India,715.25
O01746,2025-06-29,C119,P011,Rice 5kg,Groceries,383.57,2,Canada,767.14
O01747,2025-07-26,C173,P011,Rice 5kg,Groceries,384.94,3,UK,1154.82
O01747,2025-07-26,C173,P001,Smartphone,Electronics,18387.57,2,India,36775.14
O01747,2025-07-26,C173,P018,Dinner Set,Home & Kitchen,2800.61,2,UK,5601.22
O01747,2025-07-26,C173,P020,Water Bottle,Home & Kitchen,258.72,3,USA,776.1600000000001
O01748,2025-03-03,C070,P003,Headphones,Electronics,2709.63,2,Australia,5419.26
O01749,2025-06-19,C167,P015,Tea 500g,Groceries,233.07,1,UK,233.07
O01749,2025-06-19,C167,P013,Cooking Oil 1L,Groceries,160.65,2,USA,321.3
O01749,2025-06-19,C167,P016,Mixer Grinder,Home & Kitchen,3183.14,2,USA,6366.28
O01750,2025-09-16,C019,P012,Wheat Flour 5kg,Groceries,343.08,3,UK,1029.24
O01750,2025-09-16,C019,P015,Tea 500g,Groceries,214.28,2,India,428.56
O01750,2025-09-16,C019,P008,Sneakers,Fashion,2417.38,2,UK,4834.76
O01750,2025-09-16,C019,P007,Jeans,Fashion,1513.77,1,UK,1513.77
O01751,2025-12-02,C176,P010,Formal Shirt,Fashion,1205.95,1,UK,1205.95
O01751,2025-12-02,C176,P002,Laptop,Electronics,57499.64,3,Australia,172498.91999999998
O01751,2025-12-02,C176,P025,Badminton Racket,Sports,803.13,3,Australia,2409.39
O01751,2025-12-02,C176,P016,Mixer Grinder,Home & Kitchen,3482.22,2,USA,6964.44
O01752,2025-10-04,C007,P001,Smartphone,Electronics,19795.96,3,UK,59387.88
O01753,2025-11-10,C074,P005,Smartwatch,Electronics,7636.4,1,Canada,7636.4
O01753,2025-11-10,C074,P011,Rice 5kg,Groceries,380.67,1,India,380.67
O01753,2025-11-10,C074,P022,Football,Sports,878.41,3,USA,2635.23
O01753,2025-11-10,C074,P021,Cricket Bat,Sports,1616.03,1,UK,1616.03
O01753,2025-11-10,C074,P018,Dinner Set,Home & Kitchen,3062.14,3,Australia,9186.42
O01754,2025-06-16,C001,P021,Cricket Bat,Sports,1448.86,1,India,1448.86
O01754,2025-06-16,C001,P022,Football,Sports,959.89,3,Australia,2879.67
O01754,2025-06-16,C001,P017,Pressure Cooker,Home & Kitchen,2347.98,3,UK,7043.9400000000005
O01754,2025-06-16,C001,P001,Smartphone,Electronics,18622.06,2,UK,37244.12
O01754,2025-06-16,C001,P012,Wheat Flour 5kg,Groceries,347.01,2,USA,694.02
O01755,2025-07-17,C162,P016,Mixer Grinder,Home & Kitchen,3254.06,3,UK,9762.18
O01755,2025-07-17,C162,P019,Bedsheet,Home & Kitchen,930.76,1,UK,930.76
O01755,2025-07-17,C162,P006,T-Shirt,Fashion,761.57,2,Australia,1523.14
O01755,2025-07-17,C162,P017,Pressure Cooker,Home & Kitchen,2255.74,2,Canada,4511.48
O01755,2025-07-17,C162,P003,Headphones,Electronics,2548.54,1,USA,2548.54
O01756,2025-06-19,C171,P009,Jacket,Fashion,2996.71,2,India,5993.42
O01756,2025-06-19,C171,P024,Dumbbells 5kg,Sports,1233.36,3,USA,3700.08
O01756,2025-06-19,C171,P006,T-Shirt,Fashion,669.99,3,Canada,2009.97
O01757,2025-12-31,C164,P019,Bedsheet,Home & Kitchen,969.24,1,UK,969.24
O01757,2025-12-31,C164,P004,Bluetooth Speaker,Electronics,3783.33,2,Australia,7566.66
O01757,2025-12-31,C164,P025,Badminton Racket,Sports,833.9,1,UK,833.9
O01757,2025-12-31,C164,P007,Jeans,Fashion,1519.75,1,USA,1519.75
O01757,2025-12-31,C164,P013,Cooking Oil 1L,Groceries,152.32,2,India,304.64
O01758,2025-08-10,C064,P006,T-Shirt,Fashion,710.98,3,USA,2132.94
O01758,2025-08-10,C064,P005,Smartwatch,Electronics,7628.4,1,UK,7628.4
O01758,2025-08-10,C064,P015,Tea 500g,Groceries,221.85,3,UK,665.55
O01759,2025-04-08,C007,P009,Jacket,Fashion,3251.0,1,Australia,3251.0
O01759,2025-04-08,C007,P019,Bedsheet,Home & Kitchen,920.47,3,USA,2761.41
O01759,2025-04-08,C007,P004,Bluetooth Speaker,Electronics,3441.53,2,UK,6883.06
O01759,2025-04-08,C007,P025,Badminton Racket,Sports,774.02,2,Australia,1548.04
O01759,2025-04-08,C007,P014,Sugar 1kg,Groceries,57.04,1,India,57.04
O01760,2025-07-06,C091,P006,T-Shirt,Fashion,722.76,1,Canada,722.76
O01760,2025-07-06,C091,P021,Cricket Bat,Sports,1614.54,3,UK,4843.62
O01760,2025-07-06,C091,P019,Bedsheet,Home & Kitchen,906.31,3,USA,2718.93
O01761,2025-05-01,C104,P006,T-Shirt,Fashion,674.45,2,India,1348.9
O01761,2025-05-01,C104,P003,Headphones,Electronics,2378.14,1,Australia,2378.14
O01761,2025-05-01,C104,P019,Bedsheet,Home & Kitchen,980.9,2,Australia,1961.8
O01762,2025-12-09,C151,P003,Headphones,Electronics,2737.84,1,Australia,2737.84
O01762,2025-12-09,C151,P004,Bluetooth Speaker,Electronics,3807.01,2,UK,7614.02
O01762,2025-12-09,C151,P011,Rice 5kg,Groceries,372.94,2,Australia,745.88
O01763,2025-08-12,C154,P007,Jeans,Fashion,1581.88,2,UK,3163.76
O01764,2025-01-07,C026,P008,Sneakers,Fashion,2475.4,2,Australia,4950.8
O01764,2025-01-07,C026,P022,Football,Sports,863.62,2,UK,1727.24
O01764,2025-01-07,C026,P016,Mixer Grinder,Home & Kitchen,3451.44,3,India,10354.32
O01764,2025-01-07,C026,P003,Headphones,Electronics,2464.73,1,India,2464.73
O01765,2025-08-22,C182,P020,Water Bottle,Home & Kitchen,269.67,3,Canada,809.01
O01765,2025-08-22,C182,P011,Rice 5kg,Groceries,374.78,2,Australia,749.56
O01765,2025-08-22,C182,P002,Laptop,Electronics,55738.29,1,India,55738.29
O01766,2025-04-01,C092,P012,Wheat Flour 5kg,Groceries,318.95,3,India,956.8499999999999
O01766,2025-04-01,C092,P015,Tea 500g,Groceries,226.81,3,USA,680.4300000000001
O01766,2025-04-01,C092,P004,Bluetooth Speaker,Electronics,3438.38,2,Australia,6876.76
O01766,2025-04-01,C092,P010,Formal Shirt,Fashion,1265.46,1,UK,1265.46
O01767,2025-10-18,C175,P002,Laptop,Electronics,59570.48,3,UK,178711.44
O01767,2025-10-18,C175,P012,Wheat Flour 5kg,Groceries,329.45,1,UK,329.45
O01767,2025-10-18,C175,P005,Smartwatch,Electronics,7654.92,3,UK,22964.760000000002
O01768,2025-09-10,C064,P003,Headphones,Electronics,2653.54,2,Australia,5307.08
O01769,2025-05-20,C071,P005,Smartwatch,Electronics,7442.68,1,USA,7442.68
O01769,2025-05-20,C071,P023,Yoga Mat,Sports,720.78,1,India,720.78
O01769,2025-05-20,C071,P021,Cricket Bat,Sports,1583.75,1,USA,1583.75
O01769,2025-05-20,C071,P012,Wheat Flour 5kg,Groceries,343.22,2,India,686.44
O01770,2025-01-01,C171,P011,Rice 5kg,Groceries,337.78,1,USA,337.78
O01770,2025-01-01,C171,P022,Football,Sports,879.2,3,USA,2637.6000000000004
O01770,2025-01-01,C171,P004,Bluetooth Speaker,Electronics,3351.97,2,UK,6703.94
O01770,2025-01-01,C171,P005,Smartwatch,Electronics,7480.59,3,Canada,22441.77
O01771,2025-07-08,C094,P006,T-Shirt,Fashion,718.43,1,Canada,718.43
O01771,2025-07-08,C094,P021,Cricket Bat,Sports,1519.02,2,USA,3038.04
O01772,2025-10-29,C182,P002,Laptop,Electronics,58024.39,3,Australia,174073.16999999998
O01773,2025-09-18,C038,P013,Cooking Oil 1L,Groceries,168.33,3,UK,504.99
O01774,2025-08-24,C021,P022,Football,Sports,938.85,1,Canada,938.85
O01774,2025-08-24,C021,P013,Cooking Oil 1L,Groceries,163.81,1,Canada,163.81
O01774,2025-08-24,C021,P009,Jacket,Fashion,3053.02,1,UK,3053.02
O01775,2025-10-12,C038,P016,Mixer Grinder,Home & Kitchen,3432.01,3,Canada,10296.03
O01775,2025-10-12,C038,P008,Sneakers,Fashion,2669.73,1,USA,2669.73
O01775,2025-10-12,C038,P020,Water Bottle,Home & Kitchen,247.01,2,India,494.02
O01776,2025-03-19,C054,P015,Tea 500g,Groceries,232.67,2,India,465.34
O01776,2025-03-19,C054,P019,Bedsheet,Home & Kitchen,947.81,2,USA,1895.62
O01776,2025-03-19,C054,P024,Dumbbells 5kg,Sports,1166.15,3,Australia,3498.4500000000003
O01776,2025-03-19,C054,P020,Water Bottle,Home & Kitchen,265.87,3,India,797.61
O01777,2025-12-23,C056,P024,Dumbbells 5kg,Sports,1228.5,2,UK,2457.0
O01777,2025-12-23,C056,P009,Jacket,Fashion,3123.74,1,USA,3123.74
O01778,2025-07-13,C062,P007,Jeans,Fashion,1477.53,3,Australia,4432.59
O01779,2025-03-12,C035,P007,Jeans,Fashion,1540.85,3,India,4622.549999999999
O01780,2025-02-24,C158,P015,Tea 500g,Groceries,228.59,1,Australia,228.59
O01780,2025-02-24,C158,P002,Laptop,Electronics,59293.37,1,Canada,59293.37
O01780,2025-02-24,C158,P017,Pressure Cooker,Home & Kitchen,2201.63,2,USA,4403.26
O01780,2025-02-24,C158,P025,Badminton Racket,Sports,772.66,2,Australia,1545.32
O01781,2025-05-12,C099,P015,Tea 500g,Groceries,230.43,1,Canada,230.43
O01781,2025-05-12,C099,P009,Jacket,Fashion,2876.55,1,UK,2876.55
O01781,2025-05-12,C099,P007,Jeans,Fashion,1427.22,2,India,2854.44
O01782,2025-07-05,C138,P005,Smartwatch,Electronics,7288.61,3,USA,21865.829999999998
O01782,2025-07-05,C138,P021,Cricket Bat,Sports,1540.77,1,USA,1540.77
O01782,2025-07-05,C138,P001,Smartphone,Electronics,18940.58,1,USA,18940.58
O01782,2025-07-05,C138,P024,Dumbbells 5kg,Sports,1292.87,1,Canada,1292.87
O01783,2025-03-24,C099,P006,T-Shirt,Fashion,675.12,3,USA,2025.3600000000001
O01784,2025-10-24,C165,P025,Badminton Racket,Sports,835.34,3,UK,2506.02
O01784,2025-10-24,C165,P019,Bedsheet,Home & Kitchen,906.76,3,UK,2720.2799999999997
O01784,2025-10-24,C165,P012,Wheat Flour 5kg,Groceries,344.9,3,Canada,1034.6999999999998
O01784,2025-10-24,C165,P015,Tea 500g,Groceries,222.82,1,USA,222.82
O01785,2025-09-14,C199,P019,Bedsheet,Home & Kitchen,986.81,1,Canada,986.81
O01785,2025-09-14,C199,P024,Dumbbells 5kg,Sports,1216.27,3,Canada,3648.81
O01785,2025-09-14,C199,P023,Yoga Mat,Sports,698.68,2,USA,1397.36
O01786,2025-02-12,C095,P021,Cricket Bat,Sports,1645.23,3,USA,4935.6900000000005
O01786,2025-02-12,C095,P009,Jacket,Fashion,3034.93,2,India,6069.86
O01786,2025-02-12,C095,P019,Bedsheet,Home & Kitchen,950.47,2,UK,1900.94
O01787,2025-01-23,C123,P016,Mixer Grinder,Home & Kitchen,3399.81,1,USA,3399.81
O01788,2025-06-24,C153,P024,Dumbbells 5kg,Sports,1204.01,2,USA,2408.02
O01788,2025-06-24,C153,P003,Headphones,Electronics,2397.34,2,UK,4794.68
O01788,2025-06-24,C153,P020,Water Bottle,Home & Kitchen,242.64,3,Canada,727.92
O01789,2025-03-04,C034,P004,Bluetooth Speaker,Electronics,3491.32,1,India,3491.32
O01789,2025-03-04,C034,P017,Pressure Cooker,Home & Kitchen,2181.17,1,Australia,2181.17
O01790,2025-08-17,C018,P010,Formal Shirt,Fashion,1218.42,1,Canada,1218.42
O01790,2025-08-17,C018,P018,Dinner Set,Home & Kitchen,2785.7,2,Canada,5571.4
O01790,2025-08-17,C018,P024,Dumbbells 5kg,Sports,1238.11,1,Canada,1238.11
O01790,2025-08-17,C018,P005,Smartwatch,Electronics,6674.32,2,India,13348.64
O01790,2025-08-17,C018,P020,Water Bottle,Home & Kitchen,255.94,3,India,767.8199999999999
O01791,2025-06-04,C118,P019,Bedsheet,Home & Kitchen,900.51,2,India,1801.02
O01791,2025-06-04,C118,P008,Sneakers,Fashion,2566.18,3,Canada,7698.539999999999
O01792,2025-12-12,C174,P019,Bedsheet,Home & Kitchen,876.41,3,USA,2629.23
O01792,2025-12-12,C174,P023,Yoga Mat,Sports,764.66,3,India,2293.98
O01792,2025-12-12,C174,P012,Wheat Flour 5kg,Groceries,344.41,1,India,344.41
O01793,2025-06-30,C092,P024,Dumbbells 5kg,Sports,1295.08,3,UK,3885.24
O01793,2025-06-30,C092,P016,Mixer Grinder,Home & Kitchen,3220.84,3,UK,9662.52
O01794,2025-06-20,C034,P007,Jeans,Fashion,1572.88,1,USA,1572.88
O01794,2025-06-20,C034,P010,Formal Shirt,Fashion,1221.43,3,Canada,3664.29
O01794,2025-06-20,C034,P009,Jacket,Fashion,3062.86,1,India,3062.86
O01794,2025-06-20,C034,P016,Mixer Grinder,Home & Kitchen,3287.97,2,India,6575.94
O01794,2025-06-20,C034,P023,Yoga Mat,Sports,676.58,1,India,676.58
O01795,2025-12-24,C025,P025,Badminton Racket,Sports,812.71,1,India,812.71
O01795,2025-12-24,C025,P005,Smartwatch,Electronics,6930.41,1,Canada,6930.41
O01795,2025-12-24,C025,P023,Yoga Mat,Sports,767.09,1,India,767.09
O01795,2025-12-24,C025,P008,Sneakers,Fashion,2379.2,3,Australia,7137.599999999999
O01796,2025-06-28,C050,P017,Pressure Cooker,Home & Kitchen,2097.6,3,Australia,6292.799999999999
O01796,2025-06-28,C050,P010,Formal Shirt,Fashion,1235.96,1,Australia,1235.96
O01796,2025-06-28,C050,P015,Tea 500g,Groceries,219.42,2,Australia,438.84
O01796,2025-06-28,C050,P022,Football,Sports,929.51,2,Canada,1859.02
O01797,2025-02-28,C016,P013,Cooking Oil 1L,Groceries,153.81,1,USA,153.81
O01797,2025-02-28,C016,P015,Tea 500g,Groceries,236.15,3,India,708.45
O01797,2025-02-28,C016,P009,Jacket,Fashion,3285.11,2,USA,6570.22
O01797,2025-02-28,C016,P018,Dinner Set,Home & Kitchen,2865.01,2,India,5730.02
O01798,2025-06-04,C016,P013,Cooking Oil 1L,Groceries,160.25,3,India,480.75
O01799,2025-01-26,C137,P021,Cricket Bat,Sports,1460.91,2,India,2921.82
O01799,2025-01-26,C137,P007,Jeans,Fashion,1628.25,3,Australia,4884.75
O01799,2025-01-26,C137,P004,Bluetooth Speaker,Electronics,3387.87,1,India,3387.87
O01799,2025-01-26,C137,P020,Water Bottle,Home & Kitchen,269.04,1,India,269.04
O01799,2025-01-26,C137,P008,Sneakers,Fashion,2615.11,2,India,5230.22
O01800,2025-07-01,C120,P013,Cooking Oil 1L,Groceries,175.36,1,UK,175.36
O01801,2025-05-19,C054,P014,Sugar 1kg,Groceries,52.53,1,India,52.53
O01802,2025-04-25,C104,P003,Headphones,Electronics,2689.88,1,Australia,2689.88
O01803,2025-04-12,C123,P016,Mixer Grinder,Home & Kitchen,3406.18,2,Canada,6812.36
O01803,2025-04-12,C123,P020,Water Bottle,Home & Kitchen,246.05,1,UK,246.05
O01804,2025-06-07,C121,P017,Pressure Cooker,Home & Kitchen,2096.16,2,India,4192.32
O01805,2025-09-25,C132,P024,Dumbbells 5kg,Sports,1211.05,2,Australia,2422.1
O01806,2025-07-27,C181,P020,Water Bottle,Home & Kitchen,255.14,1,India,255.14
O01807,2025-06-26,C136,P013,Cooking Oil 1L,Groceries,164.69,3,USA,494.07
O01807,2025-06-26,C136,P019,Bedsheet,Home & Kitchen,953.11,3,USA,2859.33
O01807,2025-06-26,C136,P016,Mixer Grinder,Home & Kitchen,3105.22,1,USA,3105.22
O01807,2025-06-26,C136,P009,Jacket,Fashion,3120.31,1,Australia,3120.31
O01808,2025-05-28,C057,P019,Bedsheet,Home & Kitchen,938.39,1,UK,938.39
O01808,2025-05-28,C057,P022,Football,Sports,967.08,3,Australia,2901.2400000000002
O01808,2025-05-28,C057,P001,Smartphone,Electronics,17868.55,3,India,53605.649999999994
O01808,2025-05-28,C057,P020,Water Bottle,Home & Kitchen,257.18,2,USA,514.36
O01808,2025-05-28,C057,P023,Yoga Mat,Sports,709.38,3,India,2128.14
O01809,2025-07-10,C018,P021,Cricket Bat,Sports,1531.67,3,UK,4595.01
O01809,2025-07-10,C018,P019,Bedsheet,Home & Kitchen,942.18,2,UK,1884.36
O01810,2025-01-26,C015,P019,Bedsheet,Home & Kitchen,895.07,3,Canada,2685.21
O01810,2025-01-26,C015,P021,Cricket Bat,Sports,1587.3,2,Canada,3174.6
O01810,2025-01-26,C015,P022,Football,Sports,973.06,1,USA,973.06
O01810,2025-01-26,C015,P004,Bluetooth Speaker,Electronics,3690.91,3,USA,11072.73
O01810,2025-01-26,C015,P001,Smartphone,Electronics,17609.54,1,India,17609.54
O01811,2025-06-03,C049,P006,T-Shirt,Fashion,682.43,2,USA,1364.86
O01811,2025-06-03,C049,P016,Mixer Grinder,Home & Kitchen,3437.95,2,UK,6875.9
O01811,2025-06-03,C049,P017,Pressure Cooker,Home & Kitchen,2124.5,1,USA,2124.5
O01811,2025-06-03,C049,P004,Bluetooth Speaker,Electronics,3583.47,2,Canada,7166.94
O01811,2025-06-03,C049,P002,Laptop,Electronics,56056.17,1,USA,56056.17
O01812,2025-11-16,C029,P003,Headphones,Electronics,2526.83,3,Canada,7580.49
O01812,2025-11-16,C029,P006,T-Shirt,Fashion,719.01,1,USA,719.01
O01812,2025-11-16,C029,P017,Pressure Cooker,Home & Kitchen,2382.25,2,USA,4764.5
O01812,2025-11-16,C029,P021,Cricket Bat,Sports,1554.1,3,Canada,4662.299999999999
O01813,2025-12-14,C117,P020,Water Bottle,Home & Kitchen,250.73,2,India,501.46
O01813,2025-12-14,C117,P004,Bluetooth Speaker,Electronics,3646.45,1,India,3646.45
O01814,2025-08-04,C159,P009,Jacket,Fashion,2911.72,3,UK,8735.16
O01814,2025-08-04,C159,P016,Mixer Grinder,Home & Kitchen,3390.4,1,UK,3390.4
O01814,2025-08-04,C159,P003,Headphones,Electronics,2699.18,3,USA,8097.539999999999
O01815,2025-12-23,C185,P010,Formal Shirt,Fashion,1162.33,1,Australia,1162.33
O01815,2025-12-23,C185,P024,Dumbbells 5kg,Sports,1307.58,1,Australia,1307.58
O01815,2025-12-23,C185,P014,Sugar 1kg,Groceries,54.43,2,USA,108.86
O01815,2025-12-23,C185,P004,Bluetooth Speaker,Electronics,3691.51,3,Australia,11074.53
O01815,2025-12-23,C185,P009,Jacket,Fashion,3126.11,1,USA,3126.11
O01816,2025-08-03,C031,P003,Headphones,Electronics,2507.12,1,Canada,2507.12
O01816,2025-08-03,C031,P016,Mixer Grinder,Home & Kitchen,3104.5,3,UK,9313.5
O01817,2025-05-30,C002,P012,Wheat Flour 5kg,Groceries,332.78,3,Australia,998.3399999999999
O01818,2025-04-20,C149,P016,Mixer Grinder,Home & Kitchen,3431.78,3,Canada,10295.34
O01818,2025-04-20,C149,P018,Dinner Set,Home & Kitchen,2770.67,2,Canada,5541.34
O01818,2025-04-20,C149,P003,Headphones,Electronics,2731.18,1,UK,2731.18
O01819,2025-06-20,C031,P024,Dumbbells 5kg,Sports,1261.97,3,Canada,3785.91
O01819,2025-06-20,C031,P016,Mixer Grinder,Home & Kitchen,3319.64,3,India,9958.92
O01819,2025-06-20,C031,P014,Sugar 1kg,Groceries,55.68,1,Australia,55.68
O01820,2025-01-22,C033,P004,Bluetooth Speaker,Electronics,3512.8,2,Australia,7025.6
O01820,2025-01-22,C033,P006,T-Shirt,Fashion,668.53,2,India,1337.06
O01821,2025-09-29,C185,P021,Cricket Bat,Sports,1496.05,1,Australia,1496.05
O01821,2025-09-29,C185,P025,Badminton Racket,Sports,775.19,2,USA,1550.38
O01821,2025-09-29,C185,P007,Jeans,Fashion,1636.12,3,USA,4908.36
O01822,2025-10-07,C080,P017,Pressure Cooker,Home & Kitchen,2207.1,2,Canada,4414.2
O01823,2025-04-27,C118,P022,Football,Sports,884.28,3,India,2652.84
O01824,2025-05-16,C169,P008,Sneakers,Fashion,2616.95,1,India,2616.95
O01824,2025-05-16,C169,P022,Football,Sports,945.94,1,India,945.94
O01824,2025-05-16,C169,P023,Yoga Mat,Sports,710.14,3,UK,2130.42
O01824,2025-05-16,C169,P012,Wheat Flour 5kg,Groceries,304.03,1,Australia,304.03
O01824,2025-05-16,C169,P001,Smartphone,Electronics,17571.12,1,Australia,17571.12
O01825,2025-08-25,C042,P023,Yoga Mat,Sports,741.21,1,USA,741.21
O01826,2025-01-15,C164,P002,Laptop,Electronics,56983.57,1,India,56983.57
O01826,2025-01-15,C164,P006,T-Shirt,Fashion,730.9,3,USA,2192.7
O01826,2025-01-15,C164,P013,Cooking Oil 1L,Groceries,173.67,3,USA,521.01
O01826,2025-01-15,C164,P004,Bluetooth Speaker,Electronics,3746.72,1,UK,3746.72
O01826,2025-01-15,C164,P005,Smartwatch,Electronics,7206.15,1,USA,7206.15
O01827,2025-06-22,C194,P024,Dumbbells 5kg,Sports,1265.46,3,Australia,3796.38
O01828,2025-09-12,C046,P025,Badminton Racket,Sports,804.78,3,India,2414.34
O01828,2025-09-12,C046,P004,Bluetooth Speaker,Electronics,3469.26,2,Canada,6938.52
O01828,2025-09-12,C046,P013,Cooking Oil 1L,Groceries,174.96,3,USA,524.88
O01829,2025-05-25,C097,P014,Sugar 1kg,Groceries,56.45,2,India,112.9
O01829,2025-05-25,C097,P022,Football,Sports,870.45,2,Australia,1740.9
O01829,2025-05-25,C097,P018,Dinner Set,Home & Kitchen,3031.56,2,Canada,6063.12
O01829,2025-05-25,C097,P003,Headphones,Electronics,2545.25,3,UK,7635.75
O01830,2025-05-30,C109,P013,Cooking Oil 1L,Groceries,162.94,3,UK,488.82
O01831,2025-01-20,C182,P013,Cooking Oil 1L,Groceries,155.0,3,India,465.0
O01831,2025-01-20,C182,P005,Smartwatch,Electronics,6907.55,1,USA,6907.55
O01832,2025-08-18,C118,P005,Smartwatch,Electronics,7196.73,1,Canada,7196.73
O01832,2025-08-18,C118,P020,Water Bottle,Home & Kitchen,267.23,1,Canada,267.23
O01832,2025-08-18,C118,P003,Headphones,Electronics,2583.37,3,Canada,7750.11
O01833,2025-02-16,C150,P016,Mixer Grinder,Home & Kitchen,3299.82,1,India,3299.82
O01833,2025-02-16,C150,P003,Headphones,Electronics,2653.19,1,USA,2653.19
O01833,2025-02-16,C150,P010,Formal Shirt,Fashion,1143.14,1,UK,1143.14
O01834,2025-12-08,C096,P010,Formal Shirt,Fashion,1312.26,3,Canada,3936.7799999999997
O01834,2025-12-08,C096,P015,Tea 500g,Groceries,228.36,3,UK,685.08
O01834,2025-12-08,C096,P022,Football,Sports,966.19,1,Australia,966.19
O01834,2025-12-08,C096,P020,Water Bottle,Home & Kitchen,248.1,2,USA,496.2
O01835,2025-02-28,C127,P010,Formal Shirt,Fashion,1154.71,1,Australia,1154.71
O01835,2025-02-28,C127,P024,Dumbbells 5kg,Sports,1309.2,1,UK,1309.2
O01835,2025-02-28,C127,P016,Mixer Grinder,Home & Kitchen,3186.23,1,USA,3186.23
O01836,2025-10-28,C152,P007,Jeans,Fashion,1458.31,3,USA,4374.93
O01837,2025-12-23,C133,P017,Pressure Cooker,Home & Kitchen,2165.47,2,USA,4330.94
O01837,2025-12-23,C133,P013,Cooking Oil 1L,Groceries,169.59,1,UK,169.59
O01837,2025-12-23,C133,P016,Mixer Grinder,Home & Kitchen,3496.67,2,India,6993.34
O01837,2025-12-23,C133,P022,Football,Sports,882.01,3,UK,2646.0299999999997
O01837,2025-12-23,C133,P021,Cricket Bat,Sports,1575.06,3,USA,4725.18
O01838,2025-08-28,C132,P013,Cooking Oil 1L,Groceries,158.73,3,India,476.18999999999994
O01838,2025-08-28,C132,P009,Jacket,Fashion,3051.78,1,Canada,3051.78
O01838,2025-08-28,C132,P003,Headphones,Electronics,2549.87,2,Canada,5099.74
O01838,2025-08-28,C132,P011,Rice 5kg,Groceries,333.54,1,UK,333.54
O01838,2025-08-28,C132,P017,Pressure Cooker,Home & Kitchen,2156.63,2,India,4313.26
O01839,2025-08-24,C149,P017,Pressure Cooker,Home & Kitchen,2144.21,2,India,4288.42
O01840,2025-10-10,C169,P008,Sneakers,Fashion,2384.27,2,UK,4768.54
O01840,2025-10-10,C169,P018,Dinner Set,Home & Kitchen,2776.26,2,UK,5552.52
O01841,2025-10-04,C190,P006,T-Shirt,Fashion,703.53,2,USA,1407.06
O01841,2025-10-04,C190,P010,Formal Shirt,Fashion,1302.37,3,UK,3907.1099999999997
O01841,2025-10-04,C190,P013,Cooking Oil 1L,Groceries,163.88,2,Australia,327.76
O01841,2025-10-04,C190,P024,Dumbbells 5kg,Sports,1291.45,3,Australia,3874.3500000000004
O01842,2025-07-12,C149,P022,Football,Sports,909.02,1,Canada,909.02
O01843,2025-01-16,C021,P011,Rice 5kg,Groceries,371.19,1,India,371.19
O01843,2025-01-16,C021,P008,Sneakers,Fashion,2702.33,2,Canada,5404.66
O01844,2025-04-13,C065,P017,Pressure Cooker,Home & Kitchen,2262.48,1,Australia,2262.48
O01845,2025-12-27,C004,P025,Badminton Racket,Sports,778.79,2,Canada,1557.58
O01845,2025-12-27,C004,P023,Yoga Mat,Sports,704.2,2,Canada,1408.4
O01846,2025-05-06,C105,P007,Jeans,Fashion,1470.28,2,Canada,2940.56
O01847,2025-05-25,C121,P011,Rice 5kg,Groceries,342.98,3,Australia,1028.94
O01847,2025-05-25,C121,P010,Formal Shirt,Fashion,1304.02,2,USA,2608.04
O01848,2025-09-27,C013,P021,Cricket Bat,Sports,1441.98,1,India,1441.98
O01849,2025-02-03,C131,P017,Pressure Cooker,Home & Kitchen,2404.6,2,Australia,4809.2
O01849,2025-02-03,C131,P014,Sugar 1kg,Groceries,53.64,2,UK,107.28
O01849,2025-02-03,C131,P005,Smartwatch,Electronics,7225.92,3,India,21677.760000000002
O01849,2025-02-03,C131,P025,Badminton Racket,Sports,775.9,2,India,1551.8
O01850,2025-05-20,C142,P009,Jacket,Fashion,3177.44,1,UK,3177.44
O01850,2025-05-20,C142,P014,Sugar 1kg,Groceries,52.79,3,Canada,158.37
O01850,2025-05-20,C142,P019,Bedsheet,Home & Kitchen,878.0,3,USA,2634.0
O01850,2025-05-20,C142,P024,Dumbbells 5kg,Sports,1177.02,1,Canada,1177.02
O01851,2025-10-11,C152,P012,Wheat Flour 5kg,Groceries,337.79,3,Canada,1013.3700000000001
O01851,2025-10-11,C152,P010,Formal Shirt,Fashion,1214.18,2,India,2428.36
O01851,2025-10-11,C152,P005,Smartwatch,Electronics,7051.11,1,UK,7051.11
O01851,2025-10-11,C152,P024,Dumbbells 5kg,Sports,1239.91,1,UK,1239.91
O01851,2025-10-11,C152,P001,Smartphone,Electronics,19108.3,1,UK,19108.3
O01852,2025-10-28,C101,P025,Badminton Racket,Sports,770.51,2,India,1541.02
O01852,2025-10-28,C101,P012,Wheat Flour 5kg,Groceries,334.72,3,USA,1004.1600000000001
O01852,2025-10-28,C101,P001,Smartphone,Electronics,17744.81,3,Canada,53234.43000000001
O01853,2025-12-26,C167,P019,Bedsheet,Home & Kitchen,980.12,3,USA,2940.36
O01854,2025-11-04,C022,P024,Dumbbells 5kg,Sports,1202.37,3,UK,3607.1099999999997
O01854,2025-11-04,C022,P010,Formal Shirt,Fashion,1254.08,2,UK,2508.16
O01855,2025-11-03,C084,P018,Dinner Set,Home & Kitchen,2988.8,2,UK,5977.6
O01855,2025-11-03,C084,P007,Jeans,Fashion,1575.19,1,India,1575.19
O01855,2025-11-03,C084,P015,Tea 500g,Groceries,227.5,2,India,455.0
O01855,2025-11-03,C084,P014,Sugar 1kg,Groceries,59.68,1,India,59.68
O01856,2025-03-25,C011,P025,Badminton Racket,Sports,839.91,3,UK,2519.73
O01856,2025-03-25,C011,P009,Jacket,Fashion,2896.7,3,Australia,8690.099999999999
O01857,2025-02-21,C103,P016,Mixer Grinder,Home & Kitchen,3173.95,3,Australia,9521.849999999999
O01858,2025-06-09,C040,P003,Headphones,Electronics,2514.94,2,India,5029.88
O01858,2025-06-09,C040,P007,Jeans,Fashion,1497.38,3,India,4492.14
O01858,2025-06-09,C040,P005,Smartwatch,Electronics,7573.23,3,Australia,22719.69
O01859,2025-03-21,C152,P012,Wheat Flour 5kg,Groceries,326.09,2,UK,652.18
O01859,2025-03-21,C152,P022,Football,Sports,918.89,1,Australia,918.89
O01859,2025-03-21,C152,P025,Badminton Racket,Sports,825.53,1,UK,825.53
O01859,2025-03-21,C152,P009,Jacket,Fashion,2973.34,1,UK,2973.34
O01860,2025-02-24,C124,P021,Cricket Bat,Sports,1491.05,3,Canada,4473.15
O01860,2025-02-24,C124,P025,Badminton Racket,Sports,815.23,3,USA,2445.69
O01860,2025-02-24,C124,P019,Bedsheet,Home & Kitchen,950.22,1,Canada,950.22
O01860,2025-02-24,C124,P016,Mixer Grinder,Home & Kitchen,3270.95,3,Australia,9812.849999999999
O01861,2025-04-01,C192,P011,Rice 5kg,Groceries,356.86,3,Australia,1070.58
O01862,2025-08-31,C146,P019,Bedsheet,Home & Kitchen,942.32,2,India,1884.64
O01863,2025-04-30,C139,P024,Dumbbells 5kg,Sports,1146.18,2,India,2292.36
O01863,2025-04-30,C139,P007,Jeans,Fashion,1520.57,2,Australia,3041.14
O01863,2025-04-30,C139,P003,Headphones,Electronics,2429.85,3,India,7289.549999999999
O01863,2025-04-30,C139,P016,Mixer Grinder,Home & Kitchen,3314.84,3,Canada,9944.52
O01864,2025-08-25,C083,P019,Bedsheet,Home & Kitchen,888.24,2,UK,1776.48
O01864,2025-08-25,C083,P017,Pressure Cooker,Home & Kitchen,2334.04,3,Australia,7002.12
O01864,2025-08-25,C083,P007,Jeans,Fashion,1521.98,3,USA,4565.9400000000005
O01864,2025-08-25,C083,P015,Tea 500g,Groceries,237.11,2,Canada,474.22
O01864,2025-08-25,C083,P022,Football,Sports,971.96,2,Canada,1943.92
O01865,2025-11-15,C049,P014,Sugar 1kg,Groceries,52.35,2,UK,104.7
O01866,2025-02-19,C117,P021,Cricket Bat,Sports,1574.59,2,India,3149.18
O01866,2025-02-19,C117,P004,Bluetooth Speaker,Electronics,3623.78,2,UK,7247.56
O01867,2025-03-15,C107,P009,Jacket,Fashion,2882.15,1,Canada,2882.15
O01867,2025-03-15,C107,P011,Rice 5kg,Groceries,338.43,3,Canada,1015.29
O01867,2025-03-15,C107,P022,Football,Sports,962.01,1,UK,962.01
O01867,2025-03-15,C107,P002,Laptop,Electronics,58624.13,3,Australia,175872.38999999998
O01868,2025-10-06,C130,P015,Tea 500g,Groceries,235.33,3,USA,705.99
O01868,2025-10-06,C130,P003,Headphones,Electronics,2502.83,1,USA,2502.83
O01868,2025-10-06,C130,P016,Mixer Grinder,Home & Kitchen,3279.89,2,UK,6559.78
O01869,2025-06-29,C094,P023,Yoga Mat,Sports,749.86,2,India,1499.72
O01869,2025-06-29,C094,P012,Wheat Flour 5kg,Groceries,316.13,2,UK,632.26
O01870,2025-05-30,C197,P006,T-Shirt,Fashion,675.94,2,India,1351.88
O01871,2025-05-13,C030,P006,T-Shirt,Fashion,760.72,1,Australia,760.72
O01871,2025-05-13,C030,P005,Smartwatch,Electronics,7621.47,1,USA,7621.47
O01871,2025-05-13,C030,P011,Rice 5kg,Groceries,365.11,1,India,365.11
O01872,2025-04-04,C061,P023,Yoga Mat,Sports,685.44,1,Australia,685.44
O01872,2025-04-04,C061,P021,Cricket Bat,Sports,1511.55,2,UK,3023.1
O01872,2025-04-04,C061,P018,Dinner Set,Home & Kitchen,2787.29,2,USA,5574.58
O01872,2025-04-04,C061,P007,Jeans,Fashion,1555.71,3,UK,4667.13
O01872,2025-04-04,C061,P012,Wheat Flour 5kg,Groceries,341.35,2,USA,682.7
O01873,2025-09-07,C013,P016,Mixer Grinder,Home & Kitchen,3341.87,3,UK,10025.61
O01873,2025-09-07,C013,P021,Cricket Bat,Sports,1580.96,1,Australia,1580.96
O01873,2025-09-07,C013,P011,Rice 5kg,Groceries,368.12,2,UK,736.24
O01873,2025-09-07,C013,P002,Laptop,Electronics,60149.87,1,UK,60149.87
O01873,2025-09-07,C013,P014,Sugar 1kg,Groceries,58.17,1,Canada,58.17
O01874,2025-04-17,C084,P020,Water Bottle,Home & Kitchen,243.53,3,USA,730.59
O01874,2025-04-17,C084,P021,Cricket Bat,Sports,1636.05,3,Canada,4908.15
O01874,2025-04-17,C084,P019,Bedsheet,Home & Kitchen,909.71,3,UK,2729.13
O01874,2025-04-17,C084,P010,Formal Shirt,Fashion,1170.13,3,India,3510.3900000000003
O01874,2025-04-17,C084,P003,Headphones,Electronics,2392.26,1,UK,2392.26
O01875,2025-10-13,C039,P010,Formal Shirt,Fashion,1185.19,1,USA,1185.19
O01875,2025-10-13,C039,P009,Jacket,Fashion,3005.46,2,Canada,6010.92
O01875,2025-10-13,C039,P002,Laptop,Electronics,56912.62,3,Canada,170737.86000000002
O01875,2025-10-13,C039,P021,Cricket Bat,Sports,1565.7,3,Australia,4697.1
O01876,2025-05-01,C189,P014,Sugar 1kg,Groceries,53.66,2,USA,107.32
O01876,2025-05-01,C189,P002,Laptop,Electronics,56477.1,3,India,169431.3
O01877,2025-09-22,C008,P019,Bedsheet,Home & Kitchen,983.0,3,Canada,2949.0
O01877,2025-09-22,C008,P010,Formal Shirt,Fashion,1179.18,2,India,2358.36
O01877,2025-09-22,C008,P006,T-Shirt,Fashion,710.66,1,Australia,710.66
O01877,2025-09-22,C008,P001,Smartphone,Electronics,19777.79,1,UK,19777.79
O01877,2025-09-22,C008,P025,Badminton Racket,Sports,854.86,1,UK,854.86
O01878,2025-04-12,C197,P008,Sneakers,Fashion,2526.08,1,UK,2526.08
O01878,2025-04-12,C197,P010,Formal Shirt,Fashion,1242.11,1,USA,1242.11
O01878,2025-04-12,C197,P023,Yoga Mat,Sports,675.15,1,UK,675.15
O01879,2025-01-06,C098,P002,Laptop,Electronics,57269.58,1,India,57269.58
O01879,2025-01-06,C098,P015,Tea 500g,Groceries,211.23,3,Canada,633.6899999999999
O01879,2025-01-06,C098,P022,Football,Sports,887.33,3,USA,2661.9900000000002
O01879,2025-01-06,C098,P005,Smartwatch,Electronics,7399.28,2,India,14798.56
O01879,2025-01-06,C098,P020,Water Bottle,Home & Kitchen,265.32,1,UK,265.32
O01880,2025-04-28,C122,P012,Wheat Flour 5kg,Groceries,324.79,2,Canada,649.58
O01880,2025-04-28,C122,P024,Dumbbells 5kg,Sports,1259.99,2,Canada,2519.98
O01880,2025-04-28,C122,P007,Jeans,Fashion,1531.36,3,USA,4594.08
O01881,2025-01-14,C199,P014,Sugar 1kg,Groceries,55.63,3,Australia,166.89000000000001
O01882,2025-04-08,C156,P001,Smartphone,Electronics,18043.3,3,USA,54129.899999999994
O01883,2025-11-28,C058,P015,Tea 500g,Groceries,216.92,3,USA,650.76
O01883,2025-11-28,C058,P010,Formal Shirt,Fashion,1144.69,2,India,2289.38
O01884,2025-12-22,C177,P020,Water Bottle,Home & Kitchen,259.63,1,India,259.63
O01885,2025-04-13,C163,P010,Formal Shirt,Fashion,1294.92,2,Canada,2589.84
O01885,2025-04-13,C163,P020,Water Bottle,Home & Kitchen,254.54,2,USA,509.08
O01885,2025-04-13,C163,P024,Dumbbells 5kg,Sports,1146.33,1,India,1146.33
O01885,2025-04-13,C163,P018,Dinner Set,Home & Kitchen,2737.04,3,Australia,8211.119999999999
O01886,2025-12-17,C066,P025,Badminton Racket,Sports,760.49,2,USA,1520.98
O01887,2025-08-15,C169,P015,Tea 500g,Groceries,223.71,1,Australia,223.71
O01888,2025-04-12,C156,P020,Water Bottle,Home & Kitchen,257.35,1,Canada,257.35
O01888,2025-04-12,C156,P005,Smartwatch,Electronics,7681.7,1,India,7681.7
O01888,2025-04-12,C156,P022,Football,Sports,923.37,2,Australia,1846.74
O01888,2025-04-12,C156,P014,Sugar 1kg,Groceries,55.33,3,Canada,165.99
O01889,2025-11-20,C050,P018,Dinner Set,Home & Kitchen,2858.42,3,USA,8575.26
O01889,2025-11-20,C050,P005,Smartwatch,Electronics,7426.01,3,Australia,22278.03
O01889,2025-11-20,C050,P002,Laptop,Electronics,59367.9,3,USA,178103.7
O01890,2025-08-31,C059,P009,Jacket,Fashion,2882.05,3,India,8646.150000000001
O01890,2025-08-31,C059,P012,Wheat Flour 5kg,Groceries,334.16,1,India,334.16
O01890,2025-08-31,C059,P023,Yoga Mat,Sports,715.59,1,UK,715.59
O01891,2025-10-07,C056,P023,Yoga Mat,Sports,738.38,2,Canada,1476.76
O01892,2025-01-11,C015,P020,Water Bottle,Home & Kitchen,248.83,1,Canada,248.83
O01892,2025-01-11,C015,P018,Dinner Set,Home & Kitchen,2860.49,1,Australia,2860.49
O01893,2025-01-01,C082,P004,Bluetooth Speaker,Electronics,3459.78,3,UK,10379.34
O01893,2025-01-01,C082,P003,Headphones,Electronics,2405.78,2,UK,4811.56
O01893,2025-01-01,C082,P005,Smartwatch,Electronics,7496.58,1,Canada,7496.58
O01893,2025-01-01,C082,P016,Mixer Grinder,Home & Kitchen,3442.28,2,Australia,6884.56
O01894,2025-07-03,C188,P013,Cooking Oil 1L,Groceries,159.46,1,Australia,159.46
O01894,2025-07-03,C188,P001,Smartphone,Electronics,17999.56,2,UK,35999.12
O01894,2025-07-03,C188,P018,Dinner Set,Home & Kitchen,2879.54,2,India,5759.08
O01894,2025-07-03,C188,P023,Yoga Mat,Sports,702.57,3,India,2107.71
O01895,2025-05-29,C050,P012,Wheat Flour 5kg,Groceries,335.45,1,India,335.45
O01895,2025-05-29,C050,P001,Smartphone,Electronics,18363.69,2,India,36727.38
O01895,2025-05-29,C050,P009,Jacket,Fashion,3233.49,3,Australia,9700.47
O01896,2025-12-01,C120,P008,Sneakers,Fashion,2705.79,1,USA,2705.79
O01896,2025-12-01,C120,P020,Water Bottle,Home & Kitchen,250.98,3,India,752.9399999999999
O01896,2025-12-01,C120,P010,Formal Shirt,Fashion,1225.69,2,Australia,2451.38
O01897,2025-09-01,C161,P007,Jeans,Fashion,1550.92,2,India,3101.84
O01897,2025-09-01,C161,P020,Water Bottle,Home & Kitchen,253.55,3,Canada,760.6500000000001
O01897,2025-09-01,C161,P012,Wheat Flour 5kg,Groceries,314.86,2,UK,629.72
O01898,2025-09-22,C132,P012,Wheat Flour 5kg,Groceries,319.51,2,Australia,639.02
O01898,2025-09-22,C132,P009,Jacket,Fashion,2977.25,2,UK,5954.5
O01898,2025-09-22,C132,P025,Badminton Racket,Sports,836.56,2,Canada,1673.12
O01898,2025-09-22,C132,P003,Headphones,Electronics,2444.5,1,Australia,2444.5
O01899,2025-03-30,C160,P006,T-Shirt,Fashion,758.75,3,India,2276.25
O01899,2025-03-30,C160,P009,Jacket,Fashion,3039.38,3,Canada,9118.14
O01899,2025-03-30,C160,P019,Bedsheet,Home & Kitchen,959.86,3,Canada,2879.58
O01899,2025-03-30,C160,P005,Smartwatch,Electronics,6920.95,2,Canada,13841.9
O01900,2025-11-14,C078,P008,Sneakers,Fashion,2618.74,2,India,5237.48
O01900,2025-11-14,C078,P022,Football,Sports,899.94,2,UK,1799.88
O01900,2025-11-14,C078,P010,Formal Shirt,Fashion,1188.88,2,Australia,2377.76
O01900,2025-11-14,C078,P023,Yoga Mat,Sports,764.0,2,Australia,1528.0
O01901,2025-09-14,C052,P018,Dinner Set,Home & Kitchen,2983.5,1,India,2983.5
O01901,2025-09-14,C052,P002,Laptop,Electronics,56612.89,1,Australia,56612.89
O01901,2025-09-14,C052,P013,Cooking Oil 1L,Groceries,174.85,2,Canada,349.7
O01901,2025-09-14,C052,P010,Formal Shirt,Fashion,1311.64,1,India,1311.64
O01901,2025-09-14,C052,P024,Dumbbells 5kg,Sports,1231.88,3,Canada,3695.6400000000003
O01902,2025-10-31,C078,P008,Sneakers,Fashion,2594.7,2,Canada,5189.4
O01902,2025-10-31,C078,P013,Cooking Oil 1L,Groceries,168.55,3,UK,505.65000000000003
O01902,2025-10-31,C078,P011,Rice 5kg,Groceries,343.57,2,India,687.14
O01902,2025-10-31,C078,P018,Dinner Set,Home & Kitchen,2754.97,3,Australia,8264.91
O01902,2025-10-31,C078,P016,Mixer Grinder,Home & Kitchen,3046.78,1,Australia,3046.78
O01903,2025-10-28,C163,P020,Water Bottle,Home & Kitchen,241.62,1,UK,241.62
O01904,2025-09-27,C001,P013,Cooking Oil 1L,Groceries,159.08,1,Australia,159.08
O01904,2025-09-27,C001,P020,Water Bottle,Home & Kitchen,267.02,3,USA,801.06
O01905,2025-02-21,C030,P023,Yoga Mat,Sports,709.22,1,Australia,709.22
O01905,2025-02-21,C030,P025,Badminton Racket,Sports,760.09,1,Canada,760.09
O01905,2025-02-21,C030,P018,Dinner Set,Home & Kitchen,2906.78,1,Canada,2906.78
O01905,2025-02-21,C030,P019,Bedsheet,Home & Kitchen,903.19,2,Canada,1806.38
O01905,2025-02-21,C030,P017,Pressure Cooker,Home & Kitchen,2350.3,2,Australia,4700.6
O01906,2025-06-04,C035,P010,Formal Shirt,Fashion,1167.3,1,India,1167.3
O01906,2025-06-04,C035,P002,Laptop,Electronics,57519.81,1,Australia,57519.81
O01906,2025-06-04,C035,P025,Badminton Racket,Sports,842.48,2,USA,1684.96
O01907,2025-09-13,C021,P004,Bluetooth Speaker,Electronics,3719.54,3,India,11158.619999999999
O01907,2025-09-13,C021,P014,Sugar 1kg,Groceries,54.71,1,India,54.71
O01908,2025-10-07,C094,P017,Pressure Cooker,Home & Kitchen,2105.65,1,India,2105.65
O01908,2025-10-07,C094,P012,Wheat Flour 5kg,Groceries,326.76,1,Australia,326.76
O01908,2025-10-07,C094,P024,Dumbbells 5kg,Sports,1307.72,3,Canada,3923.16
O01908,2025-10-07,C094,P007,Jeans,Fashion,1584.62,2,Australia,3169.24
O01909,2025-08-19,C175,P021,Cricket Bat,Sports,1450.07,3,Australia,4350.21
O01909,2025-08-19,C175,P015,Tea 500g,Groceries,214.19,3,Canada,642.5699999999999
O01909,2025-08-19,C175,P023,Yoga Mat,Sports,709.88,2,USA,1419.76
O01909,2025-08-19,C175,P005,Smartwatch,Electronics,7654.98,2,USA,15309.96
O01910,2025-01-31,C076,P011,Rice 5kg,Groceries,364.34,2,India,728.68
O01910,2025-01-31,C076,P019,Bedsheet,Home & Kitchen,986.23,3,USA,2958.69
O01910,2025-01-31,C076,P004,Bluetooth Speaker,Electronics,3722.94,2,USA,7445.88
O01910,2025-01-31,C076,P010,Formal Shirt,Fashion,1192.39,1,UK,1192.39
O01911,2025-11-08,C088,P019,Bedsheet,Home & Kitchen,943.42,3,UK,2830.2599999999998
O01911,2025-11-08,C088,P003,Headphones,Electronics,2747.72,1,Canada,2747.72
O01912,2025-04-16,C180,P012,Wheat Flour 5kg,Groceries,338.74,2,Australia,677.48
O01912,2025-04-16,C180,P015,Tea 500g,Groceries,212.21,2,India,424.42
O01912,2025-04-16,C180,P022,Football,Sports,918.01,2,India,1836.02
O01913,2025-08-17,C160,P021,Cricket Bat,Sports,1558.27,3,USA,4674.8099999999995
O01913,2025-08-17,C160,P010,Formal Shirt,Fashion,1298.7,1,India,1298.7
O01913,2025-08-17,C160,P006,T-Shirt,Fashion,670.48,1,Canada,670.48
O01914,2025-10-28,C061,P005,Smartwatch,Electronics,7047.31,1,USA,7047.31
O01914,2025-10-28,C061,P019,Bedsheet,Home & Kitchen,937.88,3,India,2813.64
O01914,2025-10-28,C061,P001,Smartphone,Electronics,18746.82,1,USA,18746.82
O01914,2025-10-28,C061,P006,T-Shirt,Fashion,700.69,3,Canada,2102.07
O01915,2025-07-17,C058,P004,Bluetooth Speaker,Electronics,3558.22,3,USA,10674.66
O01915,2025-07-17,C058,P018,Dinner Set,Home & Kitchen,2900.08,3,India,8700.24
O01915,2025-07-17,C058,P009,Jacket,Fashion,3071.67,2,Australia,6143.34
O01916,2025-01-10,C118,P003,Headphones,Electronics,2431.18,1,USA,2431.18
O01917,2025-04-06,C042,P008,Sneakers,Fashion,2498.2,3,Canada,7494.599999999999
O01917,2025-04-06,C042,P007,Jeans,Fashion,1481.03,1,Canada,1481.03
O01917,2025-04-06,C042,P021,Cricket Bat,Sports,1605.67,2,Canada,3211.34
O01917,2025-04-06,C042,P009,Jacket,Fashion,3269.54,2,Australia,6539.08
O01917,2025-04-06,C042,P005,Smartwatch,Electronics,7098.0,1,India,7098.0
O01918,2025-09-30,C197,P001,Smartphone,Electronics,17585.21,1,UK,17585.21
O01918,2025-09-30,C197,P024,Dumbbells 5kg,Sports,1283.9,3,USA,3851.7000000000003
O01919,2025-08-03,C152,P012,Wheat Flour 5kg,Groceries,334.44,2,Canada,668.88
O01919,2025-08-03,C152,P014,Sugar 1kg,Groceries,53.02,3,Canada,159.06
O01919,2025-08-03,C152,P006,T-Shirt,Fashion,693.37,2,UK,1386.74
O01920,2025-04-25,C145,P007,Jeans,Fashion,1588.26,1,UK,1588.26
O01920,2025-04-25,C145,P002,Laptop,Electronics,54094.18,1,UK,54094.18
O01920,2025-04-25,C145,P013,Cooking Oil 1L,Groceries,161.64,2,Canada,323.28
O01920,2025-04-25,C145,P019,Bedsheet,Home & Kitchen,903.96,2,USA,1807.92
O01921,2025-12-31,C064,P002,Laptop,Electronics,55066.07,3,UK,165198.21
O01921,2025-12-31,C064,P012,Wheat Flour 5kg,Groceries,311.09,2,UK,622.18
O01921,2025-12-31,C064,P025,Badminton Racket,Sports,848.94,3,USA,2546.82
O01922,2025-02-18,C050,P011,Rice 5kg,Groceries,359.15,1,India,359.15
O01923,2025-05-18,C080,P016,Mixer Grinder,Home & Kitchen,3352.05,3,USA,10056.150000000001
O01923,2025-05-18,C080,P001,Smartphone,Electronics,18046.93,2,Australia,36093.86
O01923,2025-05-18,C080,P010,Formal Shirt,Fashion,1262.74,2,India,2525.48
O01923,2025-05-18,C080,P003,Headphones,Electronics,2450.92,2,UK,4901.84
O01923,2025-05-18,C080,P023,Yoga Mat,Sports,750.23,2,Australia,1500.46
O01924,2025-10-02,C168,P013,Cooking Oil 1L,Groceries,169.35,3,Australia,508.04999999999995
O01924,2025-10-02,C168,P005,Smartwatch,Electronics,7273.39,1,Canada,7273.39
O01924,2025-10-02,C168,P006,T-Shirt,Fashion,699.98,3,UK,2099.94
O01924,2025-10-02,C168,P019,Bedsheet,Home & Kitchen,960.34,3,Canada,2881.02
O01925,2025-04-14,C121,P020,Water Bottle,Home & Kitchen,239.57,2,USA,479.14
O01925,2025-04-14,C121,P015,Tea 500g,Groceries,214.11,2,India,428.22
O01925,2025-04-14,C121,P001,Smartphone,Electronics,19289.43,2,Australia,38578.86
O01925,2025-04-14,C121,P006,T-Shirt,Fashion,704.28,3,Australia,2112.84
O01926,2025-05-27,C057,P008,Sneakers,Fashion,2413.7,2,India,4827.4
O01926,2025-05-27,C057,P010,Formal Shirt,Fashion,1279.84,3,Canada,3839.5199999999995
O01926,2025-05-27,C057,P001,Smartphone,Electronics,19348.89,3,Australia,58046.67
O01926,2025-05-27,C057,P009,Jacket,Fashion,3192.27,3,UK,9576.81
O01926,2025-05-27,C057,P022,Football,Sports,981.34,3,Australia,2944.02
O01927,2025-04-18,C100,P013,Cooking Oil 1L,Groceries,153.77,3,India,461.31000000000006
O01928,2025-10-31,C190,P023,Yoga Mat,Sports,753.92,3,Australia,2261.7599999999998
O01928,2025-10-31,C190,P003,Headphones,Electronics,2737.16,3,India,8211.48
O01929,2025-02-19,C161,P012,Wheat Flour 5kg,Groceries,326.96,2,UK,653.92
O01929,2025-02-19,C161,P020,Water Bottle,Home & Kitchen,250.72,2,UK,501.44
O01929,2025-02-19,C161,P016,Mixer Grinder,Home & Kitchen,3442.94,2,Canada,6885.88
O01930,2025-05-04,C029,P025,Badminton Racket,Sports,867.17,3,Canada,2601.5099999999998
O01930,2025-05-04,C029,P021,Cricket Bat,Sports,1561.98,1,India,1561.98
O01930,2025-05-04,C029,P013,Cooking Oil 1L,Groceries,159.29,3,India,477.87
O01930,2025-05-04,C029,P011,Rice 5kg,Groceries,381.14,3,India,1143.42
O01930,2025-05-04,C029,P005,Smartwatch,Electronics,6805.81,2,Canada,13611.62
O01931,2025-11-11,C022,P011,Rice 5kg,Groceries,354.25,1,India,354.25
O01931,2025-11-11,C022,P020,Water Bottle,Home & Kitchen,259.28,3,UK,777.8399999999999
O01932,2025-10-16,C082,P017,Pressure Cooker,Home & Kitchen,2295.12,3,UK,6885.36
O01932,2025-10-16,C082,P009,Jacket,Fashion,3296.97,2,India,6593.94
O01932,2025-10-16,C082,P010,Formal Shirt,Fashion,1169.07,2,India,2338.14
O01932,2025-10-16,C082,P012,Wheat Flour 5kg,Groceries,324.33,3,UK,972.99
O01932,2025-10-16,C082,P008,Sneakers,Fashion,2558.11,2,Australia,5116.22
O01933,2025-09-18,C125,P003,Headphones,Electronics,2677.76,1,Canada,2677.76
O01933,2025-09-18,C125,P005,Smartwatch,Electronics,6945.38,1,USA,6945.38
O01934,2025-07-17,C084,P017,Pressure Cooker,Home & Kitchen,2252.07,2,UK,4504.14
O01934,2025-07-17,C084,P016,Mixer Grinder,Home & Kitchen,3390.14,2,India,6780.28
O01934,2025-07-17,C084,P020,Water Bottle,Home & Kitchen,265.12,3,Australia,795.36
O01935,2025-08-01,C052,P022,Football,Sports,968.98,3,UK,2906.94
O01935,2025-08-01,C052,P016,Mixer Grinder,Home & Kitchen,3515.42,2,Canada,7030.84
O01935,2025-08-01,C052,P006,T-Shirt,Fashion,695.96,1,Australia,695.96
O01935,2025-08-01,C052,P020,Water Bottle,Home & Kitchen,259.16,3,UK,777.48
O01935,2025-08-01,C052,P017,Pressure Cooker,Home & Kitchen,2139.0,2,USA,4278.0
O01936,2025-04-05,C033,P015,Tea 500g,Groceries,220.68,3,India,662.04
O01936,2025-04-05,C033,P009,Jacket,Fashion,3015.72,2,Australia,6031.44
O01936,2025-04-05,C033,P024,Dumbbells 5kg,Sports,1205.28,3,UK,3615.84
O01936,2025-04-05,C033,P012,Wheat Flour 5kg,Groceries,330.2,3,Canada,990.5999999999999
O01936,2025-04-05,C033,P002,Laptop,Electronics,52601.52,2,UK,105203.04
O01937,2025-02-22,C128,P007,Jeans,Fashion,1446.14,1,Australia,1446.14
O01937,2025-02-22,C128,P010,Formal Shirt,Fashion,1203.29,2,UK,2406.58
O01937,2025-02-22,C128,P011,Rice 5kg,Groceries,365.28,2,Canada,730.56
O01937,2025-02-22,C128,P023,Yoga Mat,Sports,711.25,3,UK,2133.75
O01938,2025-06-18,C007,P009,Jacket,Fashion,3247.79,3,Canada,9743.369999999999
O01938,2025-06-18,C007,P015,Tea 500g,Groceries,226.5,2,UK,453.0
O01939,2025-04-20,C080,P018,Dinner Set,Home & Kitchen,2961.11,3,India,8883.33
O01939,2025-04-20,C080,P014,Sugar 1kg,Groceries,54.88,3,Canada,164.64000000000001
O01939,2025-04-20,C080,P009,Jacket,Fashion,2900.14,3,Australia,8700.42
O01939,2025-04-20,C080,P001,Smartphone,Electronics,19768.65,2,USA,39537.3
O01939,2025-04-20,C080,P017,Pressure Cooker,Home & Kitchen,2346.24,1,India,2346.24
O01940,2025-02-17,C193,P006,T-Shirt,Fashion,762.07,3,India,2286.21
O01940,2025-02-17,C193,P019,Bedsheet,Home & Kitchen,943.0,3,Canada,2829.0
O01940,2025-02-17,C193,P012,Wheat Flour 5kg,Groceries,321.54,1,Australia,321.54
O01940,2025-02-17,C193,P007,Jeans,Fashion,1494.67,3,Australia,4484.01
O01941,2025-08-09,C158,P017,Pressure Cooker,Home & Kitchen,2267.17,1,UK,2267.17
O01941,2025-08-09,C158,P014,Sugar 1kg,Groceries,53.43,3,USA,160.29
O01941,2025-08-09,C158,P010,Formal Shirt,Fashion,1236.79,1,UK,1236.79
O01941,2025-08-09,C158,P020,Water Bottle,Home & Kitchen,238.54,1,USA,238.54
O01941,2025-08-09,C158,P025,Badminton Racket,Sports,867.83,3,USA,2603.4900000000002
O01942,2025-06-07,C128,P011,Rice 5kg,Groceries,336.03,2,Australia,672.06
O01943,2025-12-15,C052,P019,Bedsheet,Home & Kitchen,870.14,1,Canada,870.14
O01943,2025-12-15,C052,P013,Cooking Oil 1L,Groceries,153.76,2,USA,307.52
O01943,2025-12-15,C052,P001,Smartphone,Electronics,19021.63,2,USA,38043.26
O01943,2025-12-15,C052,P021,Cricket Bat,Sports,1497.58,2,UK,2995.16
O01944,2025-03-26,C196,P001,Smartphone,Electronics,17665.47,3,Canada,52996.41
O01944,2025-03-26,C196,P002,Laptop,Electronics,59112.31,3,Canada,177336.93
O01944,2025-03-26,C196,P016,Mixer Grinder,Home & Kitchen,3253.14,1,Canada,3253.14
O01944,2025-03-26,C196,P017,Pressure Cooker,Home & Kitchen,2367.45,1,USA,2367.45
O01944,2025-03-26,C196,P021,Cricket Bat,Sports,1577.28,1,UK,1577.28
O01945,2025-02-01,C136,P013,Cooking Oil 1L,Groceries,173.38,1,Canada,173.38
O01945,2025-02-01,C136,P020,Water Bottle,Home & Kitchen,258.6,2,Australia,517.2
O01945,2025-02-01,C136,P004,Bluetooth Speaker,Electronics,3768.64,1,Australia,3768.64
O01946,2025-11-14,C006,P003,Headphones,Electronics,2521.5,2,USA,5043.0
O01946,2025-11-14,C006,P025,Badminton Racket,Sports,876.09,3,UK,2628.27
O01946,2025-11-14,C006,P011,Rice 5kg,Groceries,351.82,2,Australia,703.64
O01947,2025-06-14,C025,P017,Pressure Cooker,Home & Kitchen,2166.05,3,UK,6498.150000000001
O01947,2025-06-14,C025,P009,Jacket,Fashion,2939.75,2,India,5879.5
O01947,2025-06-14,C025,P012,Wheat Flour 5kg,Groceries,308.97,1,Australia,308.97
O01947,2025-06-14,C025,P021,Cricket Bat,Sports,1649.02,1,Canada,1649.02
O01948,2025-05-14,C142,P025,Badminton Racket,Sports,841.09,2,India,1682.18
O01948,2025-05-14,C142,P021,Cricket Bat,Sports,1507.75,1,UK,1507.75
O01949,2025-10-31,C055,P006,T-Shirt,Fashion,754.49,3,India,2263.4700000000003
O01950,2025-04-01,C199,P005,Smartwatch,Electronics,7418.22,3,USA,22254.66
O01950,2025-04-01,C199,P004,Bluetooth Speaker,Electronics,3611.26,3,UK,10833.78
O01950,2025-04-01,C199,P024,Dumbbells 5kg,Sports,1188.92,3,Canada,3566.76
O01950,2025-04-01,C199,P017,Pressure Cooker,Home & Kitchen,2222.77,1,USA,2222.77
O01951,2025-05-26,C143,P010,Formal Shirt,Fashion,1141.88,3,Australia,3425.6400000000003
O01951,2025-05-26,C143,P022,Football,Sports,944.51,3,Canada,2833.5299999999997
O01951,2025-05-26,C143,P004,Bluetooth Speaker,Electronics,3412.61,1,USA,3412.61
O01951,2025-05-26,C143,P015,Tea 500g,Groceries,233.31,3,Canada,699.9300000000001
O01951,2025-05-26,C143,P002,Laptop,Electronics,58313.11,2,Canada,116626.22
O01952,2025-09-25,C056,P005,Smartwatch,Electronics,6929.44,1,India,6929.44
O01953,2025-04-25,C094,P014,Sugar 1kg,Groceries,52.79,3,Canada,158.37
O01953,2025-04-25,C094,P015,Tea 500g,Groceries,238.92,1,Canada,238.92
O01954,2025-03-05,C088,P015,Tea 500g,Groceries,237.15,1,India,237.15
O01954,2025-03-05,C088,P016,Mixer Grinder,Home & Kitchen,3300.04,3,Canada,9900.119999999999
O01954,2025-03-05,C088,P006,T-Shirt,Fashion,672.03,1,UK,672.03
O01954,2025-03-05,C088,P025,Badminton Racket,Sports,854.26,3,Australia,2562.7799999999997
O01954,2025-03-05,C088,P010,Formal Shirt,Fashion,1195.03,2,Australia,2390.06
O01955,2025-04-06,C165,P008,Sneakers,Fashion,2537.42,3,Canada,7612.26
O01956,2025-03-27,C189,P022,Football,Sports,951.31,3,India,2853.93
O01956,2025-03-27,C189,P011,Rice 5kg,Groceries,381.63,2,Australia,763.26
O01957,2025-04-21,C142,P006,T-Shirt,Fashion,753.56,3,Canada,2260.68
O01957,2025-04-21,C142,P016,Mixer Grinder,Home & Kitchen,3446.65,1,USA,3446.65
O01957,2025-04-21,C142,P020,Water Bottle,Home & Kitchen,259.19,1,Canada,259.19
O01958,2025-04-01,C200,P004,Bluetooth Speaker,Electronics,3727.04,1,UK,3727.04
O01958,2025-04-01,C200,P011,Rice 5kg,Groceries,381.27,2,Australia,762.54
O01958,2025-04-01,C200,P014,Sugar 1kg,Groceries,60.13,2,Canada,120.26
O01958,2025-04-01,C200,P016,Mixer Grinder,Home & Kitchen,3486.86,3,Australia,10460.58
O01959,2025-08-28,C046,P007,Jeans,Fashion,1479.8,3,USA,4439.4
O01960,2025-09-02,C097,P010,Formal Shirt,Fashion,1154.41,1,UK,1154.41
O01960,2025-09-02,C097,P019,Bedsheet,Home & Kitchen,981.89,2,Australia,1963.78
O01960,2025-09-02,C097,P014,Sugar 1kg,Groceries,56.15,2,UK,112.3
O01960,2025-09-02,C097,P013,Cooking Oil 1L,Groceries,165.78,2,UK,331.56
O01961,2025-08-26,C033,P018,Dinner Set,Home & Kitchen,2896.82,2,USA,5793.64
O01962,2025-08-19,C030,P007,Jeans,Fashion,1620.73,2,Australia,3241.46
O01962,2025-08-19,C030,P014,Sugar 1kg,Groceries,56.28,1,Australia,56.28
O01963,2025-12-23,C069,P022,Football,Sports,903.14,1,Canada,903.14
O01963,2025-12-23,C069,P012,Wheat Flour 5kg,Groceries,314.58,1,UK,314.58
O01964,2025-06-19,C103,P024,Dumbbells 5kg,Sports,1214.39,2,UK,2428.78
O01964,2025-06-19,C103,P006,T-Shirt,Fashion,742.4,3,UK,2227.2
O01964,2025-06-19,C103,P022,Football,Sports,981.79,1,India,981.79
O01965,2025-02-05,C162,P019,Bedsheet,Home & Kitchen,928.77,2,Australia,1857.54
O01965,2025-02-05,C162,P021,Cricket Bat,Sports,1632.81,1,India,1632.81
O01966,2025-04-05,C108,P004,Bluetooth Speaker,Electronics,3685.49,3,UK,11056.47
O01967,2025-07-30,C048,P014,Sugar 1kg,Groceries,53.63,2,Australia,107.26
O01967,2025-07-30,C048,P012,Wheat Flour 5kg,Groceries,348.9,1,USA,348.9
O01967,2025-07-30,C048,P009,Jacket,Fashion,3085.12,3,USA,9255.36
O01968,2025-02-19,C026,P014,Sugar 1kg,Groceries,53.93,1,USA,53.93
O01968,2025-02-19,C026,P024,Dumbbells 5kg,Sports,1171.82,2,India,2343.64
O01968,2025-02-19,C026,P019,Bedsheet,Home & Kitchen,926.95,2,USA,1853.9
O01968,2025-02-19,C026,P016,Mixer Grinder,Home & Kitchen,3468.26,2,Australia,6936.52
O01969,2025-01-03,C019,P009,Jacket,Fashion,2889.25,1,Australia,2889.25
O01969,2025-01-03,C019,P003,Headphones,Electronics,2679.4,2,Australia,5358.8
O01969,2025-01-03,C019,P024,Dumbbells 5kg,Sports,1164.92,3,USA,3494.76
O01969,2025-01-03,C019,P008,Sneakers,Fashion,2501.9,3,USA,7505.700000000001
O01970,2025-03-07,C060,P002,Laptop,Electronics,58594.19,2,India,117188.38
O01971,2025-02-08,C025,P010,Formal Shirt,Fashion,1299.13,1,India,1299.13
O01972,2025-04-29,C078,P019,Bedsheet,Home & Kitchen,911.21,2,UK,1822.42
O01972,2025-04-29,C078,P023,Yoga Mat,Sports,710.82,2,Australia,1421.64
O01972,2025-04-29,C078,P011,Rice 5kg,Groceries,368.39,2,Australia,736.78
O01972,2025-04-29,C078,P014,Sugar 1kg,Groceries,53.97,3,India,161.91
O01973,2025-01-01,C029,P013,Cooking Oil 1L,Groceries,162.89,1,Canada,162.89
O01974,2025-06-12,C065,P007,Jeans,Fashion,1506.92,3,Australia,4520.76
O01974,2025-06-12,C065,P006,T-Shirt,Fashion,767.99,2,USA,1535.98
O01974,2025-06-12,C065,P022,Football,Sports,877.83,2,Canada,1755.66
O01975,2025-08-19,C060,P016,Mixer Grinder,Home & Kitchen,3107.39,2,Canada,6214.78
O01975,2025-08-19,C060,P001,Smartphone,Electronics,18240.25,3,Australia,54720.75
O01976,2025-11-08,C049,P018,Dinner Set,Home & Kitchen,3051.81,1,UK,3051.81
O01976,2025-11-08,C049,P014,Sugar 1kg,Groceries,56.43,3,India,169.29
O01977,2025-07-23,C162,P013,Cooking Oil 1L,Groceries,169.66,1,Australia,169.66
O01978,2025-01-24,C178,P019,Bedsheet,Home & Kitchen,987.33,2,India,1974.66
O01978,2025-01-24,C178,P012,Wheat Flour 5kg,Groceries,311.64,2,Australia,623.28
O01978,2025-01-24,C178,P013,Cooking Oil 1L,Groceries,164.65,1,India,164.65
O01978,2025-01-24,C178,P005,Smartwatch,Electronics,7175.09,1,UK,7175.09
O01979,2025-06-19,C131,P022,Football,Sports,935.71,2,India,1871.42
O01979,2025-06-19,C131,P005,Smartwatch,Electronics,7146.03,1,Australia,7146.03
O01980,2025-06-20,C040,P007,Jeans,Fashion,1425.13,3,Canada,4275.39
O01980,2025-06-20,C040,P025,Badminton Racket,Sports,856.54,1,Canada,856.54
O01980,2025-06-20,C040,P016,Mixer Grinder,Home & Kitchen,3180.05,3,India,9540.150000000001
O01980,2025-06-20,C040,P006,T-Shirt,Fashion,683.59,2,UK,1367.18
O01980,2025-06-20,C040,P015,Tea 500g,Groceries,219.78,1,Canada,219.78
O01981,2025-03-23,C028,P017,Pressure Cooker,Home & Kitchen,2146.02,3,Australia,6438.0599999999995
O01981,2025-03-23,C028,P005,Smartwatch,Electronics,7138.65,3,Canada,21415.949999999997
O01981,2025-03-23,C028,P004,Bluetooth Speaker,Electronics,3501.18,3,USA,10503.539999999999
O01981,2025-03-23,C028,P007,Jeans,Fashion,1609.61,3,Canada,4828.83
O01981,2025-03-23,C028,P021,Cricket Bat,Sports,1505.11,2,Canada,3010.22
O01982,2025-04-23,C164,P009,Jacket,Fashion,2989.33,3,UK,8967.99
O01982,2025-04-23,C164,P011,Rice 5kg,Groceries,347.54,1,UK,347.54
O01982,2025-04-23,C164,P018,Dinner Set,Home & Kitchen,2697.55,2,India,5395.1
O01983,2025-05-17,C100,P019,Bedsheet,Home & Kitchen,930.3,3,India,2790.8999999999996
O01984,2025-08-16,C066,P015,Tea 500g,Groceries,227.03,3,UK,681.09
O01985,2025-12-22,C033,P019,Bedsheet,Home & Kitchen,898.17,1,Australia,898.17
O01985,2025-12-22,C033,P001,Smartphone,Electronics,19182.85,2,UK,38365.7
O01985,2025-12-22,C033,P006,T-Shirt,Fashion,706.86,2,Australia,1413.72
O01985,2025-12-22,C033,P009,Jacket,Fashion,2998.59,3,USA,8995.77
O01986,2025-11-02,C103,P010,Formal Shirt,Fashion,1195.44,1,UK,1195.44
O01986,2025-11-02,C103,P007,Jeans,Fashion,1499.14,3,USA,4497.42
O01986,2025-11-02,C103,P019,Bedsheet,Home & Kitchen,911.16,3,USA,2733.48
O01986,2025-11-02,C103,P017,Pressure Cooker,Home & Kitchen,2252.01,2,UK,4504.02
O01986,2025-11-02,C103,P020,Water Bottle,Home & Kitchen,259.08,3,UK,777.24
O01987,2025-03-15,C192,P018,Dinner Set,Home & Kitchen,3035.93,3,India,9107.789999999999
O01987,2025-03-15,C192,P005,Smartwatch,Electronics,7242.29,2,Australia,14484.58
O01987,2025-03-15,C192,P020,Water Bottle,Home & Kitchen,268.37,2,USA,536.74
O01988,2025-08-03,C051,P015,Tea 500g,Groceries,237.71,1,India,237.71
O01988,2025-08-03,C051,P014,Sugar 1kg,Groceries,53.69,3,Australia,161.07
O01989,2025-01-01,C032,P020,Water Bottle,Home & Kitchen,265.59,2,India,531.18
O01989,2025-01-01,C032,P013,Cooking Oil 1L,Groceries,159.07,2,India,318.14
O01990,2025-12-03,C063,P023,Yoga Mat,Sports,703.65,3,India,2110.95
O01991,2025-06-12,C025,P007,Jeans,Fashion,1575.62,3,Australia,4726.86
O01991,2025-06-12,C025,P009,Jacket,Fashion,3283.38,3,Canada,9850.14
O01991,2025-06-12,C025,P008,Sneakers,Fashion,2728.12,2,Canada,5456.24
O01991,2025-06-12,C025,P006,T-Shirt,Fashion,756.35,3,UK,2269.05
O01992,2025-04-12,C186,P009,Jacket,Fashion,2992.06,1,USA,2992.06
O01992,2025-04-12,C186,P010,Formal Shirt,Fashion,1147.56,1,India,1147.56
O01992,2025-04-12,C186,P008,Sneakers,Fashion,2595.52,1,Australia,2595.52
O01992,2025-04-12,C186,P003,Headphones,Electronics,2607.93,1,Australia,2607.93
O01993,2025-08-13,C182,P024,Dumbbells 5kg,Sports,1237.05,2,USA,2474.1
O01993,2025-08-13,C182,P017,Pressure Cooker,Home & Kitchen,2283.71,2,USA,4567.42
O01993,2025-08-13,C182,P005,Smartwatch,Electronics,7677.02,1,UK,7677.02
O01994,2025-07-28,C135,P005,Smartwatch,Electronics,7323.22,3,UK,21969.66
O01994,2025-07-28,C135,P019,Bedsheet,Home & Kitchen,929.24,2,Australia,1858.48
O01994,2025-07-28,C135,P012,Wheat Flour 5kg,Groceries,320.39,3,India,961.17
O01995,2025-06-03,C063,P017,Pressure Cooker,Home & Kitchen,2166.66,1,Australia,2166.66
O01995,2025-06-03,C063,P021,Cricket Bat,Sports,1649.62,3,India,4948.86
O01995,2025-06-03,C063,P006,T-Shirt,Fashion,744.47,1,UK,744.47
O01995,2025-06-03,C063,P023,Yoga Mat,Sports,724.31,1,UK,724.31
O01995,2025-06-03,C063,P014,Sugar 1kg,Groceries,60.36,3,Canada,181.07999999999998
O01996,2025-12-18,C104,P008,Sneakers,Fashion,2672.22,1,Australia,2672.22
O01996,2025-12-18,C104,P020,Water Bottle,Home & Kitchen,248.72,2,UK,497.44
O01997,2025-12-06,C173,P025,Badminton Racket,Sports,822.98,3,Canada,2468.94
O01998,2025-01-24,C109,P004,Bluetooth Speaker,Electronics,3721.82,2,Australia,7443.64
O01999,2025-12-26,C076,P005,Smartwatch,Electronics,7402.1,1,India,7402.1
O01999,2025-12-26,C076,P013,Cooking Oil 1L,Groceries,171.09,2,Canada,342.18
O02000,2025-08-19,C174,P012,Wheat Flour 5kg,Groceries,307.72,1,India,307.72
O02000,2025-08-19,C174,P001,Smartphone,Electronics,18087.94,1,India,18087.94
O02000,2025-08-19,C174,P009,Jacket,Fashion,3055.93,2,Australia,6111.86
O02000,2025-08-19,C174,P024,Dumbbells 5kg,Sports,1202.75,3,Australia,3608.25
O02001,2025-06-06,C107,P010,Formal Shirt,Fashion,1287.66,1,Canada,1287.66
O02002,2025-08-06,C184,P003,Headphones,Electronics,2720.12,3,India,8160.36
O02003,2025-09-03,C066,P006,T-Shirt,Fashion,701.03,2,Canada,1402.06
O02003,2025-09-03,C066,P007,Jeans,Fashion,1549.77,2,UK,3099.54
O02003,2025-09-03,C066,P024,Dumbbells 5kg,Sports,1309.45,1,Australia,1309.45
O02003,2025-09-03,C066,P003,Headphones,Electronics,2547.06,1,USA,2547.06
O02004,2025-05-08,C171,P015,Tea 500g,Groceries,222.17,2,UK,444.34
O02005,2025-02-03,C190,P008,Sneakers,Fashion,2539.3,1,Canada,2539.3
O02006,2025-04-15,C088,P017,Pressure Cooker,Home & Kitchen,2155.78,2,UK,4311.56
O02007,2025-08-09,C070,P025,Badminton Racket,Sports,876.77,2,Canada,1753.54
O02007,2025-08-09,C070,P011,Rice 5kg,Groceries,365.67,1,India,365.67
O02007,2025-08-09,C070,P013,Cooking Oil 1L,Groceries,153.62,2,USA,307.24
O02008,2025-10-09,C065,P013,Cooking Oil 1L,Groceries,166.32,1,Canada,166.32
O02008,2025-10-09,C065,P024,Dumbbells 5kg,Sports,1212.67,2,Australia,2425.34
O02008,2025-10-09,C065,P009,Jacket,Fashion,3263.41,3,UK,9790.23
O02009,2025-04-18,C075,P024,Dumbbells 5kg,Sports,1144.55,2,USA,2289.1
O02009,2025-04-18,C075,P009,Jacket,Fashion,2985.45,3,India,8956.349999999999
O02010,2025-05-25,C122,P003,Headphones,Electronics,2382.0,3,Australia,7146.0
O02010,2025-05-25,C122,P021,Cricket Bat,Sports,1482.91,3,UK,4448.7300000000005
O02011,2025-04-06,C170,P021,Cricket Bat,Sports,1644.23,2,UK,3288.46
O02011,2025-04-06,C170,P007,Jeans,Fashion,1493.66,3,UK,4480.9800000000005
O02011,2025-04-06,C170,P006,T-Shirt,Fashion,669.19,3,Australia,2007.5700000000002
O02011,2025-04-06,C170,P009,Jacket,Fashion,2956.77,2,Canada,5913.54
O02011,2025-04-06,C170,P022,Football,Sports,922.77,3,USA,2768.31
O02012,2025-06-21,C069,P013,Cooking Oil 1L,Groceries,172.64,1,Canada,172.64
O02012,2025-06-21,C069,P024,Dumbbells 5kg,Sports,1159.27,1,India,1159.27
O02013,2025-03-29,C026,P003,Headphones,Electronics,2654.37,2,India,5308.74
O02013,2025-03-29,C026,P021,Cricket Bat,Sports,1532.74,1,Australia,1532.74
O02013,2025-03-29,C026,P019,Bedsheet,Home & Kitchen,962.72,3,USA,2888.16
O02014,2025-09-07,C079,P009,Jacket,Fashion,3034.24,3,India,9102.72
O02014,2025-09-07,C079,P016,Mixer Grinder,Home & Kitchen,3089.75,1,UK,3089.75
O02015,2025-10-26,C023,P003,Headphones,Electronics,2529.99,3,USA,7589.969999999999
O02015,2025-10-26,C023,P008,Sneakers,Fashion,2503.35,2,Australia,5006.7
O02015,2025-10-26,C023,P020,Water Bottle,Home & Kitchen,259.68,1,India,259.68
O02016,2025-07-23,C123,P018,Dinner Set,Home & Kitchen,2812.53,1,UK,2812.53
O02016,2025-07-23,C123,P021,Cricket Bat,Sports,1557.37,1,UK,1557.37
O02016,2025-07-23,C123,P004,Bluetooth Speaker,Electronics,3602.59,1,USA,3602.59
O02016,2025-07-23,C123,P008,Sneakers,Fashion,2461.28,1,USA,2461.28
O02016,2025-07-23,C123,P024,Dumbbells 5kg,Sports,1308.75,1,UK,1308.75
O02017,2025-06-23,C089,P003,Headphones,Electronics,2557.51,1,USA,2557.51
O02017,2025-06-23,C089,P016,Mixer Grinder,Home & Kitchen,3449.34,1,USA,3449.34
O02017,2025-06-23,C089,P015,Tea 500g,Groceries,211.41,1,Canada,211.41
O02017,2025-06-23,C089,P005,Smartwatch,Electronics,7530.87,3,Canada,22592.61
O02017,2025-06-23,C089,P001,Smartphone,Electronics,18595.03,2,Australia,37190.06
O02018,2025-04-30,C035,P019,Bedsheet,Home & Kitchen,893.04,3,India,2679.12
O02018,2025-04-30,C035,P001,Smartphone,Electronics,17567.37,3,Canada,52702.11
O02018,2025-04-30,C035,P005,Smartwatch,Electronics,6835.36,2,Canada,13670.72
O02018,2025-04-30,C035,P017,Pressure Cooker,Home & Kitchen,2179.06,1,Australia,2179.06
O02019,2025-10-25,C093,P008,Sneakers,Fashion,2574.94,2,Canada,5149.88
O02020,2025-03-07,C128,P009,Jacket,Fashion,2896.84,3,Canada,8690.52
O02020,2025-03-07,C128,P019,Bedsheet,Home & Kitchen,950.43,3,Canada,2851.29
O02020,2025-03-07,C128,P003,Headphones,Electronics,2393.39,2,UK,4786.78
O02021,2025-06-26,C109,P022,Football,Sports,856.01,2,India,1712.02
O02021,2025-06-26,C109,P007,Jeans,Fashion,1563.99,3,India,4691.97
O02021,2025-06-26,C109,P006,T-Shirt,Fashion,759.61,3,Australia,2278.83
O02022,2025-06-19,C178,P021,Cricket Bat,Sports,1560.41,1,Canada,1560.41
O02022,2025-06-19,C178,P006,T-Shirt,Fashion,755.67,1,Australia,755.67
O02022,2025-06-19,C178,P014,Sugar 1kg,Groceries,54.58,3,USA,163.74
O02022,2025-06-19,C178,P010,Formal Shirt,Fashion,1194.51,2,Australia,2389.02
O02023,2025-07-01,C048,P004,Bluetooth Speaker,Electronics,3728.98,2,UK,7457.96
O02023,2025-07-01,C048,P010,Formal Shirt,Fashion,1143.47,2,UK,2286.94
O02024,2025-05-30,C104,P002,Laptop,Electronics,58340.95,1,Australia,58340.95
O02024,2025-05-30,C104,P022,Football,Sports,969.22,1,USA,969.22
O02025,2025-05-29,C065,P010,Formal Shirt,Fashion,1143.9,1,Canada,1143.9
O02025,2025-05-29,C065,P012,Wheat Flour 5kg,Groceries,327.94,3,UK,983.8199999999999
O02025,2025-05-29,C065,P023,Yoga Mat,Sports,665.41,3,UK,1996.23
O02025,2025-05-29,C065,P003,Headphones,Electronics,2494.03,1,UK,2494.03
O02025,2025-05-29,C065,P022,Football,Sports,855.14,3,USA,2565.42
O02026,2025-12-16,C154,P009,Jacket,Fashion,3071.97,3,India,9215.91
O02026,2025-12-16,C154,P015,Tea 500g,Groceries,218.26,3,UK,654.78
O02027,2025-02-05,C118,P012,Wheat Flour 5kg,Groceries,342.93,1,India,342.93
O02027,2025-02-05,C118,P023,Yoga Mat,Sports,672.91,3,Australia,2018.73
O02027,2025-02-05,C118,P007,Jeans,Fashion,1636.08,1,USA,1636.08
O02027,2025-02-05,C118,P020,Water Bottle,Home & Kitchen,268.26,3,India,804.78
O02028,2025-04-22,C180,P005,Smartwatch,Electronics,7083.54,1,Canada,7083.54
O02028,2025-04-22,C180,P014,Sugar 1kg,Groceries,56.78,3,USA,170.34
O02028,2025-04-22,C180,P007,Jeans,Fashion,1484.59,3,USA,4453.7699999999995
O02028,2025-04-22,C180,P024,Dumbbells 5kg,Sports,1284.52,2,Canada,2569.04
O02028,2025-04-22,C180,P025,Badminton Racket,Sports,792.91,3,UK,2378.73
O02029,2025-02-17,C161,P002,Laptop,Electronics,56293.83,2,UK,112587.66
O02030,2025-12-04,C108,P023,Yoga Mat,Sports,707.41,2,UK,1414.82
O02030,2025-12-04,C108,P007,Jeans,Fashion,1490.06,2,India,2980.12
O02030,2025-12-04,C108,P016,Mixer Grinder,Home & Kitchen,3086.15,1,Canada,3086.15
O02030,2025-12-04,C108,P021,Cricket Bat,Sports,1590.48,1,India,1590.48
O02031,2025-04-21,C111,P013,Cooking Oil 1L,Groceries,160.48,3,Canada,481.43999999999994
O02031,2025-04-21,C111,P009,Jacket,Fashion,3035.58,2,India,6071.16
O02031,2025-04-21,C111,P016,Mixer Grinder,Home & Kitchen,3048.88,2,Australia,6097.76
O02031,2025-04-21,C111,P023,Yoga Mat,Sports,765.68,1,India,765.68
O02031,2025-04-21,C111,P019,Bedsheet,Home & Kitchen,949.58,1,USA,949.58
O02032,2025-03-18,C193,P017,Pressure Cooker,Home & Kitchen,2137.56,1,USA,2137.56
O02032,2025-03-18,C193,P016,Mixer Grinder,Home & Kitchen,3189.01,3,USA,9567.03
O02032,2025-03-18,C193,P007,Jeans,Fashion,1425.81,3,India,4277.43
O02032,2025-03-18,C193,P019,Bedsheet,Home & Kitchen,928.72,1,Canada,928.72
O02033,2025-02-09,C008,P006,T-Shirt,Fashion,761.3,1,India,761.3
O02033,2025-02-09,C008,P005,Smartwatch,Electronics,7459.73,1,USA,7459.73
O02033,2025-02-09,C008,P011,Rice 5kg,Groceries,340.37,2,Australia,680.74
O02033,2025-02-09,C008,P025,Badminton Racket,Sports,853.22,3,UK,2559.66
O02034,2025-09-05,C052,P017,Pressure Cooker,Home & Kitchen,2333.96,2,India,4667.92
O02034,2025-09-05,C052,P021,Cricket Bat,Sports,1588.08,1,USA,1588.08
O02034,2025-09-05,C052,P015,Tea 500g,Groceries,234.75,2,Canada,469.5
O02035,2025-07-06,C162,P024,Dumbbells 5kg,Sports,1208.27,3,Canada,3624.81
O02035,2025-07-06,C162,P011,Rice 5kg,Groceries,333.73,2,Australia,667.46
O02035,2025-07-06,C162,P010,Formal Shirt,Fashion,1278.16,1,UK,1278.16
O02035,2025-07-06,C162,P025,Badminton Racket,Sports,875.31,3,India,2625.93
O02035,2025-07-06,C162,P015,Tea 500g,Groceries,219.72,3,Canada,659.16
O02036,2025-06-19,C082,P019,Bedsheet,Home & Kitchen,939.24,2,India,1878.48
O02036,2025-06-19,C082,P022,Football,Sports,977.22,1,UK,977.22
O02036,2025-06-19,C082,P016,Mixer Grinder,Home & Kitchen,3130.22,3,UK,9390.66
O02036,2025-06-19,C082,P003,Headphones,Electronics,2387.05,1,USA,2387.05
O02037,2025-10-04,C001,P001,Smartphone,Electronics,18083.37,2,Australia,36166.74
O02037,2025-10-04,C001,P007,Jeans,Fashion,1503.6,1,UK,1503.6
O02037,2025-10-04,C001,P003,Headphones,Electronics,2504.4,3,UK,7513.200000000001
O02037,2025-10-04,C001,P005,Smartwatch,Electronics,7631.63,3,UK,22894.89
O02038,2025-04-01,C118,P020,Water Bottle,Home & Kitchen,262.62,3,UK,787.86
O02038,2025-04-01,C118,P018,Dinner Set,Home & Kitchen,2675.89,2,Australia,5351.78
O02038,2025-04-01,C118,P003,Headphones,Electronics,2496.57,3,UK,7489.710000000001
O02038,2025-04-01,C118,P009,Jacket,Fashion,3127.81,1,UK,3127.81
O02038,2025-04-01,C118,P014,Sugar 1kg,Groceries,55.58,1,Australia,55.58
O02039,2025-09-16,C173,P010,Formal Shirt,Fashion,1174.73,1,India,1174.73
O02039,2025-09-16,C173,P014,Sugar 1kg,Groceries,56.4,1,India,56.4
O02039,2025-09-16,C173,P019,Bedsheet,Home & Kitchen,908.3,3,USA,2724.8999999999996
O02039,2025-09-16,C173,P025,Badminton Racket,Sports,856.17,2,UK,1712.34
O02039,2025-09-16,C173,P023,Yoga Mat,Sports,666.5,2,USA,1333.0
O02040,2025-10-03,C165,P024,Dumbbells 5kg,Sports,1301.91,1,Australia,1301.91
O02040,2025-10-03,C165,P007,Jeans,Fashion,1470.0,2,India,2940.0
O02040,2025-10-03,C165,P006,T-Shirt,Fashion,712.84,2,India,1425.68
O02040,2025-10-03,C165,P012,Wheat Flour 5kg,Groceries,347.83,3,Australia,1043.49
O02040,2025-10-03,C165,P002,Laptop,Electronics,59632.9,3,USA,178898.7
O02041,2025-03-13,C059,P004,Bluetooth Speaker,Electronics,3488.74,1,UK,3488.74
O02041,2025-03-13,C059,P018,Dinner Set,Home & Kitchen,3061.95,3,USA,9185.849999999999
O02041,2025-03-13,C059,P003,Headphones,Electronics,2677.25,3,India,8031.75
O02041,2025-03-13,C059,P019,Bedsheet,Home & Kitchen,931.37,3,USA,2794.11
O02042,2025-03-16,C185,P017,Pressure Cooker,Home & Kitchen,2294.01,1,Australia,2294.01
O02042,2025-03-16,C185,P012,Wheat Flour 5kg,Groceries,347.85,2,USA,695.7
O02042,2025-03-16,C185,P011,Rice 5kg,Groceries,335.24,1,Canada,335.24
O02043,2025-03-11,C072,P009,Jacket,Fashion,2950.45,3,Australia,8851.349999999999
O02043,2025-03-11,C072,P022,Football,Sports,855.75,2,USA,1711.5
O02044,2025-05-25,C176,P021,Cricket Bat,Sports,1532.1,1,India,1532.1
O02044,2025-05-25,C176,P018,Dinner Set,Home & Kitchen,2675.0,3,Canada,8025.0
O02044,2025-05-25,C176,P011,Rice 5kg,Groceries,356.55,1,India,356.55
O02045,2025-09-26,C158,P007,Jeans,Fashion,1475.12,3,Canada,4425.36
O02045,2025-09-26,C158,P017,Pressure Cooker,Home & Kitchen,2157.08,1,Canada,2157.08
O02045,2025-09-26,C158,P011,Rice 5kg,Groceries,373.38,3,USA,1120.1399999999999
O02045,2025-09-26,C158,P006,T-Shirt,Fashion,735.1,3,Canada,2205.3
O02046,2025-04-30,C128,P015,Tea 500g,Groceries,240.14,2,Canada,480.28
O02047,2025-11-26,C037,P002,Laptop,Electronics,55764.66,2,Australia,111529.32
O02047,2025-11-26,C037,P015,Tea 500g,Groceries,218.45,1,India,218.45
O02047,2025-11-26,C037,P001,Smartphone,Electronics,17898.22,1,India,17898.22
O02047,2025-11-26,C037,P012,Wheat Flour 5kg,Groceries,336.57,2,India,673.14
O02048,2025-07-23,C004,P005,Smartwatch,Electronics,7613.67,3,Australia,22841.010000000002
O02048,2025-07-23,C004,P001,Smartphone,Electronics,17764.93,2,Canada,35529.86
O02048,2025-07-23,C004,P002,Laptop,Electronics,56962.05,2,USA,113924.1
O02049,2025-08-19,C158,P003,Headphones,Electronics,2476.03,3,India,7428.09
O02049,2025-08-19,C158,P006,T-Shirt,Fashion,668.26,1,USA,668.26
O02049,2025-08-19,C158,P025,Badminton Racket,Sports,851.15,1,Australia,851.15
O02050,2025-04-23,C080,P015,Tea 500g,Groceries,234.47,2,Australia,468.94
O02050,2025-04-23,C080,P010,Formal Shirt,Fashion,1270.59,1,Australia,1270.59
O02050,2025-04-23,C080,P008,Sneakers,Fashion,2713.75,3,USA,8141.25
O02051,2025-08-18,C195,P025,Badminton Racket,Sports,800.93,2,Australia,1601.86
O02051,2025-08-18,C195,P012,Wheat Flour 5kg,Groceries,349.14,3,Australia,1047.42
O02052,2025-10-30,C155,P003,Headphones,Electronics,2716.37,3,Canada,8149.11
O02052,2025-10-30,C155,P016,Mixer Grinder,Home & Kitchen,3476.04,1,India,3476.04
O02052,2025-10-30,C155,P018,Dinner Set,Home & Kitchen,2954.42,2,USA,5908.84
O02053,2025-08-14,C145,P015,Tea 500g,Groceries,241.21,3,Canada,723.63
O02053,2025-08-14,C145,P017,Pressure Cooker,Home & Kitchen,2167.74,3,UK,6503.219999999999
O02053,2025-08-14,C145,P021,Cricket Bat,Sports,1480.72,3,USA,4442.16
O02053,2025-08-14,C145,P012,Wheat Flour 5kg,Groceries,325.88,1,USA,325.88
O02053,2025-08-14,C145,P001,Smartphone,Electronics,19699.38,3,USA,59098.14
O02054,2025-09-08,C030,P007,Jeans,Fashion,1563.95,3,USA,4691.85
O02054,2025-09-08,C030,P002,Laptop,Electronics,55623.25,3,USA,166869.75
O02054,2025-09-08,C030,P020,Water Bottle,Home & Kitchen,264.11,3,Australia,792.33
O02054,2025-09-08,C030,P019,Bedsheet,Home & Kitchen,903.11,3,Canada,2709.33
O02054,2025-09-08,C030,P009,Jacket,Fashion,3178.15,2,India,6356.3
O02055,2025-06-12,C019,P008,Sneakers,Fashion,2480.47,2,India,4960.94
O02055,2025-06-12,C019,P017,Pressure Cooker,Home & Kitchen,2133.89,1,Canada,2133.89
O02056,2025-04-01,C037,P007,Jeans,Fashion,1564.55,2,Canada,3129.1
O02056,2025-04-01,C037,P010,Formal Shirt,Fashion,1256.38,1,India,1256.38
O02057,2025-01-15,C018,P023,Yoga Mat,Sports,760.89,3,UK,2282.67
O02057,2025-01-15,C018,P022,Football,Sports,891.26,3,Australia,2673.7799999999997
O02058,2025-12-26,C049,P010,Formal Shirt,Fashion,1309.25,3,India,3927.75
O02058,2025-12-26,C049,P013,Cooking Oil 1L,Groceries,169.59,2,USA,339.18
O02059,2025-09-07,C184,P007,Jeans,Fashion,1600.31,3,Canada,4800.93
O02060,2025-12-28,C095,P023,Yoga Mat,Sports,675.32,2,India,1350.64
O02060,2025-12-28,C095,P004,Bluetooth Speaker,Electronics,3810.0,1,Canada,3810.0
O02061,2025-05-03,C153,P016,Mixer Grinder,Home & Kitchen,3240.47,2,Canada,6480.94
O02061,2025-05-03,C153,P013,Cooking Oil 1L,Groceries,161.49,1,USA,161.49
O02061,2025-05-03,C153,P010,Formal Shirt,Fashion,1259.32,2,Australia,2518.64
O02062,2025-04-26,C108,P025,Badminton Racket,Sports,822.1,2,UK,1644.2
O02062,2025-04-26,C108,P007,Jeans,Fashion,1629.63,2,Canada,3259.26
O02063,2025-10-01,C083,P008,Sneakers,Fashion,2436.29,3,USA,7308.87
O02063,2025-10-01,C083,P021,Cricket Bat,Sports,1444.7,2,Australia,2889.4
O02063,2025-10-01,C083,P007,Jeans,Fashion,1478.16,3,USA,4434.4800000000005
O02064,2025-07-10,C066,P014,Sugar 1kg,Groceries,54.73,2,USA,109.46
O02064,2025-07-10,C066,P012,Wheat Flour 5kg,Groceries,343.78,1,Australia,343.78
O02065,2025-12-12,C174,P003,Headphones,Electronics,2473.89,3,USA,7421.67
O02065,2025-12-12,C174,P008,Sneakers,Fashion,2375.67,1,Canada,2375.67
O02065,2025-12-12,C174,P010,Formal Shirt,Fashion,1310.69,3,Canada,3932.07
O02065,2025-12-12,C174,P012,Wheat Flour 5kg,Groceries,314.64,2,UK,629.28
O02065,2025-12-12,C174,P011,Rice 5kg,Groceries,364.28,3,Canada,1092.84
O02066,2025-12-11,C023,P011,Rice 5kg,Groceries,342.58,1,Australia,342.58
O02067,2025-03-22,C004,P005,Smartwatch,Electronics,6942.51,1,Australia,6942.51
O02067,2025-03-22,C004,P018,Dinner Set,Home & Kitchen,2845.34,2,India,5690.68
O02067,2025-03-22,C004,P025,Badminton Racket,Sports,877.18,3,Australia,2631.54
O02067,2025-03-22,C004,P012,Wheat Flour 5kg,Groceries,318.41,2,Canada,636.82
O02068,2025-08-28,C104,P009,Jacket,Fashion,3192.03,3,Canada,9576.09
O02069,2025-05-12,C168,P016,Mixer Grinder,Home & Kitchen,3290.82,1,Australia,3290.82
O02069,2025-05-12,C168,P014,Sugar 1kg,Groceries,53.18,2,India,106.36
O02070,2025-11-14,C092,P001,Smartphone,Electronics,18148.61,1,India,18148.61
O02070,2025-11-14,C092,P014,Sugar 1kg,Groceries,54.43,3,Canada,163.29
O02070,2025-11-14,C092,P020,Water Bottle,Home & Kitchen,263.01,2,Canada,526.02
O02071,2025-11-02,C164,P011,Rice 5kg,Groceries,355.72,3,USA,1067.16
O02071,2025-11-02,C164,P007,Jeans,Fashion,1615.01,3,Canada,4845.03
O02071,2025-11-02,C164,P013,Cooking Oil 1L,Groceries,152.35,1,India,152.35
O02072,2025-06-22,C017,P005,Smartwatch,Electronics,7656.06,1,India,7656.06
O02072,2025-06-22,C017,P007,Jeans,Fashion,1543.53,2,Australia,3087.06
O02073,2025-08-28,C056,P002,Laptop,Electronics,52409.81,1,USA,52409.81
O02073,2025-08-28,C056,P017,Pressure Cooker,Home & Kitchen,2162.66,2,Canada,4325.32
O02073,2025-08-28,C056,P012,Wheat Flour 5kg,Groceries,327.94,3,India,983.8199999999999
O02074,2025-01-21,C170,P008,Sneakers,Fashion,2495.46,1,India,2495.46
O02074,2025-01-21,C170,P006,T-Shirt,Fashion,747.84,2,USA,1495.68
O02075,2025-12-22,C095,P025,Badminton Racket,Sports,877.24,3,Australia,2631.7200000000003
O02076,2025-01-04,C065,P017,Pressure Cooker,Home & Kitchen,2382.32,1,India,2382.32
O02076,2025-01-04,C065,P014,Sugar 1kg,Groceries,59.11,1,India,59.11
O02076,2025-01-04,C065,P018,Dinner Set,Home & Kitchen,2697.93,2,India,5395.86
O02076,2025-01-04,C065,P002,Laptop,Electronics,59830.23,2,Canada,119660.46
O02076,2025-01-04,C065,P003,Headphones,Electronics,2642.26,1,Canada,2642.26
O02077,2025-12-27,C132,P020,Water Bottle,Home & Kitchen,260.84,3,Canada,782.52
O02077,2025-12-27,C132,P012,Wheat Flour 5kg,Groceries,343.76,1,Australia,343.76
O02077,2025-12-27,C132,P002,Laptop,Electronics,58258.42,3,Canada,174775.26
O02078,2025-02-12,C056,P012,Wheat Flour 5kg,Groceries,305.41,1,UK,305.41
O02078,2025-02-12,C056,P020,Water Bottle,Home & Kitchen,269.24,3,Australia,807.72
O02078,2025-02-12,C056,P003,Headphones,Electronics,2422.38,1,India,2422.38
O02078,2025-02-12,C056,P009,Jacket,Fashion,3244.38,2,India,6488.76
O02078,2025-02-12,C056,P005,Smartwatch,Electronics,6766.56,1,USA,6766.56
O02079,2025-04-12,C095,P003,Headphones,Electronics,2666.78,2,UK,5333.56
O02079,2025-04-12,C095,P007,Jeans,Fashion,1480.49,3,UK,4441.47
O02079,2025-04-12,C095,P022,Football,Sports,875.28,2,Canada,1750.56
O02080,2025-11-08,C144,P010,Formal Shirt,Fashion,1199.47,3,Australia,3598.41
O02080,2025-11-08,C144,P001,Smartphone,Electronics,18589.93,2,USA,37179.86
O02081,2025-11-09,C108,P015,Tea 500g,Groceries,239.11,3,India,717.33
O02081,2025-11-09,C108,P020,Water Bottle,Home & Kitchen,266.43,2,USA,532.86
O02081,2025-11-09,C108,P019,Bedsheet,Home & Kitchen,962.02,2,Canada,1924.04
O02081,2025-11-09,C108,P011,Rice 5kg,Groceries,366.98,2,India,733.96
O02082,2025-06-13,C031,P025,Badminton Racket,Sports,855.93,3,India,2567.79
O02083,2025-06-03,C104,P012,Wheat Flour 5kg,Groceries,323.89,3,Australia,971.67
O02083,2025-06-03,C104,P014,Sugar 1kg,Groceries,54.24,2,USA,108.48
O02083,2025-06-03,C104,P025,Badminton Racket,Sports,871.54,3,India,2614.62
O02083,2025-06-03,C104,P009,Jacket,Fashion,3073.74,1,India,3073.74
O02084,2025-03-25,C118,P010,Formal Shirt,Fashion,1314.23,3,Canada,3942.69
O02084,2025-03-25,C118,P008,Sneakers,Fashion,2453.75,3,India,7361.25
O02084,2025-03-25,C118,P025,Badminton Racket,Sports,838.2,2,UK,1676.4
O02085,2025-02-26,C064,P004,Bluetooth Speaker,Electronics,3666.31,2,India,7332.62
O02085,2025-02-26,C064,P005,Smartwatch,Electronics,7427.5,3,Australia,22282.5
O02085,2025-02-26,C064,P015,Tea 500g,Groceries,237.71,2,Australia,475.42
O02085,2025-02-26,C064,P016,Mixer Grinder,Home & Kitchen,3437.01,2,Australia,6874.02
O02086,2025-01-06,C071,P022,Football,Sports,876.37,1,Canada,876.37
O02087,2025-02-02,C059,P012,Wheat Flour 5kg,Groceries,331.07,3,UK,993.21
O02088,2025-02-27,C114,P024,Dumbbells 5kg,Sports,1315.83,2,India,2631.66
O02088,2025-02-27,C114,P009,Jacket,Fashion,2999.02,2,USA,5998.04
O02088,2025-02-27,C114,P018,Dinner Set,Home & Kitchen,2698.92,1,USA,2698.92
O02088,2025-02-27,C114,P003,Headphones,Electronics,2739.18,2,USA,5478.36
O02089,2025-06-22,C171,P015,Tea 500g,Groceries,229.22,3,India,687.66
O02090,2025-10-18,C024,P024,Dumbbells 5kg,Sports,1164.98,1,Canada,1164.98
O02091,2025-09-10,C014,P008,Sneakers,Fashion,2417.53,2,India,4835.06
O02091,2025-09-10,C014,P015,Tea 500g,Groceries,214.99,2,USA,429.98
O02091,2025-09-10,C014,P002,Laptop,Electronics,60210.62,3,Australia,180631.86000000002
O02091,2025-09-10,C014,P018,Dinner Set,Home & Kitchen,3078.65,3,USA,9235.95
O02092,2025-05-04,C160,P021,Cricket Bat,Sports,1456.83,3,UK,4370.49
O02092,2025-05-04,C160,P011,Rice 5kg,Groceries,369.2,3,USA,1107.6
O02093,2025-09-05,C195,P004,Bluetooth Speaker,Electronics,3674.67,1,Australia,3674.67
O02093,2025-09-05,C195,P018,Dinner Set,Home & Kitchen,2955.37,2,UK,5910.74
O02093,2025-09-05,C195,P007,Jeans,Fashion,1516.2,3,Canada,4548.6
O02093,2025-09-05,C195,P017,Pressure Cooker,Home & Kitchen,2376.49,3,India,7129.469999999999
O02094,2025-03-28,C029,P021,Cricket Bat,Sports,1607.35,2,India,3214.7
O02094,2025-03-28,C029,P012,Wheat Flour 5kg,Groceries,313.98,3,UK,941.94
O02095,2025-11-23,C046,P010,Formal Shirt,Fashion,1190.65,1,India,1190.65
O02095,2025-11-23,C046,P014,Sugar 1kg,Groceries,53.71,2,India,107.42
O02095,2025-11-23,C046,P009,Jacket,Fashion,3102.92,1,Australia,3102.92
O02095,2025-11-23,C046,P025,Badminton Racket,Sports,784.14,2,India,1568.28
O02096,2025-11-16,C104,P009,Jacket,Fashion,3132.5,1,USA,3132.5
O02096,2025-11-16,C104,P018,Dinner Set,Home & Kitchen,2829.71,3,UK,8489.130000000001
O02096,2025-11-16,C104,P019,Bedsheet,Home & Kitchen,929.28,1,India,929.28
O02096,2025-11-16,C104,P004,Bluetooth Speaker,Electronics,3619.24,2,USA,7238.48
O02097,2025-01-07,C087,P025,Badminton Racket,Sports,783.51,2,Canada,1567.02
O02097,2025-01-07,C087,P015,Tea 500g,Groceries,225.87,3,USA,677.61
O02097,2025-01-07,C087,P005,Smartwatch,Electronics,6982.14,3,UK,20946.420000000002
O02098,2025-04-06,C033,P018,Dinner Set,Home & Kitchen,2923.39,2,Australia,5846.78
O02099,2025-01-26,C132,P017,Pressure Cooker,Home & Kitchen,2117.5,2,UK,4235.0
O02099,2025-01-26,C132,P014,Sugar 1kg,Groceries,56.0,3,India,168.0
O02099,2025-01-26,C132,P005,Smartwatch,Electronics,6733.9,2,Australia,13467.8
O02099,2025-01-26,C132,P023,Yoga Mat,Sports,738.72,3,Canada,2216.16
O02100,2025-12-30,C013,P005,Smartwatch,Electronics,7235.63,2,India,14471.26
O02100,2025-12-30,C013,P013,Cooking Oil 1L,Groceries,160.48,1,Canada,160.48
O02100,2025-12-30,C013,P014,Sugar 1kg,Groceries,58.08,3,USA,174.24
O02100,2025-12-30,C013,P025,Badminton Racket,Sports,820.89,2,Canada,1641.78
O02100,2025-12-30,C013,P023,Yoga Mat,Sports,725.1,3,Canada,2175.3
O02101,2025-02-25,C027,P024,Dumbbells 5kg,Sports,1305.92,2,Australia,2611.84
O02101,2025-02-25,C027,P025,Badminton Racket,Sports,772.48,3,UK,2317.44
O02101,2025-02-25,C027,P022,Football,Sports,984.84,1,Canada,984.84
O02101,2025-02-25,C027,P008,Sneakers,Fashion,2564.73,2,Canada,5129.46
O02101,2025-02-25,C027,P019,Bedsheet,Home & Kitchen,910.78,1,Canada,910.78
O02102,2025-12-31,C076,P004,Bluetooth Speaker,Electronics,3404.5,2,USA,6809.0
O02103,2025-04-09,C107,P022,Football,Sports,859.84,2,India,1719.68
O02103,2025-04-09,C107,P008,Sneakers,Fashion,2526.7,2,India,5053.4
O02103,2025-04-09,C107,P019,Bedsheet,Home & Kitchen,898.64,3,India,2695.92
O02103,2025-04-09,C107,P011,Rice 5kg,Groceries,363.26,1,UK,363.26
O02103,2025-04-09,C107,P023,Yoga Mat,Sports,720.05,3,India,2160.1499999999996
O02104,2025-03-14,C169,P010,Formal Shirt,Fashion,1191.07,3,India,3573.21
O02104,2025-03-14,C169,P011,Rice 5kg,Groceries,371.41,2,Canada,742.82
O02104,2025-03-14,C169,P025,Badminton Racket,Sports,786.75,3,USA,2360.25
O02105,2025-08-30,C117,P019,Bedsheet,Home & Kitchen,908.17,2,Canada,1816.34
O02105,2025-08-30,C117,P018,Dinner Set,Home & Kitchen,2840.48,2,India,5680.96
O02105,2025-08-30,C117,P023,Yoga Mat,Sports,688.48,2,Australia,1376.96
O02106,2025-09-17,C200,P020,Water Bottle,Home & Kitchen,249.37,2,USA,498.74
O02106,2025-09-17,C200,P002,Laptop,Electronics,52858.25,1,India,52858.25
O02106,2025-09-17,C200,P003,Headphones,Electronics,2616.33,2,USA,5232.66
O02107,2025-12-02,C022,P011,Rice 5kg,Groceries,340.2,3,USA,1020.5999999999999
O02107,2025-12-02,C022,P006,T-Shirt,Fashion,676.66,2,UK,1353.32
O02107,2025-12-02,C022,P025,Badminton Racket,Sports,767.49,2,Australia,1534.98
O02107,2025-12-02,C022,P024,Dumbbells 5kg,Sports,1233.95,2,Australia,2467.9
O02107,2025-12-02,C022,P001,Smartphone,Electronics,18086.62,2,Canada,36173.24
O02108,2025-12-30,C116,P010,Formal Shirt,Fashion,1235.61,1,UK,1235.61
O02108,2025-12-30,C116,P013,Cooking Oil 1L,Groceries,161.79,3,USA,485.37
O02108,2025-12-30,C116,P018,Dinner Set,Home & Kitchen,2739.84,2,USA,5479.68
O02109,2025-03-13,C181,P006,T-Shirt,Fashion,719.9,3,UK,2159.7
O02110,2025-10-23,C096,P016,Mixer Grinder,Home & Kitchen,3467.62,1,Australia,3467.62
O02111,2025-11-29,C131,P003,Headphones,Electronics,2495.11,2,UK,4990.22
O02111,2025-11-29,C131,P012,Wheat Flour 5kg,Groceries,338.61,2,UK,677.22
O02112,2025-03-08,C086,P003,Headphones,Electronics,2420.97,1,USA,2420.97
O02113,2025-10-08,C017,P011,Rice 5kg,Groceries,366.45,2,Canada,732.9
O02113,2025-10-08,C017,P020,Water Bottle,Home & Kitchen,267.33,1,Australia,267.33
O02113,2025-10-08,C017,P016,Mixer Grinder,Home & Kitchen,3143.25,2,Australia,6286.5
O02114,2025-07-16,C157,P018,Dinner Set,Home & Kitchen,2840.42,3,Canada,8521.26
O02114,2025-07-16,C157,P012,Wheat Flour 5kg,Groceries,347.22,1,USA,347.22
O02114,2025-07-16,C157,P016,Mixer Grinder,Home & Kitchen,3340.83,3,Australia,10022.49
O02115,2025-01-24,C174,P009,Jacket,Fashion,3037.51,1,UK,3037.51
O02115,2025-01-24,C174,P011,Rice 5kg,Groceries,340.0,1,India,340.0
O02116,2025-09-05,C076,P010,Formal Shirt,Fashion,1147.84,1,USA,1147.84
O02116,2025-09-05,C076,P016,Mixer Grinder,Home & Kitchen,3438.27,3,Canada,10314.81
O02116,2025-09-05,C076,P006,T-Shirt,Fashion,698.81,2,India,1397.62
O02116,2025-09-05,C076,P001,Smartphone,Electronics,17597.43,1,UK,17597.43
O02117,2025-07-23,C100,P014,Sugar 1kg,Groceries,55.89,2,UK,111.78
O02117,2025-07-23,C100,P016,Mixer Grinder,Home & Kitchen,3186.37,1,USA,3186.37
O02117,2025-07-23,C100,P006,T-Shirt,Fashion,726.32,2,India,1452.64
O02117,2025-07-23,C100,P021,Cricket Bat,Sports,1470.46,2,India,2940.92
O02117,2025-07-23,C100,P007,Jeans,Fashion,1459.44,2,India,2918.88
O02118,2025-05-05,C096,P012,Wheat Flour 5kg,Groceries,343.74,2,Australia,687.48
O02119,2025-05-02,C092,P002,Laptop,Electronics,55588.86,2,UK,111177.72
O02119,2025-05-02,C092,P009,Jacket,Fashion,3108.13,1,India,3108.13
O02119,2025-05-02,C092,P023,Yoga Mat,Sports,733.58,3,Australia,2200.7400000000002
O02119,2025-05-02,C092,P004,Bluetooth Speaker,Electronics,3462.38,1,Australia,3462.38
O02120,2025-11-17,C097,P021,Cricket Bat,Sports,1559.39,2,Australia,3118.78
O02121,2025-07-24,C090,P025,Badminton Racket,Sports,795.73,3,Canada,2387.19
O02121,2025-07-24,C090,P010,Formal Shirt,Fashion,1293.15,1,Australia,1293.15
O02121,2025-07-24,C090,P009,Jacket,Fashion,3250.46,1,USA,3250.46
O02121,2025-07-24,C090,P018,Dinner Set,Home & Kitchen,2741.64,2,Canada,5483.28
O02122,2025-12-29,C143,P007,Jeans,Fashion,1551.71,2,USA,3103.42
O02123,2025-04-19,C005,P015,Tea 500g,Groceries,215.52,3,USA,646.5600000000001
O02123,2025-04-19,C005,P013,Cooking Oil 1L,Groceries,174.75,3,India,524.25
O02123,2025-04-19,C005,P016,Mixer Grinder,Home & Kitchen,3210.69,3,Canada,9632.07
O02123,2025-04-19,C005,P017,Pressure Cooker,Home & Kitchen,2168.07,2,Canada,4336.14
O02124,2025-04-10,C020,P020,Water Bottle,Home & Kitchen,264.1,3,Australia,792.3000000000001
O02124,2025-04-10,C020,P023,Yoga Mat,Sports,706.71,2,Canada,1413.42
O02124,2025-04-10,C020,P017,Pressure Cooker,Home & Kitchen,2140.96,1,Australia,2140.96
O02124,2025-04-10,C020,P006,T-Shirt,Fashion,689.3,1,India,689.3
O02125,2025-12-28,C150,P018,Dinner Set,Home & Kitchen,2792.9,1,USA,2792.9
O02125,2025-12-28,C150,P025,Badminton Racket,Sports,873.98,2,UK,1747.96
O02125,2025-12-28,C150,P024,Dumbbells 5kg,Sports,1234.56,3,Australia,3703.68
O02125,2025-12-28,C150,P005,Smartwatch,Electronics,6821.31,1,USA,6821.31
O02125,2025-12-28,C150,P007,Jeans,Fashion,1478.34,3,Canada,4435.0199999999995
O02126,2025-01-18,C156,P012,Wheat Flour 5kg,Groceries,336.31,1,Canada,336.31
O02126,2025-01-18,C156,P005,Smartwatch,Electronics,7333.25,1,Australia,7333.25
O02126,2025-01-18,C156,P025,Badminton Racket,Sports,763.86,2,India,1527.72
O02126,2025-01-18,C156,P001,Smartphone,Electronics,19252.55,1,UK,19252.55
O02127,2025-03-16,C117,P017,Pressure Cooker,Home & Kitchen,2255.3,2,India,4510.6
O02127,2025-03-16,C117,P005,Smartwatch,Electronics,7458.13,2,India,14916.26
O02128,2025-08-01,C084,P021,Cricket Bat,Sports,1552.85,1,UK,1552.85
O02129,2025-07-26,C184,P015,Tea 500g,Groceries,238.33,3,Australia,714.99
O02129,2025-07-26,C184,P016,Mixer Grinder,Home & Kitchen,3327.6,1,Australia,3327.6
O02129,2025-07-26,C184,P024,Dumbbells 5kg,Sports,1256.87,3,UK,3770.6099999999997
O02130,2025-01-21,C014,P008,Sneakers,Fashion,2415.2,1,Australia,2415.2
O02130,2025-01-21,C014,P025,Badminton Racket,Sports,837.65,1,Canada,837.65
O02130,2025-01-21,C014,P022,Football,Sports,912.26,1,Canada,912.26
O02130,2025-01-21,C014,P018,Dinner Set,Home & Kitchen,3014.71,2,Canada,6029.42
O02130,2025-01-21,C014,P024,Dumbbells 5kg,Sports,1166.01,3,Canada,3498.0299999999997
O02131,2025-09-20,C198,P010,Formal Shirt,Fashion,1233.91,2,USA,2467.82
O02131,2025-09-20,C198,P024,Dumbbells 5kg,Sports,1291.54,1,India,1291.54
O02132,2025-06-25,C033,P019,Bedsheet,Home & Kitchen,922.61,3,USA,2767.83
O02132,2025-06-25,C033,P010,Formal Shirt,Fashion,1162.91,1,India,1162.91
O02133,2025-10-27,C109,P020,Water Bottle,Home & Kitchen,271.74,3,Canada,815.22
O02133,2025-10-27,C109,P025,Badminton Racket,Sports,840.83,2,UK,1681.66
O02134,2025-02-25,C120,P019,Bedsheet,Home & Kitchen,965.56,3,Australia,2896.68
O02134,2025-02-25,C120,P008,Sneakers,Fashion,2501.11,2,Australia,5002.22
O02134,2025-02-25,C120,P009,Jacket,Fashion,2891.34,1,India,2891.34
O02134,2025-02-25,C120,P006,T-Shirt,Fashion,694.87,2,India,1389.74
O02134,2025-02-25,C120,P025,Badminton Racket,Sports,773.17,1,USA,773.17
O02135,2025-09-18,C077,P013,Cooking Oil 1L,Groceries,174.02,1,Australia,174.02
O02135,2025-09-18,C077,P014,Sugar 1kg,Groceries,55.13,3,USA,165.39000000000001
O02135,2025-09-18,C077,P003,Headphones,Electronics,2416.31,3,USA,7248.93
O02136,2025-08-07,C139,P025,Badminton Racket,Sports,774.12,2,Australia,1548.24
O02136,2025-08-07,C139,P012,Wheat Flour 5kg,Groceries,348.13,2,India,696.26
O02136,2025-08-07,C139,P020,Water Bottle,Home & Kitchen,266.62,3,USA,799.86
O02137,2025-09-29,C010,P003,Headphones,Electronics,2422.98,2,Canada,4845.96
O02138,2025-08-31,C011,P002,Laptop,Electronics,56514.84,3,Australia,169544.52
O02138,2025-08-31,C011,P003,Headphones,Electronics,2593.84,3,Australia,7781.52
O02138,2025-08-31,C011,P004,Bluetooth Speaker,Electronics,3338.87,2,India,6677.74
O02138,2025-08-31,C011,P014,Sugar 1kg,Groceries,58.41,1,USA,58.41
O02139,2025-09-18,C087,P003,Headphones,Electronics,2673.13,1,Australia,2673.13
O02139,2025-09-18,C087,P014,Sugar 1kg,Groceries,53.36,3,UK,160.07999999999998
O02139,2025-09-18,C087,P005,Smartwatch,Electronics,6689.01,3,UK,20067.03
O02139,2025-09-18,C087,P025,Badminton Racket,Sports,765.28,2,Canada,1530.56
O02139,2025-09-18,C087,P006,T-Shirt,Fashion,672.1,1,Canada,672.1
O02140,2025-10-16,C199,P003,Headphones,Electronics,2551.17,2,India,5102.34
O02140,2025-10-16,C199,P001,Smartphone,Electronics,18229.06,3,India,54687.18000000001
O02140,2025-10-16,C199,P021,Cricket Bat,Sports,1630.02,1,USA,1630.02
O02141,2025-02-13,C043,P017,Pressure Cooker,Home & Kitchen,2107.53,2,Canada,4215.06
O02142,2025-06-12,C126,P015,Tea 500g,Groceries,223.25,3,Australia,669.75
O02142,2025-06-12,C126,P013,Cooking Oil 1L,Groceries,171.34,2,India,342.68
O02142,2025-06-12,C126,P020,Water Bottle,Home & Kitchen,248.31,1,India,248.31
O02143,2025-07-26,C112,P025,Badminton Racket,Sports,838.12,3,Australia,2514.36
O02143,2025-07-26,C112,P018,Dinner Set,Home & Kitchen,2926.98,2,India,5853.96
O02143,2025-07-26,C112,P010,Formal Shirt,Fashion,1303.39,3,USA,3910.17
O02143,2025-07-26,C112,P005,Smartwatch,Electronics,7524.65,1,Canada,7524.65
O02143,2025-07-26,C112,P004,Bluetooth Speaker,Electronics,3849.4,2,USA,7698.8
O02144,2025-07-25,C159,P022,Football,Sports,964.74,1,UK,964.74
O02144,2025-07-25,C159,P021,Cricket Bat,Sports,1587.44,3,USA,4762.32
O02144,2025-07-25,C159,P016,Mixer Grinder,Home & Kitchen,3185.94,3,India,9557.82
O02144,2025-07-25,C159,P012,Wheat Flour 5kg,Groceries,342.21,1,UK,342.21
O02144,2025-07-25,C159,P007,Jeans,Fashion,1433.41,1,USA,1433.41
O02145,2025-08-30,C036,P017,Pressure Cooker,Home & Kitchen,2354.94,2,Australia,4709.88
O02145,2025-08-30,C036,P015,Tea 500g,Groceries,240.87,2,India,481.74
O02146,2025-11-06,C128,P023,Yoga Mat,Sports,752.26,1,UK,752.26
O02146,2025-11-06,C128,P009,Jacket,Fashion,2919.35,2,UK,5838.7
O02147,2025-10-02,C011,P017,Pressure Cooker,Home & Kitchen,2258.69,2,India,4517.38
O02147,2025-10-02,C011,P022,Football,Sports,898.89,2,USA,1797.78
O02147,2025-10-02,C011,P016,Mixer Grinder,Home & Kitchen,3185.29,3,USA,9555.869999999999
O02148,2025-12-07,C058,P025,Badminton Racket,Sports,835.24,1,UK,835.24
O02149,2025-09-13,C046,P022,Football,Sports,952.72,3,India,2858.16
O02149,2025-09-13,C046,P005,Smartwatch,Electronics,7441.03,2,Canada,14882.06
O02149,2025-09-13,C046,P020,Water Bottle,Home & Kitchen,264.83,1,UK,264.83
O02149,2025-09-13,C046,P018,Dinner Set,Home & Kitchen,2712.1,3,Canada,8136.299999999999
O02149,2025-09-13,C046,P012,Wheat Flour 5kg,Groceries,306.42,2,Australia,612.84
O02150,2025-08-25,C156,P015,Tea 500g,Groceries,234.38,3,Australia,703.14
O02151,2025-01-13,C087,P011,Rice 5kg,Groceries,333.33,3,India,999.99
O02151,2025-01-13,C087,P019,Bedsheet,Home & Kitchen,913.9,2,UK,1827.8
O02152,2025-08-05,C157,P021,Cricket Bat,Sports,1551.12,3,Australia,4653.36
O02153,2025-01-27,C149,P009,Jacket,Fashion,3274.59,1,USA,3274.59
O02153,2025-01-27,C149,P003,Headphones,Electronics,2713.89,1,UK,2713.89
O02153,2025-01-27,C149,P012,Wheat Flour 5kg,Groceries,342.65,1,UK,342.65
O02153,2025-01-27,C149,P020,Water Bottle,Home & Kitchen,255.25,1,UK,255.25
O02154,2025-07-21,C003,P007,Jeans,Fashion,1426.69,3,UK,4280.07
O02154,2025-07-21,C003,P022,Football,Sports,932.75,1,UK,932.75
O02154,2025-07-21,C003,P003,Headphones,Electronics,2626.29,1,Canada,2626.29
O02154,2025-07-21,C003,P021,Cricket Bat,Sports,1450.26,2,USA,2900.52
O02155,2025-07-02,C101,P004,Bluetooth Speaker,Electronics,3652.12,1,Canada,3652.12
O02155,2025-07-02,C101,P013,Cooking Oil 1L,Groceries,154.35,2,UK,308.7
O02155,2025-07-02,C101,P015,Tea 500g,Groceries,224.76,3,Australia,674.28
O02156,2025-08-09,C198,P010,Formal Shirt,Fashion,1248.19,2,USA,2496.38
O02156,2025-08-09,C198,P007,Jeans,Fashion,1459.75,2,India,2919.5
O02157,2025-01-15,C143,P013,Cooking Oil 1L,Groceries,175.34,2,UK,350.68
O02158,2025-08-06,C002,P012,Wheat Flour 5kg,Groceries,333.79,2,Canada,667.58
O02159,2025-08-27,C139,P025,Badminton Racket,Sports,812.71,1,Australia,812.71
O02159,2025-08-27,C139,P002,Laptop,Electronics,59327.79,3,India,177983.37
O02159,2025-08-27,C139,P016,Mixer Grinder,Home & Kitchen,3267.25,1,Canada,3267.25
O02159,2025-08-27,C139,P014,Sugar 1kg,Groceries,60.05,1,UK,60.05
O02159,2025-08-27,C139,P013,Cooking Oil 1L,Groceries,152.65,1,USA,152.65
O02160,2025-05-26,C096,P021,Cricket Bat,Sports,1463.4,1,India,1463.4
O02161,2025-05-07,C058,P022,Football,Sports,989.11,1,UK,989.11
O02161,2025-05-07,C058,P007,Jeans,Fashion,1573.38,2,UK,3146.76
O02161,2025-05-07,C058,P014,Sugar 1kg,Groceries,54.77,1,India,54.77
O02161,2025-05-07,C058,P020,Water Bottle,Home & Kitchen,259.06,1,India,259.06
O02162,2025-02-16,C055,P011,Rice 5kg,Groceries,339.98,3,Canada,1019.94
O02163,2025-02-20,C173,P015,Tea 500g,Groceries,214.63,2,India,429.26
O02163,2025-02-20,C173,P005,Smartwatch,Electronics,6690.26,3,UK,20070.78
O02164,2025-07-20,C125,P023,Yoga Mat,Sports,757.11,1,India,757.11
O02164,2025-07-20,C125,P021,Cricket Bat,Sports,1637.51,1,Australia,1637.51
O02164,2025-07-20,C125,P025,Badminton Racket,Sports,868.0,2,USA,1736.0
O02164,2025-07-20,C125,P011,Rice 5kg,Groceries,358.78,3,Canada,1076.34
O02164,2025-07-20,C125,P017,Pressure Cooker,Home & Kitchen,2115.95,3,India,6347.849999999999
O02165,2025-10-02,C164,P005,Smartwatch,Electronics,7271.19,1,USA,7271.19
O02165,2025-10-02,C164,P002,Laptop,Electronics,59480.48,1,USA,59480.48
O02165,2025-10-02,C164,P022,Football,Sports,901.07,1,USA,901.07
O02165,2025-10-02,C164,P020,Water Bottle,Home & Kitchen,271.09,1,India,271.09
O02165,2025-10-02,C164,P025,Badminton Racket,Sports,783.35,2,Canada,1566.7
O02166,2025-12-01,C133,P007,Jeans,Fashion,1567.95,1,UK,1567.95
O02166,2025-12-01,C133,P019,Bedsheet,Home & Kitchen,908.99,2,UK,1817.98
O02167,2025-08-18,C017,P014,Sugar 1kg,Groceries,55.54,1,USA,55.54
O02167,2025-08-18,C017,P017,Pressure Cooker,Home & Kitchen,2323.24,3,USA,6969.719999999999
O02167,2025-08-18,C017,P008,Sneakers,Fashion,2414.07,1,USA,2414.07
O02167,2025-08-18,C017,P007,Jeans,Fashion,1464.75,1,USA,1464.75
O02167,2025-08-18,C017,P013,Cooking Oil 1L,Groceries,163.19,1,UK,163.19
O02168,2025-12-11,C172,P006,T-Shirt,Fashion,710.84,3,India,2132.52
O02168,2025-12-11,C172,P003,Headphones,Electronics,2668.8,3,USA,8006.400000000001
O02169,2025-04-02,C194,P025,Badminton Racket,Sports,776.75,1,Australia,776.75
O02169,2025-04-02,C194,P024,Dumbbells 5kg,Sports,1190.51,1,UK,1190.51
O02169,2025-04-02,C194,P023,Yoga Mat,Sports,700.86,1,USA,700.86
O02169,2025-04-02,C194,P017,Pressure Cooker,Home & Kitchen,2401.71,3,UK,7205.13
O02170,2025-04-09,C147,P018,Dinner Set,Home & Kitchen,2954.48,1,India,2954.48
O02170,2025-04-09,C147,P013,Cooking Oil 1L,Groceries,174.76,1,India,174.76
O02170,2025-04-09,C147,P019,Bedsheet,Home & Kitchen,948.57,3,Canada,2845.71
O02171,2025-05-28,C106,P023,Yoga Mat,Sports,752.19,1,USA,752.19
O02172,2025-06-19,C116,P023,Yoga Mat,Sports,711.21,1,USA,711.21
O02172,2025-06-19,C116,P017,Pressure Cooker,Home & Kitchen,2311.7,3,UK,6935.099999999999
O02172,2025-06-19,C116,P002,Laptop,Electronics,56616.5,2,UK,113233.0
O02172,2025-06-19,C116,P007,Jeans,Fashion,1644.41,2,UK,3288.82
O02173,2025-07-29,C003,P010,Formal Shirt,Fashion,1237.19,3,Australia,3711.57
O02173,2025-07-29,C003,P005,Smartwatch,Electronics,6919.84,3,Australia,20759.52
O02173,2025-07-29,C003,P004,Bluetooth Speaker,Electronics,3334.46,3,USA,10003.380000000001
O02173,2025-07-29,C003,P011,Rice 5kg,Groceries,335.92,1,UK,335.92
O02173,2025-07-29,C003,P015,Tea 500g,Groceries,230.38,3,Australia,691.14
O02174,2025-05-09,C065,P006,T-Shirt,Fashion,733.25,3,India,2199.75
O02174,2025-05-09,C065,P024,Dumbbells 5kg,Sports,1173.17,2,UK,2346.34
O02175,2025-05-03,C030,P018,Dinner Set,Home & Kitchen,2791.3,2,UK,5582.6
O02176,2025-04-17,C160,P018,Dinner Set,Home & Kitchen,2757.64,3,USA,8272.92
O02176,2025-04-17,C160,P021,Cricket Bat,Sports,1515.83,2,Australia,3031.66
O02177,2025-09-15,C100,P001,Smartphone,Electronics,18509.26,3,UK,55527.78
O02177,2025-09-15,C100,P007,Jeans,Fashion,1501.42,2,UK,3002.84
O02177,2025-09-15,C100,P013,Cooking Oil 1L,Groceries,171.94,2,Canada,343.88
O02178,2025-01-23,C082,P013,Cooking Oil 1L,Groceries,162.83,2,India,325.66
O02178,2025-01-23,C082,P004,Bluetooth Speaker,Electronics,3449.28,1,India,3449.28
O02178,2025-01-23,C082,P012,Wheat Flour 5kg,Groceries,341.92,3,UK,1025.76
O02178,2025-01-23,C082,P005,Smartwatch,Electronics,6870.54,3,India,20611.62
O02178,2025-01-23,C082,P023,Yoga Mat,Sports,679.09,3,Australia,2037.27
O02179,2025-06-06,C137,P003,Headphones,Electronics,2683.14,1,Australia,2683.14
O02179,2025-06-06,C137,P002,Laptop,Electronics,56948.34,3,Australia,170845.02
O02179,2025-06-06,C137,P024,Dumbbells 5kg,Sports,1231.69,3,Canada,3695.07
O02179,2025-06-06,C137,P005,Smartwatch,Electronics,6908.2,2,USA,13816.4
O02179,2025-06-06,C137,P014,Sugar 1kg,Groceries,53.01,2,USA,106.02
O02180,2025-08-27,C183,P017,Pressure Cooker,Home & Kitchen,2376.19,1,Australia,2376.19
O02180,2025-08-27,C183,P013,Cooking Oil 1L,Groceries,164.48,2,Canada,328.96
O02180,2025-08-27,C183,P004,Bluetooth Speaker,Electronics,3811.57,1,Australia,3811.57
O02180,2025-08-27,C183,P023,Yoga Mat,Sports,682.63,1,India,682.63
O02180,2025-08-27,C183,P009,Jacket,Fashion,3043.61,2,Canada,6087.22
O02181,2025-01-10,C159,P001,Smartphone,Electronics,18737.03,3,Australia,56211.09
O02182,2025-12-21,C094,P014,Sugar 1kg,Groceries,58.04,3,India,174.12
O02182,2025-12-21,C094,P023,Yoga Mat,Sports,768.31,1,Canada,768.31
O02182,2025-12-21,C094,P011,Rice 5kg,Groceries,335.58,2,Australia,671.16
O02182,2025-12-21,C094,P012,Wheat Flour 5kg,Groceries,319.93,2,India,639.86
O02183,2025-12-01,C035,P003,Headphones,Electronics,2738.68,3,USA,8216.039999999999
O02184,2025-11-05,C075,P014,Sugar 1kg,Groceries,55.49,3,Canada,166.47
O02184,2025-11-05,C075,P010,Formal Shirt,Fashion,1234.75,2,UK,2469.5
O02184,2025-11-05,C075,P006,T-Shirt,Fashion,731.88,2,USA,1463.76
O02184,2025-11-05,C075,P025,Badminton Racket,Sports,804.88,2,Australia,1609.76
O02185,2025-11-18,C030,P007,Jeans,Fashion,1640.8,1,Australia,1640.8
O02185,2025-11-18,C030,P013,Cooking Oil 1L,Groceries,158.23,2,UK,316.46
O02185,2025-11-18,C030,P011,Rice 5kg,Groceries,375.06,3,UK,1125.18
O02186,2025-02-11,C153,P023,Yoga Mat,Sports,675.91,2,Canada,1351.82
O02186,2025-02-11,C153,P004,Bluetooth Speaker,Electronics,3771.74,1,India,3771.74
O02186,2025-02-11,C153,P011,Rice 5kg,Groceries,381.73,2,Australia,763.46
O02187,2025-01-15,C119,P013,Cooking Oil 1L,Groceries,158.62,2,UK,317.24
O02187,2025-01-15,C119,P001,Smartphone,Electronics,17608.24,2,India,35216.48
O02187,2025-01-15,C119,P023,Yoga Mat,Sports,721.62,2,UK,1443.24
O02188,2025-12-14,C070,P024,Dumbbells 5kg,Sports,1244.31,2,Australia,2488.62
O02189,2025-04-20,C084,P015,Tea 500g,Groceries,229.83,2,UK,459.66
O02189,2025-04-20,C084,P006,T-Shirt,Fashion,757.4,3,Australia,2272.2
O02189,2025-04-20,C084,P020,Water Bottle,Home & Kitchen,258.49,2,India,516.98
O02189,2025-04-20,C084,P012,Wheat Flour 5kg,Groceries,317.86,1,Australia,317.86
O02190,2025-09-20,C029,P014,Sugar 1kg,Groceries,59.46,1,UK,59.46
O02190,2025-09-20,C029,P009,Jacket,Fashion,3049.22,3,India,9147.66
O02191,2025-08-06,C109,P023,Yoga Mat,Sports,760.96,3,India,2282.88
O02191,2025-08-06,C109,P013,Cooking Oil 1L,Groceries,175.19,1,Canada,175.19
O02191,2025-08-06,C109,P015,Tea 500g,Groceries,234.83,2,USA,469.66
O02191,2025-08-06,C109,P021,Cricket Bat,Sports,1514.01,1,India,1514.01
O02192,2025-08-27,C085,P019,Bedsheet,Home & Kitchen,919.84,1,UK,919.84
O02192,2025-08-27,C085,P025,Badminton Racket,Sports,800.43,2,UK,1600.86
O02192,2025-08-27,C085,P012,Wheat Flour 5kg,Groceries,313.79,3,USA,941.3700000000001
O02192,2025-08-27,C085,P008,Sneakers,Fashion,2528.39,3,UK,7585.17
O02192,2025-08-27,C085,P010,Formal Shirt,Fashion,1235.43,3,India,3706.29
O02193,2025-12-27,C166,P003,Headphones,Electronics,2707.29,1,UK,2707.29
O02193,2025-12-27,C166,P018,Dinner Set,Home & Kitchen,3030.35,1,India,3030.35
O02193,2025-12-27,C166,P014,Sugar 1kg,Groceries,54.87,1,Australia,54.87
O02193,2025-12-27,C166,P004,Bluetooth Speaker,Electronics,3579.23,2,India,7158.46
O02193,2025-12-27,C166,P007,Jeans,Fashion,1607.39,2,Canada,3214.78
O02194,2025-07-27,C116,P009,Jacket,Fashion,3233.16,2,India,6466.32
O02194,2025-07-27,C116,P002,Laptop,Electronics,57313.77,2,UK,114627.54
O02194,2025-07-27,C116,P021,Cricket Bat,Sports,1649.23,1,Canada,1649.23
O02195,2025-05-25,C057,P025,Badminton Racket,Sports,847.76,3,UK,2543.2799999999997
O02196,2025-10-08,C059,P002,Laptop,Electronics,60495.66,3,Canada,181486.98
O02196,2025-10-08,C059,P025,Badminton Racket,Sports,779.79,3,USA,2339.37
O02196,2025-10-08,C059,P022,Football,Sports,914.89,2,Canada,1829.78
O02196,2025-10-08,C059,P017,Pressure Cooker,Home & Kitchen,2302.15,1,UK,2302.15
O02196,2025-10-08,C059,P018,Dinner Set,Home & Kitchen,2784.49,2,USA,5568.98
O02197,2025-11-20,C100,P013,Cooking Oil 1L,Groceries,160.55,2,Australia,321.1
O02198,2025-09-19,C042,P021,Cricket Bat,Sports,1566.72,1,USA,1566.72
O02198,2025-09-19,C042,P015,Tea 500g,Groceries,213.54,3,UK,640.62
O02198,2025-09-19,C042,P024,Dumbbells 5kg,Sports,1279.12,3,USA,3837.3599999999997
O02199,2025-07-18,C066,P004,Bluetooth Speaker,Electronics,3759.2,3,UK,11277.599999999999
O02200,2025-11-16,C056,P002,Laptop,Electronics,59554.45,2,Australia,119108.9
O02200,2025-11-16,C056,P010,Formal Shirt,Fashion,1235.79,2,Canada,2471.58
O02200,2025-11-16,C056,P001,Smartphone,Electronics,17285.05,2,Canada,34570.1
O02200,2025-11-16,C056,P017,Pressure Cooker,Home & Kitchen,2181.08,2,USA,4362.16
O02200,2025-11-16,C056,P007,Jeans,Fashion,1609.05,2,USA,3218.1
O02201,2025-08-21,C070,P001,Smartphone,Electronics,19635.9,1,India,19635.9
O02201,2025-08-21,C070,P003,Headphones,Electronics,2390.85,2,UK,4781.7
O02201,2025-08-21,C070,P007,Jeans,Fashion,1510.51,3,Australia,4531.53
O02202,2025-11-14,C119,P004,Bluetooth Speaker,Electronics,3417.56,3,USA,10252.68
O02202,2025-11-14,C119,P006,T-Shirt,Fashion,719.33,1,UK,719.33
O02202,2025-11-14,C119,P003,Headphones,Electronics,2530.08,2,Canada,5060.16
O02203,2025-08-19,C080,P008,Sneakers,Fashion,2636.23,3,USA,7908.6900000000005
O02203,2025-08-19,C080,P021,Cricket Bat,Sports,1627.62,1,USA,1627.62
O02203,2025-08-19,C080,P014,Sugar 1kg,Groceries,55.33,1,UK,55.33
O02203,2025-08-19,C080,P025,Badminton Racket,Sports,869.43,2,USA,1738.86
O02204,2025-05-20,C182,P011,Rice 5kg,Groceries,380.54,2,Canada,761.08
O02204,2025-05-20,C182,P009,Jacket,Fashion,2888.08,3,UK,8664.24
O02205,2025-12-18,C149,P022,Football,Sports,868.5,2,Australia,1737.0
O02206,2025-08-16,C018,P018,Dinner Set,Home & Kitchen,2792.8,3,USA,8378.400000000001
O02207,2025-07-14,C147,P005,Smartwatch,Electronics,7119.29,1,USA,7119.29
O02208,2025-07-16,C163,P016,Mixer Grinder,Home & Kitchen,3209.07,1,UK,3209.07
O02208,2025-07-16,C163,P019,Bedsheet,Home & Kitchen,950.18,2,India,1900.36
O02208,2025-07-16,C163,P011,Rice 5kg,Groceries,370.45,1,Canada,370.45
O02208,2025-07-16,C163,P015,Tea 500g,Groceries,222.31,1,UK,222.31
O02208,2025-07-16,C163,P022,Football,Sports,861.07,1,Canada,861.07
O02209,2025-02-20,C162,P015,Tea 500g,Groceries,212.61,2,Australia,425.22
O02209,2025-02-20,C162,P004,Bluetooth Speaker,Electronics,3568.93,2,Canada,7137.86
O02209,2025-02-20,C162,P014,Sugar 1kg,Groceries,53.64,3,Canada,160.92000000000002
O02209,2025-02-20,C162,P012,Wheat Flour 5kg,Groceries,310.39,3,USA,931.17
O02210,2025-02-28,C106,P003,Headphones,Electronics,2517.61,2,Canada,5035.22
O02211,2025-06-16,C200,P009,Jacket,Fashion,3015.28,1,Canada,3015.28
O02211,2025-06-16,C200,P023,Yoga Mat,Sports,702.22,3,USA,2106.66
O02212,2025-09-11,C149,P001,Smartphone,Electronics,17284.13,1,Australia,17284.13
O02213,2025-02-22,C121,P020,Water Bottle,Home & Kitchen,250.72,1,UK,250.72
O02213,2025-02-22,C121,P012,Wheat Flour 5kg,Groceries,343.23,2,USA,686.46
O02213,2025-02-22,C121,P003,Headphones,Electronics,2699.47,3,USA,8098.41
O02213,2025-02-22,C121,P025,Badminton Racket,Sports,802.55,2,USA,1605.1
O02213,2025-02-22,C121,P001,Smartphone,Electronics,19498.74,3,UK,58496.22
O02214,2025-11-28,C168,P004,Bluetooth Speaker,Electronics,3399.63,2,Australia,6799.26
O02214,2025-11-28,C168,P006,T-Shirt,Fashion,768.2,3,Canada,2304.6000000000004
O02214,2025-11-28,C168,P018,Dinner Set,Home & Kitchen,3030.54,1,India,3030.54
O02214,2025-11-28,C168,P007,Jeans,Fashion,1467.01,3,UK,4401.03
O02215,2025-12-11,C088,P008,Sneakers,Fashion,2640.55,3,USA,7921.650000000001
O02215,2025-12-11,C088,P023,Yoga Mat,Sports,667.09,3,Australia,2001.27
O02215,2025-12-11,C088,P022,Football,Sports,981.26,2,India,1962.52
O02216,2025-07-04,C018,P005,Smartwatch,Electronics,7480.16,1,Canada,7480.16
O02216,2025-07-04,C018,P021,Cricket Bat,Sports,1641.35,3,UK,4924.049999999999
O02217,2025-12-31,C063,P014,Sugar 1kg,Groceries,54.99,3,Australia,164.97
O02217,2025-12-31,C063,P003,Headphones,Electronics,2711.07,2,UK,5422.14
O02217,2025-12-31,C063,P012,Wheat Flour 5kg,Groceries,313.17,1,Canada,313.17
O02217,2025-12-31,C063,P021,Cricket Bat,Sports,1470.96,2,India,2941.92
O02218,2025-05-17,C112,P016,Mixer Grinder,Home & Kitchen,3253.87,3,Canada,9761.61
O02218,2025-05-17,C112,P010,Formal Shirt,Fashion,1304.24,2,UK,2608.48
O02218,2025-05-17,C112,P011,Rice 5kg,Groceries,357.95,1,India,357.95
O02218,2025-05-17,C112,P006,T-Shirt,Fashion,694.28,2,Australia,1388.56
O02219,2025-07-18,C005,P003,Headphones,Electronics,2389.03,3,India,7167.09
O02219,2025-07-18,C005,P013,Cooking Oil 1L,Groceries,173.85,3,India,521.55
O02219,2025-07-18,C005,P022,Football,Sports,936.85,3,USA,2810.55
O02220,2025-09-09,C198,P013,Cooking Oil 1L,Groceries,166.3,1,Canada,166.3
O02221,2025-09-06,C071,P001,Smartphone,Electronics,19444.16,3,USA,58332.479999999996
O02221,2025-09-06,C071,P014,Sugar 1kg,Groceries,55.9,1,Canada,55.9
O02221,2025-09-06,C071,P017,Pressure Cooker,Home & Kitchen,2090.9,1,USA,2090.9
O02221,2025-09-06,C071,P025,Badminton Racket,Sports,848.87,3,Australia,2546.61
O02221,2025-09-06,C071,P003,Headphones,Electronics,2431.08,3,UK,7293.24
O02222,2025-07-24,C178,P007,Jeans,Fashion,1463.84,2,Australia,2927.68
O02222,2025-07-24,C178,P022,Football,Sports,889.53,3,USA,2668.59
O02222,2025-07-24,C178,P001,Smartphone,Electronics,17860.64,3,Canada,53581.92
O02222,2025-07-24,C178,P020,Water Bottle,Home & Kitchen,256.29,2,Canada,512.58
O02222,2025-07-24,C178,P012,Wheat Flour 5kg,Groceries,327.78,3,USA,983.3399999999999
O02223,2025-11-25,C194,P002,Laptop,Electronics,52562.12,1,UK,52562.12
O02223,2025-11-25,C194,P023,Yoga Mat,Sports,692.55,2,UK,1385.1
O02224,2025-11-28,C055,P010,Formal Shirt,Fashion,1250.44,3,USA,3751.32
O02224,2025-11-28,C055,P018,Dinner Set,Home & Kitchen,3040.6,1,India,3040.6
O02224,2025-11-28,C055,P004,Bluetooth Speaker,Electronics,3652.91,3,Canada,10958.73
O02225,2025-06-25,C149,P005,Smartwatch,Electronics,6927.75,3,India,20783.25
O02225,2025-06-25,C149,P003,Headphones,Electronics,2543.11,3,UK,7629.33
O02225,2025-06-25,C149,P018,Dinner Set,Home & Kitchen,2874.79,1,Canada,2874.79
O02226,2025-09-03,C065,P003,Headphones,Electronics,2687.53,3,Canada,8062.59
O02226,2025-09-03,C065,P015,Tea 500g,Groceries,221.03,2,Australia,442.06
O02226,2025-09-03,C065,P010,Formal Shirt,Fashion,1278.6,1,USA,1278.6
O02226,2025-09-03,C065,P006,T-Shirt,Fashion,738.56,1,USA,738.56
O02226,2025-09-03,C065,P005,Smartwatch,Electronics,7269.75,3,Canada,21809.25
O02227,2025-03-06,C133,P006,T-Shirt,Fashion,767.88,3,USA,2303.64
O02227,2025-03-06,C133,P015,Tea 500g,Groceries,210.73,3,Australia,632.1899999999999
O02228,2025-03-27,C199,P013,Cooking Oil 1L,Groceries,168.9,2,Canada,337.8
O02228,2025-03-27,C199,P016,Mixer Grinder,Home & Kitchen,3096.28,3,Australia,9288.84
O02228,2025-03-27,C199,P020,Water Bottle,Home & Kitchen,238.88,3,Canada,716.64
O02228,2025-03-27,C199,P024,Dumbbells 5kg,Sports,1279.27,3,Canada,3837.81
O02228,2025-03-27,C199,P015,Tea 500g,Groceries,222.49,1,Australia,222.49
O02229,2025-09-23,C043,P006,T-Shirt,Fashion,735.31,3,UK,2205.93
O02230,2025-06-20,C181,P019,Bedsheet,Home & Kitchen,862.69,3,India,2588.07
O02230,2025-06-20,C181,P022,Football,Sports,881.0,3,Canada,2643.0
O02230,2025-06-20,C181,P012,Wheat Flour 5kg,Groceries,324.33,1,Canada,324.33
O02231,2025-12-06,C165,P012,Wheat Flour 5kg,Groceries,348.02,2,Australia,696.04
O02231,2025-12-06,C165,P015,Tea 500g,Groceries,229.44,3,Australia,688.3199999999999
O02232,2025-04-14,C018,P017,Pressure Cooker,Home & Kitchen,2099.48,1,Canada,2099.48
O02233,2025-02-28,C019,P017,Pressure Cooker,Home & Kitchen,2416.18,3,USA,7248.539999999999
O02233,2025-02-28,C019,P012,Wheat Flour 5kg,Groceries,347.76,2,Australia,695.52
O02233,2025-02-28,C019,P025,Badminton Racket,Sports,825.02,3,India,2475.06
O02233,2025-02-28,C019,P009,Jacket,Fashion,3101.59,1,India,3101.59
O02233,2025-02-28,C019,P001,Smartphone,Electronics,18204.61,2,UK,36409.22
O02234,2025-12-05,C169,P005,Smartwatch,Electronics,7061.64,2,USA,14123.28
O02234,2025-12-05,C169,P010,Formal Shirt,Fashion,1247.17,2,Canada,2494.34
O02234,2025-12-05,C169,P007,Jeans,Fashion,1468.02,2,USA,2936.04
O02234,2025-12-05,C169,P004,Bluetooth Speaker,Electronics,3828.49,3,India,11485.47
O02234,2025-12-05,C169,P015,Tea 500g,Groceries,215.31,2,Canada,430.62
O02235,2025-01-21,C024,P018,Dinner Set,Home & Kitchen,2865.77,2,India,5731.54
O02235,2025-01-21,C024,P006,T-Shirt,Fashion,750.37,3,UK,2251.11
O02235,2025-01-21,C024,P013,Cooking Oil 1L,Groceries,159.83,2,UK,319.66
O02236,2025-09-06,C173,P007,Jeans,Fashion,1455.7,2,UK,2911.4
O02236,2025-09-06,C173,P020,Water Bottle,Home & Kitchen,263.45,2,USA,526.9
O02236,2025-09-06,C173,P008,Sneakers,Fashion,2737.05,1,Australia,2737.05
O02237,2025-07-27,C160,P021,Cricket Bat,Sports,1494.96,1,UK,1494.96
O02237,2025-07-27,C160,P005,Smartwatch,Electronics,7361.81,2,Canada,14723.62
O02238,2025-07-08,C156,P016,Mixer Grinder,Home & Kitchen,3225.04,1,USA,3225.04
O02238,2025-07-08,C156,P024,Dumbbells 5kg,Sports,1169.91,3,USA,3509.7300000000005
O02238,2025-07-08,C156,P017,Pressure Cooker,Home & Kitchen,2178.21,3,UK,6534.63
O02239,2025-12-26,C071,P010,Formal Shirt,Fashion,1225.26,2,UK,2450.52
O02239,2025-12-26,C071,P019,Bedsheet,Home & Kitchen,880.9,1,India,880.9
O02239,2025-12-26,C071,P012,Wheat Flour 5kg,Groceries,323.97,2,USA,647.94
O02239,2025-12-26,C071,P003,Headphones,Electronics,2393.8,1,Canada,2393.8
O02240,2025-03-01,C117,P007,Jeans,Fashion,1441.16,3,USA,4323.4800000000005
O02240,2025-03-01,C117,P003,Headphones,Electronics,2590.53,1,USA,2590.53
O02241,2025-05-11,C103,P015,Tea 500g,Groceries,219.4,3,Australia,658.2
O02242,2025-02-15,C034,P003,Headphones,Electronics,2549.62,1,USA,2549.62
O02242,2025-02-15,C034,P015,Tea 500g,Groceries,239.22,2,India,478.44
O02242,2025-02-15,C034,P012,Wheat Flour 5kg,Groceries,308.82,3,Canada,926.46
O02242,2025-02-15,C034,P014,Sugar 1kg,Groceries,56.93,1,India,56.93
O02243,2025-04-05,C178,P010,Formal Shirt,Fashion,1313.83,2,USA,2627.66
O02243,2025-04-05,C178,P024,Dumbbells 5kg,Sports,1286.09,1,UK,1286.09
O02244,2025-01-04,C172,P023,Yoga Mat,Sports,756.69,2,UK,1513.38
O02244,2025-01-04,C172,P013,Cooking Oil 1L,Groceries,158.43,2,USA,316.86
O02244,2025-01-04,C172,P022,Football,Sports,989.32,1,India,989.32
O02244,2025-01-04,C172,P016,Mixer Grinder,Home & Kitchen,3117.72,3,USA,9353.16
O02244,2025-01-04,C172,P004,Bluetooth Speaker,Electronics,3434.99,3,UK,10304.97
O02245,2025-04-30,C020,P023,Yoga Mat,Sports,686.31,2,India,1372.62
O02245,2025-04-30,C020,P003,Headphones,Electronics,2438.61,3,Canada,7315.83
O02245,2025-04-30,C020,P024,Dumbbells 5kg,Sports,1148.24,1,UK,1148.24
O02245,2025-04-30,C020,P008,Sneakers,Fashion,2608.95,1,Canada,2608.95
O02246,2025-04-19,C188,P005,Smartwatch,Electronics,7371.65,1,India,7371.65
O02246,2025-04-19,C188,P014,Sugar 1kg,Groceries,55.55,3,Australia,166.64999999999998
O02247,2025-06-03,C185,P013,Cooking Oil 1L,Groceries,172.87,3,UK,518.61
O02247,2025-06-03,C185,P012,Wheat Flour 5kg,Groceries,331.96,3,Australia,995.8799999999999
O02248,2025-06-01,C153,P017,Pressure Cooker,Home & Kitchen,2147.2,3,Australia,6441.599999999999
O02248,2025-06-01,C153,P025,Badminton Racket,Sports,794.56,1,Australia,794.56
O02249,2025-07-02,C044,P015,Tea 500g,Groceries,230.26,2,Canada,460.52
O02249,2025-07-02,C044,P020,Water Bottle,Home & Kitchen,269.95,2,India,539.9
O02250,2025-06-20,C010,P017,Pressure Cooker,Home & Kitchen,2328.23,1,India,2328.23
O02251,2025-12-29,C034,P001,Smartphone,Electronics,19082.01,2,UK,38164.02
O02251,2025-12-29,C034,P010,Formal Shirt,Fashion,1165.21,2,Canada,2330.42
O02252,2025-11-28,C157,P006,T-Shirt,Fashion,768.21,3,UK,2304.63
O02252,2025-11-28,C157,P013,Cooking Oil 1L,Groceries,153.77,2,USA,307.54
O02252,2025-11-28,C157,P019,Bedsheet,Home & Kitchen,949.89,1,UK,949.89
O02252,2025-11-28,C157,P011,Rice 5kg,Groceries,363.53,1,Australia,363.53
O02252,2025-11-28,C157,P014,Sugar 1kg,Groceries,52.73,2,India,105.46
O02253,2025-10-20,C120,P024,Dumbbells 5kg,Sports,1198.04,2,Australia,2396.08
O02254,2025-11-11,C101,P025,Badminton Racket,Sports,797.82,3,UK,2393.46
O02254,2025-11-11,C101,P001,Smartphone,Electronics,19267.57,2,India,38535.14
O02254,2025-11-11,C101,P005,Smartwatch,Electronics,7216.65,1,Australia,7216.65
O02254,2025-11-11,C101,P002,Laptop,Electronics,53244.75,2,Canada,106489.5
O02255,2025-09-14,C128,P013,Cooking Oil 1L,Groceries,169.97,3,India,509.90999999999997
O02255,2025-09-14,C128,P022,Football,Sports,894.84,3,UK,2684.52
O02255,2025-09-14,C128,P023,Yoga Mat,Sports,740.32,2,UK,1480.64
O02255,2025-09-14,C128,P007,Jeans,Fashion,1514.44,1,India,1514.44
O02256,2025-11-07,C067,P002,Laptop,Electronics,54037.75,3,Australia,162113.25
O02256,2025-11-07,C067,P013,Cooking Oil 1L,Groceries,158.25,3,Australia,474.75
O02256,2025-11-07,C067,P024,Dumbbells 5kg,Sports,1193.05,1,Canada,1193.05
O02256,2025-11-07,C067,P017,Pressure Cooker,Home & Kitchen,2242.98,3,Canada,6728.9400000000005
O02256,2025-11-07,C067,P007,Jeans,Fashion,1504.76,3,UK,4514.28
O02257,2025-06-08,C065,P021,Cricket Bat,Sports,1626.03,1,UK,1626.03
O02257,2025-06-08,C065,P003,Headphones,Electronics,2416.71,2,India,4833.42
O02257,2025-06-08,C065,P015,Tea 500g,Groceries,223.89,1,USA,223.89
O02257,2025-06-08,C065,P013,Cooking Oil 1L,Groceries,154.77,3,India,464.31000000000006
O02257,2025-06-08,C065,P012,Wheat Flour 5kg,Groceries,339.75,2,UK,679.5
O02258,2025-09-18,C036,P009,Jacket,Fashion,3233.37,1,Australia,3233.37
O02258,2025-09-18,C036,P002,Laptop,Electronics,60081.39,1,UK,60081.39
O02258,2025-09-18,C036,P021,Cricket Bat,Sports,1515.09,1,USA,1515.09
O02258,2025-09-18,C036,P017,Pressure Cooker,Home & Kitchen,2318.92,1,India,2318.92
O02259,2025-08-15,C172,P009,Jacket,Fashion,3149.51,3,USA,9448.53
O02260,2025-04-22,C041,P023,Yoga Mat,Sports,690.49,1,India,690.49
O02260,2025-04-22,C041,P008,Sneakers,Fashion,2486.49,2,Australia,4972.98
O02260,2025-04-22,C041,P011,Rice 5kg,Groceries,361.1,3,Australia,1083.3000000000002
O02260,2025-04-22,C041,P016,Mixer Grinder,Home & Kitchen,3428.11,1,India,3428.11
O02261,2025-11-25,C111,P016,Mixer Grinder,Home & Kitchen,3051.41,2,UK,6102.82
O02262,2025-09-22,C097,P022,Football,Sports,955.01,1,Canada,955.01
O02262,2025-09-22,C097,P016,Mixer Grinder,Home & Kitchen,3272.63,2,India,6545.26
O02262,2025-09-22,C097,P003,Headphones,Electronics,2390.44,1,India,2390.44
O02262,2025-09-22,C097,P010,Formal Shirt,Fashion,1211.02,3,Canada,3633.06
O02262,2025-09-22,C097,P019,Bedsheet,Home & Kitchen,988.05,2,Australia,1976.1
O02263,2025-06-27,C180,P018,Dinner Set,Home & Kitchen,2920.34,2,UK,5840.68
O02263,2025-06-27,C180,P023,Yoga Mat,Sports,691.17,2,India,1382.34
O02263,2025-06-27,C180,P013,Cooking Oil 1L,Groceries,169.6,1,Canada,169.6
O02263,2025-06-27,C180,P003,Headphones,Electronics,2646.64,1,Australia,2646.64
O02263,2025-06-27,C180,P024,Dumbbells 5kg,Sports,1263.39,1,Canada,1263.39
O02264,2025-01-06,C105,P014,Sugar 1kg,Groceries,56.11,2,UK,112.22
O02264,2025-01-06,C105,P019,Bedsheet,Home & Kitchen,909.11,3,India,2727.33
O02264,2025-01-06,C105,P015,Tea 500g,Groceries,238.22,1,USA,238.22
O02265,2025-03-26,C029,P018,Dinner Set,Home & Kitchen,2860.96,3,Canada,8582.880000000001
O02265,2025-03-26,C029,P016,Mixer Grinder,Home & Kitchen,3465.87,1,USA,3465.87
O02265,2025-03-26,C029,P011,Rice 5kg,Groceries,338.63,1,UK,338.63
O02265,2025-03-26,C029,P008,Sneakers,Fashion,2563.56,3,Australia,7690.68
O02265,2025-03-26,C029,P005,Smartwatch,Electronics,6682.45,1,USA,6682.45
O02266,2025-07-01,C094,P013,Cooking Oil 1L,Groceries,152.09,1,Canada,152.09
O02266,2025-07-01,C094,P012,Wheat Flour 5kg,Groceries,321.32,1,Canada,321.32
O02266,2025-07-01,C094,P021,Cricket Bat,Sports,1514.64,2,Australia,3029.28
O02266,2025-07-01,C094,P015,Tea 500g,Groceries,238.94,3,India,716.8199999999999
O02267,2025-05-02,C171,P002,Laptop,Electronics,52781.3,1,Canada,52781.3
O02268,2025-06-20,C005,P014,Sugar 1kg,Groceries,56.57,2,UK,113.14
O02268,2025-06-20,C005,P018,Dinner Set,Home & Kitchen,3036.29,2,USA,6072.58
O02269,2025-05-26,C027,P012,Wheat Flour 5kg,Groceries,314.05,3,Canada,942.1500000000001
O02270,2025-08-31,C177,P017,Pressure Cooker,Home & Kitchen,2263.33,2,USA,4526.66
O02271,2025-07-31,C125,P005,Smartwatch,Electronics,7112.35,1,USA,7112.35
O02272,2025-08-01,C009,P023,Yoga Mat,Sports,754.09,1,UK,754.09
O02272,2025-08-01,C009,P015,Tea 500g,Groceries,226.12,3,USA,678.36
O02273,2025-12-22,C078,P011,Rice 5kg,Groceries,369.44,2,Australia,738.88
O02273,2025-12-22,C078,P013,Cooking Oil 1L,Groceries,162.46,1,UK,162.46
O02273,2025-12-22,C078,P005,Smartwatch,Electronics,7619.36,3,USA,22858.079999999998
O02273,2025-12-22,C078,P018,Dinner Set,Home & Kitchen,2662.05,1,USA,2662.05
O02274,2025-12-26,C121,P002,Laptop,Electronics,55944.99,1,USA,55944.99
O02274,2025-12-26,C121,P023,Yoga Mat,Sports,678.56,2,Australia,1357.12
O02274,2025-12-26,C121,P015,Tea 500g,Groceries,225.87,3,Australia,677.61
O02274,2025-12-26,C121,P016,Mixer Grinder,Home & Kitchen,3123.67,3,UK,9371.01
O02274,2025-12-26,C121,P018,Dinner Set,Home & Kitchen,2672.75,3,USA,8018.25
O02275,2025-06-08,C116,P004,Bluetooth Speaker,Electronics,3758.4,1,UK,3758.4
O02275,2025-06-08,C116,P005,Smartwatch,Electronics,7321.06,2,Australia,14642.12
O02275,2025-06-08,C116,P013,Cooking Oil 1L,Groceries,171.35,3,UK,514.05
O02276,2025-09-25,C155,P002,Laptop,Electronics,59849.61,1,UK,59849.61
O02277,2025-03-21,C112,P017,Pressure Cooker,Home & Kitchen,2252.79,3,India,6758.37
O02277,2025-03-21,C112,P015,Tea 500g,Groceries,213.11,3,UK,639.33
O02278,2025-01-10,C075,P012,Wheat Flour 5kg,Groceries,336.84,1,Australia,336.84
O02278,2025-01-10,C075,P011,Rice 5kg,Groceries,347.47,1,Australia,347.47
O02278,2025-01-10,C075,P003,Headphones,Electronics,2495.36,2,Australia,4990.72
O02279,2025-06-10,C107,P007,Jeans,Fashion,1558.97,1,USA,1558.97
O02279,2025-06-10,C107,P001,Smartphone,Electronics,18879.65,3,Australia,56638.950000000004
O02279,2025-06-10,C107,P010,Formal Shirt,Fashion,1289.75,2,UK,2579.5
O02280,2025-08-03,C197,P004,Bluetooth Speaker,Electronics,3429.58,1,Canada,3429.58
O02280,2025-08-03,C197,P013,Cooking Oil 1L,Groceries,159.56,2,Canada,319.12
O02280,2025-08-03,C197,P011,Rice 5kg,Groceries,361.51,3,USA,1084.53
O02280,2025-08-03,C197,P018,Dinner Set,Home & Kitchen,2965.9,3,UK,8897.7
O02280,2025-08-03,C197,P012,Wheat Flour 5kg,Groceries,312.27,2,USA,624.54
O02281,2025-02-10,C083,P003,Headphones,Electronics,2636.39,3,USA,7909.17
O02281,2025-02-10,C083,P020,Water Bottle,Home & Kitchen,273.82,3,UK,821.46
O02281,2025-02-10,C083,P024,Dumbbells 5kg,Sports,1215.77,1,Canada,1215.77
O02282,2025-06-24,C091,P014,Sugar 1kg,Groceries,53.41,3,India,160.23
O02283,2025-11-16,C169,P024,Dumbbells 5kg,Sports,1273.31,1,Canada,1273.31
O02283,2025-11-16,C169,P014,Sugar 1kg,Groceries,57.48,3,USA,172.44
O02283,2025-11-16,C169,P012,Wheat Flour 5kg,Groceries,350.93,2,Australia,701.86
O02283,2025-11-16,C169,P020,Water Bottle,Home & Kitchen,274.49,3,UK,823.47
O02284,2025-10-22,C138,P012,Wheat Flour 5kg,Groceries,345.16,1,India,345.16
O02284,2025-10-22,C138,P023,Yoga Mat,Sports,703.46,2,Australia,1406.92
O02285,2025-05-07,C121,P016,Mixer Grinder,Home & Kitchen,3162.73,2,USA,6325.46
O02285,2025-05-07,C121,P013,Cooking Oil 1L,Groceries,166.52,1,Australia,166.52
O02285,2025-05-07,C121,P001,Smartphone,Electronics,18481.24,1,UK,18481.24
O02286,2025-06-24,C071,P015,Tea 500g,Groceries,235.3,2,UK,470.6
O02286,2025-06-24,C071,P022,Football,Sports,919.27,3,UK,2757.81
O02286,2025-06-24,C071,P006,T-Shirt,Fashion,702.79,3,Australia,2108.37
O02286,2025-06-24,C071,P009,Jacket,Fashion,3062.05,2,Australia,6124.1
O02286,2025-06-24,C071,P016,Mixer Grinder,Home & Kitchen,3080.64,2,USA,6161.28
O02287,2025-06-05,C186,P007,Jeans,Fashion,1545.32,1,UK,1545.32
O02287,2025-06-05,C186,P011,Rice 5kg,Groceries,344.35,2,India,688.7
O02288,2025-03-02,C135,P010,Formal Shirt,Fashion,1255.94,3,USA,3767.82
O02288,2025-03-02,C135,P002,Laptop,Electronics,59682.9,2,Canada,119365.8
O02289,2025-06-20,C119,P004,Bluetooth Speaker,Electronics,3772.13,2,USA,7544.26
O02289,2025-06-20,C119,P025,Badminton Racket,Sports,798.7,1,Australia,798.7
O02290,2025-12-03,C059,P019,Bedsheet,Home & Kitchen,889.19,1,Canada,889.19
O02290,2025-12-03,C059,P016,Mixer Grinder,Home & Kitchen,3231.16,2,Australia,6462.32
O02290,2025-12-03,C059,P022,Football,Sports,986.63,1,UK,986.63
O02290,2025-12-03,C059,P002,Laptop,Electronics,57505.71,1,USA,57505.71
O02291,2025-08-10,C165,P005,Smartwatch,Electronics,7287.14,2,Australia,14574.28
O02291,2025-08-10,C165,P001,Smartphone,Electronics,17313.72,3,Australia,51941.16
O02291,2025-08-10,C165,P020,Water Bottle,Home & Kitchen,255.33,3,USA,765.99
O02292,2025-02-01,C128,P015,Tea 500g,Groceries,210.54,3,Canada,631.62
O02293,2025-04-15,C174,P019,Bedsheet,Home & Kitchen,988.28,3,UK,2964.84
O02293,2025-04-15,C174,P011,Rice 5kg,Groceries,377.64,2,USA,755.28
O02293,2025-04-15,C174,P014,Sugar 1kg,Groceries,57.96,2,USA,115.92
O02293,2025-04-15,C174,P007,Jeans,Fashion,1483.18,1,USA,1483.18
O02293,2025-04-15,C174,P004,Bluetooth Speaker,Electronics,3589.57,2,Canada,7179.14
O02294,2025-04-01,C180,P007,Jeans,Fashion,1494.51,3,USA,4483.53
O02294,2025-04-01,C180,P022,Football,Sports,942.11,1,Canada,942.11
O02294,2025-04-01,C180,P004,Bluetooth Speaker,Electronics,3558.66,1,USA,3558.66
O02295,2025-03-26,C080,P008,Sneakers,Fashion,2477.01,2,UK,4954.02
O02295,2025-03-26,C080,P001,Smartphone,Electronics,19446.53,1,India,19446.53
O02295,2025-03-26,C080,P005,Smartwatch,Electronics,7513.1,2,USA,15026.2
O02296,2025-10-21,C181,P016,Mixer Grinder,Home & Kitchen,3182.18,2,Australia,6364.36
O02297,2025-03-18,C069,P023,Yoga Mat,Sports,703.94,2,UK,1407.88
O02297,2025-03-18,C069,P010,Formal Shirt,Fashion,1206.02,2,India,2412.04
O02297,2025-03-18,C069,P007,Jeans,Fashion,1462.21,1,Australia,1462.21
O02297,2025-03-18,C069,P004,Bluetooth Speaker,Electronics,3782.42,2,UK,7564.84
O02298,2025-06-26,C022,P005,Smartwatch,Electronics,7584.22,2,Canada,15168.44
O02298,2025-06-26,C022,P023,Yoga Mat,Sports,768.31,2,Australia,1536.62
O02298,2025-06-26,C022,P009,Jacket,Fashion,2910.9,2,Australia,5821.8
O02299,2025-02-23,C021,P016,Mixer Grinder,Home & Kitchen,3347.99,2,UK,6695.98
O02299,2025-02-23,C021,P025,Badminton Racket,Sports,818.35,2,USA,1636.7
O02299,2025-02-23,C021,P024,Dumbbells 5kg,Sports,1184.86,1,India,1184.86
O02299,2025-02-23,C021,P023,Yoga Mat,Sports,665.28,1,USA,665.28
O02299,2025-02-23,C021,P017,Pressure Cooker,Home & Kitchen,2118.81,1,Australia,2118.81
O02300,2025-09-07,C075,P022,Football,Sports,892.07,1,USA,892.07
O02300,2025-09-07,C075,P005,Smartwatch,Electronics,7233.0,1,USA,7233.0
O02301,2025-03-12,C057,P015,Tea 500g,Groceries,231.71,3,USA,695.13
O02302,2025-10-14,C045,P012,Wheat Flour 5kg,Groceries,351.82,3,Canada,1055.46
O02303,2025-09-01,C085,P001,Smartphone,Electronics,17684.06,1,Canada,17684.06
O02303,2025-09-01,C085,P024,Dumbbells 5kg,Sports,1263.15,2,India,2526.3
O02304,2025-12-28,C069,P011,Rice 5kg,Groceries,377.74,2,India,755.48
O02304,2025-12-28,C069,P016,Mixer Grinder,Home & Kitchen,3489.17,1,Australia,3489.17
O02304,2025-12-28,C069,P024,Dumbbells 5kg,Sports,1186.67,1,Australia,1186.67
O02304,2025-12-28,C069,P018,Dinner Set,Home & Kitchen,3008.97,2,USA,6017.94
O02304,2025-12-28,C069,P005,Smartwatch,Electronics,6806.83,1,Australia,6806.83
O02305,2025-08-11,C064,P024,Dumbbells 5kg,Sports,1148.67,3,India,3446.01
O02305,2025-08-11,C064,P005,Smartwatch,Electronics,7372.29,2,Australia,14744.58
O02306,2025-10-12,C036,P010,Formal Shirt,Fashion,1190.3,1,UK,1190.3
O02306,2025-10-12,C036,P012,Wheat Flour 5kg,Groceries,317.45,1,UK,317.45
O02306,2025-10-12,C036,P014,Sugar 1kg,Groceries,53.82,2,India,107.64
O02306,2025-10-12,C036,P024,Dumbbells 5kg,Sports,1291.35,1,Australia,1291.35
O02306,2025-10-12,C036,P007,Jeans,Fashion,1530.95,2,UK,3061.9
O02307,2025-04-11,C134,P007,Jeans,Fashion,1490.53,2,Australia,2981.06
O02307,2025-04-11,C134,P023,Yoga Mat,Sports,760.09,2,Australia,1520.18
O02307,2025-04-11,C134,P003,Headphones,Electronics,2745.28,2,Australia,5490.56
O02307,2025-04-11,C134,P021,Cricket Bat,Sports,1603.97,1,UK,1603.97
O02307,2025-04-11,C134,P005,Smartwatch,Electronics,6890.47,2,Australia,13780.94
O02308,2025-03-31,C077,P004,Bluetooth Speaker,Electronics,3580.4,3,UK,10741.2
O02308,2025-03-31,C077,P017,Pressure Cooker,Home & Kitchen,2175.05,3,Australia,6525.150000000001
O02308,2025-03-31,C077,P011,Rice 5kg,Groceries,383.5,1,UK,383.5
O02308,2025-03-31,C077,P002,Laptop,Electronics,57309.11,1,Canada,57309.11
O02308,2025-03-31,C077,P023,Yoga Mat,Sports,747.78,3,USA,2243.34
O02309,2025-09-04,C168,P004,Bluetooth Speaker,Electronics,3390.19,2,USA,6780.38
O02309,2025-09-04,C168,P014,Sugar 1kg,Groceries,60.23,1,USA,60.23
O02310,2025-09-13,C185,P021,Cricket Bat,Sports,1479.82,2,Australia,2959.64
O02310,2025-09-13,C185,P002,Laptop,Electronics,58540.84,1,USA,58540.84
O02311,2025-06-07,C020,P003,Headphones,Electronics,2588.9,2,Canada,5177.8
O02311,2025-06-07,C020,P006,T-Shirt,Fashion,733.54,1,Canada,733.54
O02311,2025-06-07,C020,P001,Smartphone,Electronics,17627.97,2,India,35255.94
O02311,2025-06-07,C020,P025,Badminton Racket,Sports,813.85,1,UK,813.85
O02312,2025-02-26,C077,P008,Sneakers,Fashion,2616.31,2,Australia,5232.62
O02312,2025-02-26,C077,P016,Mixer Grinder,Home & Kitchen,3300.74,2,USA,6601.48
O02312,2025-02-26,C077,P010,Formal Shirt,Fashion,1299.11,1,USA,1299.11
O02313,2025-08-09,C082,P007,Jeans,Fashion,1571.28,2,USA,3142.56
O02313,2025-08-09,C082,P020,Water Bottle,Home & Kitchen,248.41,1,Canada,248.41
O02313,2025-08-09,C082,P010,Formal Shirt,Fashion,1285.74,2,UK,2571.48
O02314,2025-10-04,C077,P005,Smartwatch,Electronics,7413.91,2,Canada,14827.82
O02314,2025-10-04,C077,P012,Wheat Flour 5kg,Groceries,326.05,1,Canada,326.05
O02314,2025-10-04,C077,P009,Jacket,Fashion,3178.01,2,USA,6356.02
O02314,2025-10-04,C077,P010,Formal Shirt,Fashion,1235.76,2,Canada,2471.52
O02315,2025-10-04,C191,P013,Cooking Oil 1L,Groceries,159.87,2,Australia,319.74
O02315,2025-10-04,C191,P005,Smartwatch,Electronics,6827.99,2,UK,13655.98
O02315,2025-10-04,C191,P017,Pressure Cooker,Home & Kitchen,2100.7,1,UK,2100.7
O02315,2025-10-04,C191,P002,Laptop,Electronics,60087.45,2,Canada,120174.9
O02315,2025-10-04,C191,P003,Headphones,Electronics,2658.23,3,Australia,7974.6900000000005
O02316,2025-10-30,C196,P008,Sneakers,Fashion,2725.19,2,UK,5450.38
O02316,2025-10-30,C196,P024,Dumbbells 5kg,Sports,1307.06,2,India,2614.12
O02316,2025-10-30,C196,P018,Dinner Set,Home & Kitchen,3061.42,2,Australia,6122.84
O02316,2025-10-30,C196,P010,Formal Shirt,Fashion,1192.49,1,Canada,1192.49
O02317,2025-11-23,C137,P012,Wheat Flour 5kg,Groceries,326.19,1,USA,326.19
O02317,2025-11-23,C137,P009,Jacket,Fashion,2993.83,3,USA,8981.49
O02317,2025-11-23,C137,P013,Cooking Oil 1L,Groceries,160.5,2,UK,321.0
O02317,2025-11-23,C137,P002,Laptop,Electronics,55623.97,3,Canada,166871.91
O02318,2025-09-14,C041,P015,Tea 500g,Groceries,236.78,1,USA,236.78
O02319,2025-10-14,C162,P011,Rice 5kg,Groceries,352.4,2,USA,704.8
O02319,2025-10-14,C162,P022,Football,Sports,893.46,3,India,2680.38
O02319,2025-10-14,C162,P014,Sugar 1kg,Groceries,59.3,1,USA,59.3
O02319,2025-10-14,C162,P004,Bluetooth Speaker,Electronics,3674.17,3,India,11022.51
O02320,2025-12-11,C129,P025,Badminton Racket,Sports,799.52,1,USA,799.52
O02321,2025-12-22,C029,P003,Headphones,Electronics,2551.81,1,Australia,2551.81
O02321,2025-12-22,C029,P025,Badminton Racket,Sports,794.29,2,Australia,1588.58
O02321,2025-12-22,C029,P019,Bedsheet,Home & Kitchen,879.1,1,UK,879.1
O02322,2025-06-16,C035,P024,Dumbbells 5kg,Sports,1305.12,3,Australia,3915.3599999999997
O02323,2025-09-16,C137,P020,Water Bottle,Home & Kitchen,264.54,1,USA,264.54
O02323,2025-09-16,C137,P022,Football,Sports,953.07,2,USA,1906.14
O02323,2025-09-16,C137,P007,Jeans,Fashion,1584.05,2,USA,3168.1
O02323,2025-09-16,C137,P018,Dinner Set,Home & Kitchen,2926.68,3,Canada,8780.039999999999
O02323,2025-09-16,C137,P016,Mixer Grinder,Home & Kitchen,3471.3,2,Canada,6942.6
O02324,2025-03-10,C089,P024,Dumbbells 5kg,Sports,1263.87,2,UK,2527.74
O02324,2025-03-10,C089,P017,Pressure Cooker,Home & Kitchen,2179.86,2,Australia,4359.72
O02324,2025-03-10,C089,P009,Jacket,Fashion,2921.04,3,UK,8763.119999999999
O02324,2025-03-10,C089,P016,Mixer Grinder,Home & Kitchen,3310.39,3,USA,9931.17
O02325,2025-01-20,C172,P016,Mixer Grinder,Home & Kitchen,3121.14,1,India,3121.14
O02325,2025-01-20,C172,P017,Pressure Cooker,Home & Kitchen,2376.22,3,Canada,7128.66
O02325,2025-01-20,C172,P001,Smartphone,Electronics,17966.5,2,USA,35933.0
O02325,2025-01-20,C172,P013,Cooking Oil 1L,Groceries,173.05,3,UK,519.1500000000001
O02326,2025-05-17,C156,P025,Badminton Racket,Sports,823.72,1,Australia,823.72
O02326,2025-05-17,C156,P019,Bedsheet,Home & Kitchen,957.64,2,Australia,1915.28
O02326,2025-05-17,C156,P015,Tea 500g,Groceries,239.27,2,India,478.54
O02326,2025-05-17,C156,P009,Jacket,Fashion,3007.08,1,Australia,3007.08
O02327,2025-05-17,C009,P023,Yoga Mat,Sports,731.98,2,UK,1463.96
O02327,2025-05-17,C009,P006,T-Shirt,Fashion,690.1,2,USA,1380.2
O02328,2025-01-14,C178,P016,Mixer Grinder,Home & Kitchen,3324.1,3,UK,9972.3
O02328,2025-01-14,C178,P008,Sneakers,Fashion,2631.5,2,India,5263.0
O02328,2025-01-14,C178,P003,Headphones,Electronics,2747.68,1,USA,2747.68
O02328,2025-01-14,C178,P010,Formal Shirt,Fashion,1232.74,2,UK,2465.48
O02329,2025-10-13,C027,P020,Water Bottle,Home & Kitchen,269.89,3,India,809.67
O02329,2025-10-13,C027,P024,Dumbbells 5kg,Sports,1177.73,3,UK,3533.19
O02329,2025-10-13,C027,P002,Laptop,Electronics,52975.32,2,UK,105950.64
O02329,2025-10-13,C027,P012,Wheat Flour 5kg,Groceries,305.86,3,UK,917.58
O02329,2025-10-13,C027,P022,Football,Sports,886.47,1,UK,886.47
O02330,2025-10-15,C142,P004,Bluetooth Speaker,Electronics,3528.52,2,India,7057.04
O02330,2025-10-15,C142,P008,Sneakers,Fashion,2679.23,2,USA,5358.46
O02330,2025-10-15,C142,P006,T-Shirt,Fashion,737.02,1,India,737.02
O02330,2025-10-15,C142,P022,Football,Sports,926.65,1,UK,926.65
O02331,2025-12-04,C107,P006,T-Shirt,Fashion,748.57,1,Australia,748.57
O02332,2025-09-16,C021,P004,Bluetooth Speaker,Electronics,3411.8,1,UK,3411.8
O02332,2025-09-16,C021,P010,Formal Shirt,Fashion,1166.51,1,India,1166.51
O02332,2025-09-16,C021,P008,Sneakers,Fashion,2549.69,2,USA,5099.38
O02332,2025-09-16,C021,P025,Badminton Racket,Sports,762.75,1,Canada,762.75
O02332,2025-09-16,C021,P020,Water Bottle,Home & Kitchen,244.33,3,UK,732.99
O02333,2025-06-05,C012,P004,Bluetooth Speaker,Electronics,3346.58,2,Australia,6693.16
O02333,2025-06-05,C012,P018,Dinner Set,Home & Kitchen,2824.5,2,Australia,5649.0
O02334,2025-10-24,C078,P017,Pressure Cooker,Home & Kitchen,2177.65,3,USA,6532.950000000001
O02334,2025-10-24,C078,P008,Sneakers,Fashion,2404.03,3,Canada,7212.09
O02334,2025-10-24,C078,P014,Sugar 1kg,Groceries,59.65,2,UK,119.3
O02334,2025-10-24,C078,P024,Dumbbells 5kg,Sports,1299.09,1,USA,1299.09
O02335,2025-02-25,C149,P021,Cricket Bat,Sports,1452.81,3,USA,4358.43
O02336,2025-12-10,C153,P004,Bluetooth Speaker,Electronics,3376.03,1,Australia,3376.03
O02336,2025-12-10,C153,P015,Tea 500g,Groceries,223.64,2,India,447.28
O02336,2025-12-10,C153,P003,Headphones,Electronics,2670.29,1,India,2670.29
O02336,2025-12-10,C153,P001,Smartphone,Electronics,19690.43,1,UK,19690.43
O02336,2025-12-10,C153,P007,Jeans,Fashion,1549.35,1,UK,1549.35
O02337,2025-02-10,C163,P011,Rice 5kg,Groceries,345.81,3,India,1037.43
O02337,2025-02-10,C163,P002,Laptop,Electronics,58193.02,1,UK,58193.02
O02337,2025-02-10,C163,P018,Dinner Set,Home & Kitchen,2825.45,2,India,5650.9
O02338,2025-11-13,C051,P022,Football,Sports,860.06,1,Australia,860.06
O02338,2025-11-13,C051,P001,Smartphone,Electronics,17446.96,2,Canada,34893.92
O02338,2025-11-13,C051,P016,Mixer Grinder,Home & Kitchen,3466.14,2,UK,6932.28
O02339,2025-03-19,C179,P015,Tea 500g,Groceries,221.27,1,UK,221.27
O02339,2025-03-19,C179,P012,Wheat Flour 5kg,Groceries,334.02,2,Canada,668.04
O02339,2025-03-19,C179,P024,Dumbbells 5kg,Sports,1223.82,1,UK,1223.82
O02339,2025-03-19,C179,P001,Smartphone,Electronics,18405.51,1,Canada,18405.51
O02339,2025-03-19,C179,P022,Football,Sports,961.68,2,Australia,1923.36
O02340,2025-09-21,C100,P001,Smartphone,Electronics,18977.25,3,India,56931.75
O02341,2025-11-10,C005,P015,Tea 500g,Groceries,209.09,3,Canada,627.27
O02342,2025-08-15,C010,P006,T-Shirt,Fashion,687.31,1,Canada,687.31
O02342,2025-08-15,C010,P023,Yoga Mat,Sports,700.27,2,Australia,1400.54
O02343,2025-11-18,C193,P008,Sneakers,Fashion,2667.09,2,India,5334.18
O02343,2025-11-18,C193,P015,Tea 500g,Groceries,239.46,3,India,718.38
O02343,2025-11-18,C193,P014,Sugar 1kg,Groceries,56.3,1,Australia,56.3
O02343,2025-11-18,C193,P019,Bedsheet,Home & Kitchen,950.29,1,Australia,950.29
O02344,2025-10-25,C199,P004,Bluetooth Speaker,Electronics,3510.24,2,India,7020.48
O02344,2025-10-25,C199,P003,Headphones,Electronics,2693.53,3,UK,8080.59
O02344,2025-10-25,C199,P020,Water Bottle,Home & Kitchen,267.47,2,USA,534.94
O02345,2025-09-17,C055,P025,Badminton Racket,Sports,826.75,1,Australia,826.75
O02345,2025-09-17,C055,P008,Sneakers,Fashion,2611.43,2,USA,5222.86
O02345,2025-09-17,C055,P007,Jeans,Fashion,1554.16,3,Canada,4662.4800000000005
O02345,2025-09-17,C055,P020,Water Bottle,Home & Kitchen,246.64,1,Australia,246.64
O02345,2025-09-17,C055,P015,Tea 500g,Groceries,237.06,3,Canada,711.1800000000001
O02346,2025-04-20,C065,P002,Laptop,Electronics,54903.43,2,Canada,109806.86
O02346,2025-04-20,C065,P004,Bluetooth Speaker,Electronics,3726.14,3,India,11178.42
O02346,2025-04-20,C065,P021,Cricket Bat,Sports,1620.73,2,India,3241.46
O02346,2025-04-20,C065,P023,Yoga Mat,Sports,699.84,1,Canada,699.84
O02346,2025-04-20,C065,P001,Smartphone,Electronics,19145.11,3,Australia,57435.33
O02347,2025-06-29,C078,P002,Laptop,Electronics,60084.26,1,Canada,60084.26
O02347,2025-06-29,C078,P007,Jeans,Fashion,1433.12,2,Canada,2866.24
O02348,2025-08-21,C077,P025,Badminton Racket,Sports,832.06,1,Australia,832.06
O02348,2025-08-21,C077,P003,Headphones,Electronics,2582.55,2,Australia,5165.1
O02348,2025-08-21,C077,P017,Pressure Cooker,Home & Kitchen,2358.6,3,Australia,7075.799999999999
O02348,2025-08-21,C077,P007,Jeans,Fashion,1647.57,1,USA,1647.57
O02348,2025-08-21,C077,P001,Smartphone,Electronics,19703.31,2,UK,39406.62
O02349,2025-03-03,C028,P016,Mixer Grinder,Home & Kitchen,3201.81,2,Canada,6403.62
O02349,2025-03-03,C028,P009,Jacket,Fashion,2955.41,1,USA,2955.41
O02349,2025-03-03,C028,P002,Laptop,Electronics,58995.85,1,India,58995.85
O02349,2025-03-03,C028,P019,Bedsheet,Home & Kitchen,988.87,1,India,988.87
O02349,2025-03-03,C028,P013,Cooking Oil 1L,Groceries,167.9,1,UK,167.9
O02350,2025-11-11,C175,P005,Smartwatch,Electronics,7444.38,1,UK,7444.38
O02350,2025-11-11,C175,P015,Tea 500g,Groceries,209.14,2,India,418.28
O02350,2025-11-11,C175,P011,Rice 5kg,Groceries,363.75,3,UK,1091.25
O02351,2025-08-16,C006,P018,Dinner Set,Home & Kitchen,2716.83,3,USA,8150.49
O02351,2025-08-16,C006,P015,Tea 500g,Groceries,219.82,3,UK,659.46
O02351,2025-08-16,C006,P016,Mixer Grinder,Home & Kitchen,3081.71,2,USA,6163.42
O02351,2025-08-16,C006,P004,Bluetooth Speaker,Electronics,3698.51,3,Canada,11095.53
O02352,2025-06-12,C065,P007,Jeans,Fashion,1462.22,2,USA,2924.44
O02352,2025-06-12,C065,P016,Mixer Grinder,Home & Kitchen,3473.62,1,USA,3473.62
O02353,2025-06-02,C110,P003,Headphones,Electronics,2663.88,1,India,2663.88
O02353,2025-06-02,C110,P015,Tea 500g,Groceries,222.18,3,Canada,666.54
O02353,2025-06-02,C110,P023,Yoga Mat,Sports,720.64,1,India,720.64
O02353,2025-06-02,C110,P020,Water Bottle,Home & Kitchen,248.77,1,Australia,248.77
O02353,2025-06-02,C110,P021,Cricket Bat,Sports,1606.4,1,USA,1606.4
O02354,2025-11-22,C049,P025,Badminton Racket,Sports,785.82,1,Australia,785.82
O02354,2025-11-22,C049,P015,Tea 500g,Groceries,233.46,2,Canada,466.92
O02355,2025-08-10,C129,P020,Water Bottle,Home & Kitchen,249.96,1,Canada,249.96
O02355,2025-08-10,C129,P015,Tea 500g,Groceries,210.08,2,USA,420.16
O02355,2025-08-10,C129,P012,Wheat Flour 5kg,Groceries,318.76,3,USA,956.28
O02356,2025-09-27,C066,P021,Cricket Bat,Sports,1432.13,3,Canada,4296.39
O02356,2025-09-27,C066,P001,Smartphone,Electronics,19302.19,3,Australia,57906.56999999999
O02356,2025-09-27,C066,P009,Jacket,Fashion,2900.04,3,USA,8700.119999999999
O02357,2025-05-26,C060,P001,Smartphone,Electronics,17250.85,1,India,17250.85
O02358,2025-04-29,C141,P005,Smartwatch,Electronics,6800.58,2,USA,13601.16
O02359,2025-12-05,C041,P009,Jacket,Fashion,3142.34,1,Canada,3142.34
O02359,2025-12-05,C041,P015,Tea 500g,Groceries,217.65,3,Canada,652.95
O02360,2025-07-17,C037,P025,Badminton Racket,Sports,826.48,1,India,826.48
O02360,2025-07-17,C037,P012,Wheat Flour 5kg,Groceries,326.14,2,USA,652.28
O02361,2025-05-28,C078,P021,Cricket Bat,Sports,1492.49,3,Canada,4477.47
O02361,2025-05-28,C078,P004,Bluetooth Speaker,Electronics,3381.33,3,USA,10143.99
O02361,2025-05-28,C078,P024,Dumbbells 5kg,Sports,1279.08,1,UK,1279.08
O02361,2025-05-28,C078,P025,Badminton Racket,Sports,777.78,3,India,2333.34
O02361,2025-05-28,C078,P005,Smartwatch,Electronics,7164.75,3,UK,21494.25
O02362,2025-08-16,C051,P025,Badminton Racket,Sports,816.18,1,Canada,816.18
O02362,2025-08-16,C051,P007,Jeans,Fashion,1624.61,3,USA,4873.83
O02362,2025-08-16,C051,P013,Cooking Oil 1L,Groceries,156.98,1,India,156.98
O02362,2025-08-16,C051,P012,Wheat Flour 5kg,Groceries,308.56,2,Canada,617.12
O02362,2025-08-16,C051,P009,Jacket,Fashion,3261.83,3,UK,9785.49
O02363,2025-05-07,C155,P023,Yoga Mat,Sports,679.96,1,India,679.96
O02363,2025-05-07,C155,P014,Sugar 1kg,Groceries,54.08,2,UK,108.16
O02363,2025-05-07,C155,P008,Sneakers,Fashion,2696.46,2,USA,5392.92
O02364,2025-05-21,C064,P003,Headphones,Electronics,2632.94,1,UK,2632.94
O02364,2025-05-21,C064,P009,Jacket,Fashion,3236.24,1,India,3236.24
O02365,2025-04-07,C066,P002,Laptop,Electronics,53675.21,2,USA,107350.42
O02365,2025-04-07,C066,P017,Pressure Cooker,Home & Kitchen,2409.3,1,USA,2409.3
O02365,2025-04-07,C066,P004,Bluetooth Speaker,Electronics,3476.28,3,Canada,10428.84
O02366,2025-06-09,C025,P016,Mixer Grinder,Home & Kitchen,3190.48,1,USA,3190.48
O02366,2025-06-09,C025,P008,Sneakers,Fashion,2438.08,2,India,4876.16
O02366,2025-06-09,C025,P025,Badminton Racket,Sports,814.35,3,Canada,2443.05
O02366,2025-06-09,C025,P017,Pressure Cooker,Home & Kitchen,2229.77,3,UK,6689.3099999999995
O02366,2025-06-09,C025,P006,T-Shirt,Fashion,698.82,1,India,698.82
O02367,2025-06-29,C166,P020,Water Bottle,Home & Kitchen,256.29,1,Australia,256.29
O02367,2025-06-29,C166,P021,Cricket Bat,Sports,1497.43,3,Australia,4492.29
O02368,2025-01-10,C170,P018,Dinner Set,Home & Kitchen,2926.28,3,India,8778.84
O02368,2025-01-10,C170,P023,Yoga Mat,Sports,694.19,2,Australia,1388.38
O02368,2025-01-10,C170,P025,Badminton Racket,Sports,822.7,1,UK,822.7
O02368,2025-01-10,C170,P020,Water Bottle,Home & Kitchen,274.77,3,India,824.31
O02369,2025-05-15,C038,P016,Mixer Grinder,Home & Kitchen,3439.71,1,Australia,3439.71
O02369,2025-05-15,C038,P020,Water Bottle,Home & Kitchen,270.87,1,Australia,270.87
O02369,2025-05-15,C038,P005,Smartwatch,Electronics,7618.08,3,India,22854.239999999998
O02370,2025-10-11,C043,P014,Sugar 1kg,Groceries,52.78,1,UK,52.78
O02370,2025-10-11,C043,P019,Bedsheet,Home & Kitchen,960.91,3,Canada,2882.73
O02370,2025-10-11,C043,P025,Badminton Racket,Sports,840.31,1,India,840.31
O02371,2025-08-11,C090,P009,Jacket,Fashion,2999.48,3,USA,8998.44
O02371,2025-08-11,C090,P023,Yoga Mat,Sports,720.93,3,Australia,2162.79
O02371,2025-08-11,C090,P002,Laptop,Electronics,59651.85,3,India,178955.55
O02372,2025-03-26,C125,P005,Smartwatch,Electronics,7006.45,1,India,7006.45
O02372,2025-03-26,C125,P011,Rice 5kg,Groceries,382.74,2,Canada,765.48
O02373,2025-09-29,C098,P009,Jacket,Fashion,3242.51,2,India,6485.02
O02374,2025-08-02,C120,P020,Water Bottle,Home & Kitchen,253.05,2,USA,506.1
O02375,2025-04-08,C200,P011,Rice 5kg,Groceries,380.54,2,Australia,761.08
O02375,2025-04-08,C200,P022,Football,Sports,964.42,3,USA,2893.2599999999998
O02375,2025-04-08,C200,P003,Headphones,Electronics,2703.49,2,India,5406.98
O02375,2025-04-08,C200,P021,Cricket Bat,Sports,1450.01,1,Australia,1450.01
O02375,2025-04-08,C200,P017,Pressure Cooker,Home & Kitchen,2301.15,3,UK,6903.450000000001
O02376,2025-04-24,C123,P020,Water Bottle,Home & Kitchen,243.34,2,UK,486.68
O02376,2025-04-24,C123,P014,Sugar 1kg,Groceries,55.08,3,India,165.24
O02377,2025-05-07,C033,P021,Cricket Bat,Sports,1577.21,3,India,4731.63
O02377,2025-05-07,C033,P005,Smartwatch,Electronics,7681.59,3,India,23044.77
O02378,2025-06-21,C049,P002,Laptop,Electronics,58593.17,3,USA,175779.51
O02379,2025-09-12,C094,P008,Sneakers,Fashion,2525.8,3,Australia,7577.400000000001
O02379,2025-09-12,C094,P006,T-Shirt,Fashion,744.83,1,Australia,744.83
O02380,2025-01-27,C064,P004,Bluetooth Speaker,Electronics,3456.53,3,Australia,10369.59
O02381,2025-09-29,C059,P018,Dinner Set,Home & Kitchen,2708.78,3,Australia,8126.34
O02381,2025-09-29,C059,P010,Formal Shirt,Fashion,1143.0,1,Australia,1143.0
O02382,2025-12-09,C004,P007,Jeans,Fashion,1543.72,3,India,4631.16
O02383,2025-11-21,C047,P007,Jeans,Fashion,1486.24,1,India,1486.24
O02383,2025-11-21,C047,P006,T-Shirt,Fashion,758.23,3,Canada,2274.69
O02383,2025-11-21,C047,P025,Badminton Racket,Sports,860.98,3,UK,2582.94
O02383,2025-11-21,C047,P022,Football,Sports,948.96,3,India,2846.88
O02383,2025-11-21,C047,P009,Jacket,Fashion,3245.45,3,UK,9736.349999999999
O02384,2025-06-13,C047,P015,Tea 500g,Groceries,219.39,2,Australia,438.78
O02385,2025-08-12,C158,P005,Smartwatch,Electronics,7495.86,3,India,22487.579999999998
O02386,2025-10-09,C174,P025,Badminton Racket,Sports,840.38,1,USA,840.38
O02386,2025-10-09,C174,P017,Pressure Cooker,Home & Kitchen,2297.09,2,India,4594.18
O02387,2025-04-05,C174,P007,Jeans,Fashion,1605.88,1,Australia,1605.88
O02387,2025-04-05,C174,P019,Bedsheet,Home & Kitchen,945.04,1,Australia,945.04
O02387,2025-04-05,C174,P017,Pressure Cooker,Home & Kitchen,2232.05,2,Australia,4464.1
O02387,2025-04-05,C174,P012,Wheat Flour 5kg,Groceries,319.66,1,India,319.66
O02387,2025-04-05,C174,P006,T-Shirt,Fashion,688.64,1,Canada,688.64
O02388,2025-05-23,C053,P011,Rice 5kg,Groceries,344.17,3,India,1032.51
O02388,2025-05-23,C053,P003,Headphones,Electronics,2746.57,3,India,8239.710000000001
O02388,2025-05-23,C053,P016,Mixer Grinder,Home & Kitchen,3453.37,3,UK,10360.11
O02388,2025-05-23,C053,P024,Dumbbells 5kg,Sports,1268.78,1,Canada,1268.78
O02388,2025-05-23,C053,P006,T-Shirt,Fashion,758.61,3,USA,2275.83
O02389,2025-06-13,C127,P016,Mixer Grinder,Home & Kitchen,3051.27,2,Canada,6102.54
O02390,2025-10-09,C138,P023,Yoga Mat,Sports,743.98,2,Canada,1487.96
O02390,2025-10-09,C138,P011,Rice 5kg,Groceries,380.39,2,India,760.78
O02390,2025-10-09,C138,P008,Sneakers,Fashion,2486.42,2,USA,4972.84
O02391,2025-10-17,C122,P018,Dinner Set,Home & Kitchen,2870.72,2,India,5741.44
O02391,2025-10-17,C122,P005,Smartwatch,Electronics,6808.19,3,UK,20424.57
O02392,2025-04-10,C021,P016,Mixer Grinder,Home & Kitchen,3327.22,2,Australia,6654.44
O02392,2025-04-10,C021,P013,Cooking Oil 1L,Groceries,172.71,3,UK,518.13
O02392,2025-04-10,C021,P019,Bedsheet,Home & Kitchen,899.45,1,USA,899.45
O02393,2025-08-04,C127,P021,Cricket Bat,Sports,1439.81,1,Australia,1439.81
O02393,2025-08-04,C127,P022,Football,Sports,904.21,3,UK,2712.63
O02394,2025-06-13,C122,P022,Football,Sports,915.82,1,India,915.82
O02394,2025-06-13,C122,P012,Wheat Flour 5kg,Groceries,315.26,3,Canada,945.78
O02394,2025-06-13,C122,P015,Tea 500g,Groceries,240.08,1,UK,240.08
O02394,2025-06-13,C122,P006,T-Shirt,Fashion,708.06,2,Australia,1416.12
O02395,2025-11-14,C114,P006,T-Shirt,Fashion,756.45,3,Australia,2269.3500000000004
O02395,2025-11-14,C114,P002,Laptop,Electronics,57493.21,2,USA,114986.42
O02395,2025-11-14,C114,P025,Badminton Racket,Sports,833.89,1,Canada,833.89
O02396,2025-07-16,C024,P010,Formal Shirt,Fashion,1242.76,3,USA,3728.2799999999997
O02397,2025-09-26,C127,P018,Dinner Set,Home & Kitchen,2698.9,3,USA,8096.700000000001
O02397,2025-09-26,C127,P025,Badminton Racket,Sports,839.93,3,UK,2519.79
O02397,2025-09-26,C127,P020,Water Bottle,Home & Kitchen,273.72,2,UK,547.44
O02397,2025-09-26,C127,P009,Jacket,Fashion,2913.02,2,USA,5826.04
O02397,2025-09-26,C127,P006,T-Shirt,Fashion,672.14,3,UK,2016.42
O02398,2025-04-03,C097,P024,Dumbbells 5kg,Sports,1249.89,3,Canada,3749.67
O02399,2025-07-31,C076,P020,Water Bottle,Home & Kitchen,269.7,2,UK,539.4
O02399,2025-07-31,C076,P014,Sugar 1kg,Groceries,54.29,2,Canada,108.58
O02399,2025-07-31,C076,P004,Bluetooth Speaker,Electronics,3459.07,2,UK,6918.14
O02400,2025-09-17,C141,P012,Wheat Flour 5kg,Groceries,319.91,2,Canada,639.82
O02400,2025-09-17,C141,P025,Badminton Racket,Sports,856.89,2,India,1713.78
O02400,2025-09-17,C141,P015,Tea 500g,Groceries,227.26,2,India,454.52
O02401,2025-04-24,C175,P006,T-Shirt,Fashion,704.25,1,USA,704.25
O02401,2025-04-24,C175,P017,Pressure Cooker,Home & Kitchen,2405.35,2,Australia,4810.7
O02402,2025-03-31,C030,P001,Smartphone,Electronics,18313.78,1,India,18313.78
O02402,2025-03-31,C030,P015,Tea 500g,Groceries,222.11,1,India,222.11
O02402,2025-03-31,C030,P013,Cooking Oil 1L,Groceries,165.51,1,Australia,165.51
O02402,2025-03-31,C030,P014,Sugar 1kg,Groceries,56.32,2,USA,112.64
O02403,2025-01-13,C068,P004,Bluetooth Speaker,Electronics,3635.18,2,Canada,7270.36
O02404,2025-07-30,C085,P015,Tea 500g,Groceries,211.38,2,USA,422.76
O02404,2025-07-30,C085,P004,Bluetooth Speaker,Electronics,3489.11,3,India,10467.33
O02404,2025-07-30,C085,P021,Cricket Bat,Sports,1607.88,1,Canada,1607.88
O02405,2025-04-22,C021,P021,Cricket Bat,Sports,1643.78,2,Canada,3287.56
O02405,2025-04-22,C021,P001,Smartphone,Electronics,17952.47,1,USA,17952.47
O02405,2025-04-22,C021,P023,Yoga Mat,Sports,690.3,3,UK,2070.8999999999996
O02405,2025-04-22,C021,P025,Badminton Racket,Sports,772.81,3,Canada,2318.43
O02406,2025-09-29,C189,P015,Tea 500g,Groceries,212.84,1,USA,212.84
O02406,2025-09-29,C189,P013,Cooking Oil 1L,Groceries,157.06,1,Australia,157.06
O02406,2025-09-29,C189,P019,Bedsheet,Home & Kitchen,979.35,3,Canada,2938.05
O02406,2025-09-29,C189,P025,Badminton Racket,Sports,801.4,2,USA,1602.8
O02407,2025-05-24,C120,P011,Rice 5kg,Groceries,375.31,2,India,750.62
O02407,2025-05-24,C120,P004,Bluetooth Speaker,Electronics,3333.05,3,Canada,9999.150000000001
O02408,2025-01-13,C031,P018,Dinner Set,Home & Kitchen,2908.92,1,USA,2908.92
O02408,2025-01-13,C031,P025,Badminton Racket,Sports,760.71,1,India,760.71
O02408,2025-01-13,C031,P020,Water Bottle,Home & Kitchen,238.08,1,UK,238.08
O02409,2025-05-25,C046,P008,Sneakers,Fashion,2688.81,1,USA,2688.81
O02410,2025-05-06,C106,P007,Jeans,Fashion,1561.03,1,India,1561.03
O02410,2025-05-06,C106,P003,Headphones,Electronics,2463.68,2,UK,4927.36
O02410,2025-05-06,C106,P011,Rice 5kg,Groceries,361.53,3,Canada,1084.59
O02410,2025-05-06,C106,P009,Jacket,Fashion,3231.91,3,Canada,9695.73
O02411,2025-07-12,C141,P009,Jacket,Fashion,3141.46,1,Australia,3141.46
O02411,2025-07-12,C141,P019,Bedsheet,Home & Kitchen,892.55,3,USA,2677.6499999999996
O02411,2025-07-12,C141,P004,Bluetooth Speaker,Electronics,3735.16,3,Canada,11205.48
O02412,2025-06-12,C179,P021,Cricket Bat,Sports,1607.46,3,Canada,4822.38
O02412,2025-06-12,C179,P005,Smartwatch,Electronics,7638.47,2,Canada,15276.94
O02413,2025-12-27,C199,P009,Jacket,Fashion,3009.85,3,India,9029.55
O02413,2025-12-27,C199,P021,Cricket Bat,Sports,1544.29,3,Australia,4632.87
O02414,2025-11-09,C158,P020,Water Bottle,Home & Kitchen,260.5,3,USA,781.5
O02415,2025-05-05,C105,P023,Yoga Mat,Sports,734.9,3,Australia,2204.7
O02415,2025-05-05,C105,P020,Water Bottle,Home & Kitchen,258.32,3,India,774.96
O02416,2025-03-11,C105,P003,Headphones,Electronics,2685.99,3,USA,8057.969999999999
O02417,2025-12-27,C097,P019,Bedsheet,Home & Kitchen,910.95,3,Australia,2732.8500000000004
O02417,2025-12-27,C097,P013,Cooking Oil 1L,Groceries,169.22,1,USA,169.22
O02417,2025-12-27,C097,P016,Mixer Grinder,Home & Kitchen,3070.11,1,Australia,3070.11
O02417,2025-12-27,C097,P001,Smartphone,Electronics,19093.55,3,UK,57280.649999999994
O02417,2025-12-27,C097,P014,Sugar 1kg,Groceries,55.72,1,Australia,55.72
O02418,2025-11-24,C041,P021,Cricket Bat,Sports,1640.66,3,Australia,4921.9800000000005
O02419,2025-03-14,C145,P002,Laptop,Electronics,57336.63,1,UK,57336.63
O02420,2025-04-24,C127,P025,Badminton Racket,Sports,805.9,3,USA,2417.7
O02421,2025-10-03,C139,P017,Pressure Cooker,Home & Kitchen,2368.77,1,USA,2368.77
O02421,2025-10-03,C139,P019,Bedsheet,Home & Kitchen,984.99,3,Australia,2954.9700000000003
O02421,2025-10-03,C139,P016,Mixer Grinder,Home & Kitchen,3370.48,3,Australia,10111.44
O02421,2025-10-03,C139,P008,Sneakers,Fashion,2526.81,3,USA,7580.43
O02422,2025-08-08,C006,P020,Water Bottle,Home & Kitchen,269.25,2,UK,538.5
O02423,2025-04-30,C083,P017,Pressure Cooker,Home & Kitchen,2268.24,3,UK,6804.719999999999
O02423,2025-04-30,C083,P021,Cricket Bat,Sports,1426.88,2,UK,2853.76
O02423,2025-04-30,C083,P006,T-Shirt,Fashion,714.45,3,Australia,2143.3500000000004
O02423,2025-04-30,C083,P002,Laptop,Electronics,59562.84,3,Canada,178688.52
O02423,2025-04-30,C083,P020,Water Bottle,Home & Kitchen,252.71,1,Australia,252.71
O02424,2025-05-30,C191,P017,Pressure Cooker,Home & Kitchen,2406.87,1,India,2406.87
O02424,2025-05-30,C191,P019,Bedsheet,Home & Kitchen,902.15,1,UK,902.15
O02424,2025-05-30,C191,P006,T-Shirt,Fashion,683.46,1,Canada,683.46
O02424,2025-05-30,C191,P020,Water Bottle,Home & Kitchen,237.9,1,Canada,237.9
O02425,2025-11-27,C169,P014,Sugar 1kg,Groceries,54.07,3,USA,162.21
O02425,2025-11-27,C169,P008,Sneakers,Fashion,2573.9,3,Australia,7721.700000000001
O02425,2025-11-27,C169,P019,Bedsheet,Home & Kitchen,875.56,2,India,1751.12
O02425,2025-11-27,C169,P004,Bluetooth Speaker,Electronics,3629.2,2,UK,7258.4
O02425,2025-11-27,C169,P007,Jeans,Fashion,1513.01,1,Australia,1513.01
O02426,2025-10-08,C196,P009,Jacket,Fashion,3269.86,1,Canada,3269.86
O02426,2025-10-08,C196,P007,Jeans,Fashion,1622.95,3,Canada,4868.85
O02426,2025-10-08,C196,P015,Tea 500g,Groceries,226.11,2,India,452.22
O02426,2025-10-08,C196,P005,Smartwatch,Electronics,6761.75,1,Canada,6761.75
O02426,2025-10-08,C196,P008,Sneakers,Fashion,2691.72,2,USA,5383.44
O02427,2025-03-15,C176,P004,Bluetooth Speaker,Electronics,3641.87,1,Canada,3641.87
O02427,2025-03-15,C176,P023,Yoga Mat,Sports,744.31,1,UK,744.31
O02427,2025-03-15,C176,P014,Sugar 1kg,Groceries,60.2,1,USA,60.2
O02427,2025-03-15,C176,P008,Sneakers,Fashion,2571.17,3,Australia,7713.51
O02428,2025-02-19,C070,P017,Pressure Cooker,Home & Kitchen,2307.56,3,UK,6922.68
O02429,2025-04-05,C182,P015,Tea 500g,Groceries,220.94,2,Canada,441.88
O02429,2025-04-05,C182,P023,Yoga Mat,Sports,681.19,2,Australia,1362.38
O02429,2025-04-05,C182,P006,T-Shirt,Fashion,744.73,2,UK,1489.46
O02429,2025-04-05,C182,P020,Water Bottle,Home & Kitchen,243.69,3,USA,731.0699999999999
O02430,2025-02-13,C066,P022,Football,Sports,860.33,3,Canada,2580.9900000000002
O02430,2025-02-13,C066,P003,Headphones,Electronics,2392.1,1,UK,2392.1
O02430,2025-02-13,C066,P012,Wheat Flour 5kg,Groceries,330.86,1,Canada,330.86
O02430,2025-02-13,C066,P021,Cricket Bat,Sports,1480.41,2,Australia,2960.82
O02431,2025-09-18,C189,P021,Cricket Bat,Sports,1612.54,1,UK,1612.54
O02431,2025-09-18,C189,P007,Jeans,Fashion,1586.39,2,Canada,3172.78
O02431,2025-09-18,C189,P017,Pressure Cooker,Home & Kitchen,2281.23,3,UK,6843.6900000000005
O02431,2025-09-18,C189,P020,Water Bottle,Home & Kitchen,274.71,3,Australia,824.1299999999999
O02431,2025-09-18,C189,P014,Sugar 1kg,Groceries,55.21,3,Australia,165.63
O02432,2025-07-28,C171,P009,Jacket,Fashion,3058.07,1,UK,3058.07
O02432,2025-07-28,C171,P008,Sneakers,Fashion,2656.28,2,India,5312.56
O02433,2025-02-25,C144,P010,Formal Shirt,Fashion,1151.1,2,Canada,2302.2
O02433,2025-02-25,C144,P011,Rice 5kg,Groceries,357.14,3,USA,1071.42
O02433,2025-02-25,C144,P002,Laptop,Electronics,54868.57,1,Australia,54868.57
O02434,2025-12-25,C182,P018,Dinner Set,Home & Kitchen,2777.9,3,Australia,8333.7
O02434,2025-12-25,C182,P004,Bluetooth Speaker,Electronics,3548.52,1,Canada,3548.52
O02434,2025-12-25,C182,P017,Pressure Cooker,Home & Kitchen,2153.66,1,Australia,2153.66
O02434,2025-12-25,C182,P009,Jacket,Fashion,3010.58,3,USA,9031.74
O02434,2025-12-25,C182,P019,Bedsheet,Home & Kitchen,890.02,3,Canada,2670.06
O02435,2025-05-05,C009,P008,Sneakers,Fashion,2617.6,1,UK,2617.6
O02435,2025-05-05,C009,P003,Headphones,Electronics,2380.87,3,Australia,7142.61
O02436,2025-12-31,C104,P013,Cooking Oil 1L,Groceries,161.37,1,USA,161.37
O02437,2025-06-19,C057,P022,Football,Sports,958.96,2,USA,1917.92
O02437,2025-06-19,C057,P008,Sneakers,Fashion,2694.98,2,Australia,5389.96
O02437,2025-06-19,C057,P001,Smartphone,Electronics,18558.19,3,USA,55674.56999999999
O02437,2025-06-19,C057,P006,T-Shirt,Fashion,755.21,1,Canada,755.21
O02438,2025-07-27,C189,P007,Jeans,Fashion,1645.09,3,Canada,4935.2699999999995
O02438,2025-07-27,C189,P020,Water Bottle,Home & Kitchen,265.58,2,Australia,531.16
O02439,2025-02-06,C045,P003,Headphones,Electronics,2512.21,1,India,2512.21
O02439,2025-02-06,C045,P020,Water Bottle,Home & Kitchen,257.53,2,Australia,515.06
O02439,2025-02-06,C045,P017,Pressure Cooker,Home & Kitchen,2259.26,1,Canada,2259.26
O02439,2025-02-06,C045,P016,Mixer Grinder,Home & Kitchen,3180.65,3,UK,9541.95
O02440,2025-04-02,C146,P007,Jeans,Fashion,1471.43,2,India,2942.86
O02440,2025-04-02,C146,P003,Headphones,Electronics,2636.59,3,Canada,7909.77
O02440,2025-04-02,C146,P020,Water Bottle,Home & Kitchen,263.71,2,India,527.42
O02441,2025-09-17,C059,P010,Formal Shirt,Fashion,1273.3,2,UK,2546.6
O02441,2025-09-17,C059,P015,Tea 500g,Groceries,214.42,2,Canada,428.84
O02441,2025-09-17,C059,P003,Headphones,Electronics,2567.43,1,USA,2567.43
O02441,2025-09-17,C059,P012,Wheat Flour 5kg,Groceries,306.16,2,UK,612.32
O02442,2025-01-21,C072,P015,Tea 500g,Groceries,211.24,3,Australia,633.72
O02442,2025-01-21,C072,P019,Bedsheet,Home & Kitchen,948.6,3,India,2845.8
O02442,2025-01-21,C072,P008,Sneakers,Fashion,2477.07,2,India,4954.14
O02442,2025-01-21,C072,P005,Smartwatch,Electronics,6845.84,1,Canada,6845.84
O02443,2025-04-20,C046,P008,Sneakers,Fashion,2390.82,3,Australia,7172.460000000001
O02443,2025-04-20,C046,P011,Rice 5kg,Groceries,341.99,2,India,683.98
O02443,2025-04-20,C046,P024,Dumbbells 5kg,Sports,1316.61,3,USA,3949.83
O02443,2025-04-20,C046,P025,Badminton Racket,Sports,875.0,3,UK,2625.0
O02443,2025-04-20,C046,P015,Tea 500g,Groceries,218.29,3,Australia,654.87
O02444,2025-11-28,C180,P003,Headphones,Electronics,2593.1,3,Australia,7779.299999999999
O02444,2025-11-28,C180,P012,Wheat Flour 5kg,Groceries,349.12,3,Australia,1047.3600000000001
O02444,2025-11-28,C180,P016,Mixer Grinder,Home & Kitchen,3496.77,2,Australia,6993.54
O02445,2025-11-19,C031,P022,Football,Sports,939.45,3,UK,2818.3500000000004
O02445,2025-11-19,C031,P001,Smartphone,Electronics,18756.17,1,Australia,18756.17
O02445,2025-11-19,C031,P009,Jacket,Fashion,3100.0,2,USA,6200.0
O02446,2025-03-15,C081,P008,Sneakers,Fashion,2534.35,3,Australia,7603.049999999999
O02446,2025-03-15,C081,P018,Dinner Set,Home & Kitchen,2691.24,3,Australia,8073.719999999999
O02446,2025-03-15,C081,P021,Cricket Bat,Sports,1518.64,1,USA,1518.64
O02446,2025-03-15,C081,P003,Headphones,Electronics,2659.67,3,Australia,7979.01
O02446,2025-03-15,C081,P004,Bluetooth Speaker,Electronics,3786.42,2,Australia,7572.84
O02447,2025-08-12,C151,P025,Badminton Racket,Sports,848.66,2,India,1697.32
O02447,2025-08-12,C151,P023,Yoga Mat,Sports,758.77,2,Canada,1517.54
O02447,2025-08-12,C151,P009,Jacket,Fashion,3079.8,3,India,9239.400000000001
O02447,2025-08-12,C151,P016,Mixer Grinder,Home & Kitchen,3311.49,2,UK,6622.98
O02448,2025-02-10,C094,P021,Cricket Bat,Sports,1427.76,3,India,4283.28
O02448,2025-02-10,C094,P017,Pressure Cooker,Home & Kitchen,2159.68,2,Australia,4319.36
O02448,2025-02-10,C094,P013,Cooking Oil 1L,Groceries,167.58,3,Canada,502.74
O02449,2025-12-20,C048,P018,Dinner Set,Home & Kitchen,3016.26,3,USA,9048.78
O02450,2025-12-19,C090,P007,Jeans,Fashion,1468.17,2,UK,2936.34
O02450,2025-12-19,C090,P003,Headphones,Electronics,2652.57,3,India,7957.710000000001
O02450,2025-12-19,C090,P009,Jacket,Fashion,3051.81,1,USA,3051.81
O02450,2025-12-19,C090,P006,T-Shirt,Fashion,751.47,1,India,751.47
O02451,2025-01-22,C070,P005,Smartwatch,Electronics,6864.41,3,Canada,20593.23
O02452,2025-12-12,C127,P009,Jacket,Fashion,3060.35,1,USA,3060.35
O02452,2025-12-12,C127,P001,Smartphone,Electronics,17142.26,1,India,17142.26
O02452,2025-12-12,C127,P006,T-Shirt,Fashion,671.69,3,UK,2015.0700000000002
O02453,2025-01-07,C190,P011,Rice 5kg,Groceries,350.07,1,USA,350.07
O02453,2025-01-07,C190,P013,Cooking Oil 1L,Groceries,175.48,1,Australia,175.48
O02453,2025-01-07,C190,P021,Cricket Bat,Sports,1537.54,1,USA,1537.54
O02453,2025-01-07,C190,P009,Jacket,Fashion,3277.89,3,USA,9833.67
O02454,2025-08-29,C176,P017,Pressure Cooker,Home & Kitchen,2321.52,1,Canada,2321.52
O02454,2025-08-29,C176,P022,Football,Sports,859.17,1,Australia,859.17
O02455,2025-11-13,C127,P021,Cricket Bat,Sports,1634.49,1,India,1634.49
O02455,2025-11-13,C127,P011,Rice 5kg,Groceries,380.93,2,USA,761.86
O02455,2025-11-13,C127,P005,Smartwatch,Electronics,6756.83,1,UK,6756.83
O02456,2025-08-07,C167,P006,T-Shirt,Fashion,702.6,2,Canada,1405.2
O02456,2025-08-07,C167,P016,Mixer Grinder,Home & Kitchen,3409.24,2,Australia,6818.48
O02456,2025-08-07,C167,P025,Badminton Racket,Sports,819.47,2,India,1638.94
O02457,2025-10-03,C022,P023,Yoga Mat,Sports,728.5,2,Australia,1457.0
O02457,2025-10-03,C022,P005,Smartwatch,Electronics,7518.07,1,India,7518.07
O02457,2025-10-03,C022,P008,Sneakers,Fashion,2641.88,2,USA,5283.76
O02457,2025-10-03,C022,P024,Dumbbells 5kg,Sports,1253.8,2,Australia,2507.6
O02457,2025-10-03,C022,P001,Smartphone,Electronics,19330.99,2,Australia,38661.98
O02458,2025-02-11,C085,P009,Jacket,Fashion,3229.51,3,Australia,9688.53
O02458,2025-02-11,C085,P004,Bluetooth Speaker,Electronics,3336.79,2,India,6673.58
O02459,2025-10-19,C140,P020,Water Bottle,Home & Kitchen,252.61,1,Australia,252.61
O02459,2025-10-19,C140,P010,Formal Shirt,Fashion,1291.67,2,India,2583.34
O02460,2025-01-03,C193,P023,Yoga Mat,Sports,751.02,1,Australia,751.02
O02460,2025-01-03,C193,P008,Sneakers,Fashion,2555.14,1,Australia,2555.14
O02460,2025-01-03,C193,P007,Jeans,Fashion,1634.72,3,USA,4904.16
O02460,2025-01-03,C193,P005,Smartwatch,Electronics,7649.33,1,India,7649.33
O02460,2025-01-03,C193,P021,Cricket Bat,Sports,1615.92,3,UK,4847.76
O02461,2025-08-02,C060,P016,Mixer Grinder,Home & Kitchen,3304.2,1,USA,3304.2
O02461,2025-08-02,C060,P002,Laptop,Electronics,59207.2,3,USA,177621.59999999998
O02462,2025-02-06,C188,P017,Pressure Cooker,Home & Kitchen,2154.62,3,UK,6463.86
O02462,2025-02-06,C188,P005,Smartwatch,Electronics,7654.02,2,India,15308.04
O02462,2025-02-06,C188,P015,Tea 500g,Groceries,235.19,1,UK,235.19
O02463,2025-04-20,C192,P019,Bedsheet,Home & Kitchen,961.9,3,Australia,2885.7
O02463,2025-04-20,C192,P014,Sugar 1kg,Groceries,57.35,2,UK,114.7
O02463,2025-04-20,C192,P015,Tea 500g,Groceries,228.52,1,Australia,228.52
O02463,2025-04-20,C192,P002,Laptop,Electronics,53454.14,1,Australia,53454.14
O02464,2025-03-09,C131,P006,T-Shirt,Fashion,681.89,1,USA,681.89
O02464,2025-03-09,C131,P004,Bluetooth Speaker,Electronics,3798.48,2,USA,7596.96
O02464,2025-03-09,C131,P023,Yoga Mat,Sports,680.64,2,UK,1361.28
O02464,2025-03-09,C131,P021,Cricket Bat,Sports,1526.71,1,UK,1526.71
O02465,2025-06-21,C127,P025,Badminton Racket,Sports,775.71,1,Australia,775.71
O02466,2025-09-08,C092,P008,Sneakers,Fashion,2747.06,2,USA,5494.12
O02466,2025-09-08,C092,P002,Laptop,Electronics,53729.15,2,Canada,107458.3
O02466,2025-09-08,C092,P015,Tea 500g,Groceries,210.39,2,USA,420.78
O02467,2025-09-14,C132,P025,Badminton Racket,Sports,785.61,3,India,2356.83
O02467,2025-09-14,C132,P004,Bluetooth Speaker,Electronics,3845.58,3,UK,11536.74
O02467,2025-09-14,C132,P011,Rice 5kg,Groceries,345.18,2,Canada,690.36
O02467,2025-09-14,C132,P003,Headphones,Electronics,2587.52,2,Canada,5175.04
O02468,2025-01-24,C102,P009,Jacket,Fashion,3075.02,2,India,6150.04
O02469,2025-12-16,C110,P015,Tea 500g,Groceries,241.95,3,Australia,725.8499999999999
O02469,2025-12-16,C110,P007,Jeans,Fashion,1501.92,2,Australia,3003.84
O02470,2025-07-05,C112,P018,Dinner Set,Home & Kitchen,2868.39,1,UK,2868.39
O02471,2025-05-30,C169,P016,Mixer Grinder,Home & Kitchen,3386.81,2,Australia,6773.62
O02471,2025-05-30,C169,P024,Dumbbells 5kg,Sports,1197.18,2,India,2394.36
O02471,2025-05-30,C169,P012,Wheat Flour 5kg,Groceries,321.72,3,Canada,965.1600000000001
O02472,2025-07-08,C013,P021,Cricket Bat,Sports,1464.78,1,Canada,1464.78
O02472,2025-07-08,C013,P022,Football,Sports,881.47,2,Australia,1762.94
O02472,2025-07-08,C013,P013,Cooking Oil 1L,Groceries,159.03,3,USA,477.09000000000003
O02473,2025-01-21,C011,P013,Cooking Oil 1L,Groceries,158.36,1,Australia,158.36
O02474,2025-08-05,C104,P004,Bluetooth Speaker,Electronics,3459.7,3,Australia,10379.099999999999
O02474,2025-08-05,C104,P017,Pressure Cooker,Home & Kitchen,2393.87,2,Canada,4787.74
O02474,2025-08-05,C104,P025,Badminton Racket,Sports,774.61,3,USA,2323.83
O02474,2025-08-05,C104,P008,Sneakers,Fashion,2460.27,2,Canada,4920.54
O02474,2025-08-05,C104,P018,Dinner Set,Home & Kitchen,2849.78,2,India,5699.56
O02475,2025-02-26,C051,P013,Cooking Oil 1L,Groceries,156.11,2,Canada,312.22
O02475,2025-02-26,C051,P003,Headphones,Electronics,2643.42,1,Australia,2643.42
O02475,2025-02-26,C051,P005,Smartwatch,Electronics,7682.32,2,USA,15364.64
O02475,2025-02-26,C051,P007,Jeans,Fashion,1561.1,3,Canada,4683.299999999999
O02475,2025-02-26,C051,P025,Badminton Racket,Sports,807.45,1,India,807.45
O02476,2025-01-12,C129,P015,Tea 500g,Groceries,211.98,1,India,211.98
O02476,2025-01-12,C129,P024,Dumbbells 5kg,Sports,1266.63,1,Australia,1266.63
O02476,2025-01-12,C129,P002,Laptop,Electronics,55159.74,2,Canada,110319.48
O02477,2025-05-07,C093,P021,Cricket Bat,Sports,1431.29,3,India,4293.87
O02477,2025-05-07,C093,P002,Laptop,Electronics,60020.4,3,India,180061.2
O02478,2025-11-05,C152,P001,Smartphone,Electronics,19572.23,1,USA,19572.23
O02478,2025-11-05,C152,P025,Badminton Racket,Sports,784.68,1,Canada,784.68
O02478,2025-11-05,C152,P002,Laptop,Electronics,58432.6,1,UK,58432.6
O02479,2025-10-17,C124,P009,Jacket,Fashion,2912.43,1,USA,2912.43
O02479,2025-10-17,C124,P005,Smartwatch,Electronics,6698.64,1,India,6698.64
O02479,2025-10-17,C124,P023,Yoga Mat,Sports,736.62,2,USA,1473.24
O02479,2025-10-17,C124,P019,Bedsheet,Home & Kitchen,898.84,3,India,2696.52
O02479,2025-10-17,C124,P012,Wheat Flour 5kg,Groceries,323.83,1,India,323.83
O02480,2025-12-21,C144,P025,Badminton Racket,Sports,769.85,1,USA,769.85
O02481,2025-02-20,C088,P016,Mixer Grinder,Home & Kitchen,3288.1,2,Australia,6576.2
O02482,2025-08-09,C157,P025,Badminton Racket,Sports,844.12,2,USA,1688.24
O02483,2025-11-10,C015,P015,Tea 500g,Groceries,212.35,1,Australia,212.35
O02483,2025-11-10,C015,P019,Bedsheet,Home & Kitchen,860.75,1,Australia,860.75
O02483,2025-11-10,C015,P010,Formal Shirt,Fashion,1211.56,2,UK,2423.12
O02483,2025-11-10,C015,P024,Dumbbells 5kg,Sports,1272.41,1,India,1272.41
O02483,2025-11-10,C015,P021,Cricket Bat,Sports,1512.96,2,Australia,3025.92
O02484,2025-09-05,C055,P011,Rice 5kg,Groceries,381.39,1,UK,381.39
O02484,2025-09-05,C055,P006,T-Shirt,Fashion,707.55,2,Canada,1415.1
O02484,2025-09-05,C055,P003,Headphones,Electronics,2375.65,2,USA,4751.3
O02485,2025-12-06,C040,P022,Football,Sports,940.4,1,Canada,940.4
O02486,2025-05-31,C027,P024,Dumbbells 5kg,Sports,1215.91,3,Australia,3647.7300000000005
O02486,2025-05-31,C027,P023,Yoga Mat,Sports,673.3,3,Australia,2019.8999999999999
O02487,2025-09-14,C032,P014,Sugar 1kg,Groceries,52.76,2,India,105.52
O02488,2025-11-10,C140,P012,Wheat Flour 5kg,Groceries,316.33,1,India,316.33
O02488,2025-11-10,C140,P010,Formal Shirt,Fashion,1281.2,1,India,1281.2
O02488,2025-11-10,C140,P015,Tea 500g,Groceries,231.38,1,Australia,231.38
O02489,2025-09-16,C020,P020,Water Bottle,Home & Kitchen,249.79,2,Australia,499.58
O02490,2025-06-12,C013,P016,Mixer Grinder,Home & Kitchen,3325.53,1,UK,3325.53
O02490,2025-06-12,C013,P001,Smartphone,Electronics,19035.71,1,Australia,19035.71
O02490,2025-06-12,C013,P011,Rice 5kg,Groceries,365.85,2,Australia,731.7
O02490,2025-06-12,C013,P023,Yoga Mat,Sports,712.76,3,Canada,2138.2799999999997
O02491,2025-05-25,C119,P007,Jeans,Fashion,1505.6,2,Australia,3011.2
O02492,2025-12-24,C120,P008,Sneakers,Fashion,2389.25,1,India,2389.25
O02493,2025-03-11,C019,P025,Badminton Racket,Sports,817.94,2,Australia,1635.88
O02493,2025-03-11,C019,P019,Bedsheet,Home & Kitchen,889.96,3,USA,2669.88
O02493,2025-03-11,C019,P009,Jacket,Fashion,2909.89,1,UK,2909.89
O02493,2025-03-11,C019,P020,Water Bottle,Home & Kitchen,259.65,2,UK,519.3
O02494,2025-05-01,C037,P022,Football,Sports,901.85,1,Australia,901.85
O02494,2025-05-01,C037,P006,T-Shirt,Fashion,740.92,1,India,740.92
O02495,2025-06-30,C073,P006,T-Shirt,Fashion,677.72,1,USA,677.72
O02496,2025-07-19,C185,P007,Jeans,Fashion,1633.32,1,USA,1633.32
O02497,2025-06-07,C167,P016,Mixer Grinder,Home & Kitchen,3215.84,1,Canada,3215.84
O02497,2025-06-07,C167,P023,Yoga Mat,Sports,695.48,1,Australia,695.48
O02497,2025-06-07,C167,P005,Smartwatch,Electronics,7462.31,2,UK,14924.62
O02497,2025-06-07,C167,P002,Laptop,Electronics,52377.09,3,UK,157131.27
O02497,2025-06-07,C167,P020,Water Bottle,Home & Kitchen,252.39,2,India,504.78
O02498,2025-05-18,C151,P017,Pressure Cooker,Home & Kitchen,2136.56,3,India,6409.68
O02499,2025-11-23,C147,P003,Headphones,Electronics,2501.31,3,UK,7503.93
O02500,2025-09-21,C186,P019,Bedsheet,Home & Kitchen,878.35,1,India,878.35
O02500,2025-09-21,C186,P010,Formal Shirt,Fashion,1267.86,3,India,3803.58
O02500,2025-09-21,C186,P004,Bluetooth Speaker,Electronics,3608.96,2,Australia,7217.92
O02500,2025-09-21,C186,P011,Rice 5kg,Groceries,375.92,3,USA,1127.76
O02501,2025-12-17,C187,P024,Dumbbells 5kg,Sports,1199.97,1,India,1199.97
O02501,2025-12-17,C187,P017,Pressure Cooker,Home & Kitchen,2350.11,2,USA,4700.22
O02501,2025-12-17,C187,P021,Cricket Bat,Sports,1425.34,2,USA,2850.68
O02501,2025-12-17,C187,P008,Sneakers,Fashion,2393.77,2,USA,4787.54
O02502,2025-02-01,C099,P006,T-Shirt,Fashion,717.85,3,Australia,2153.55
O02503,2025-01-12,C150,P005,Smartwatch,Electronics,7106.09,3,USA,21318.27
O02503,2025-01-12,C150,P001,Smartphone,Electronics,19781.79,2,USA,39563.58
O02503,2025-01-12,C150,P012,Wheat Flour 5kg,Groceries,324.1,2,Canada,648.2
O02503,2025-01-12,C150,P023,Yoga Mat,Sports,721.05,3,USA,2163.1499999999996
O02503,2025-01-12,C150,P018,Dinner Set,Home & Kitchen,2829.93,3,India,8489.789999999999
O02504,2025-05-17,C071,P004,Bluetooth Speaker,Electronics,3671.03,2,Australia,7342.06
O02504,2025-05-17,C071,P002,Laptop,Electronics,55809.82,2,Australia,111619.64
O02504,2025-05-17,C071,P001,Smartphone,Electronics,19681.38,3,UK,59044.14
O02504,2025-05-17,C071,P017,Pressure Cooker,Home & Kitchen,2176.69,2,India,4353.38
O02505,2025-12-15,C130,P017,Pressure Cooker,Home & Kitchen,2247.92,1,UK,2247.92
O02505,2025-12-15,C130,P007,Jeans,Fashion,1509.75,3,UK,4529.25
O02506,2025-07-31,C167,P019,Bedsheet,Home & Kitchen,913.66,1,Canada,913.66
O02506,2025-07-31,C167,P018,Dinner Set,Home & Kitchen,3069.17,1,UK,3069.17
O02506,2025-07-31,C167,P002,Laptop,Electronics,58949.31,2,India,117898.62
O02506,2025-07-31,C167,P024,Dumbbells 5kg,Sports,1308.85,1,Canada,1308.85
O02506,2025-07-31,C167,P005,Smartwatch,Electronics,7299.51,1,India,7299.51
O02507,2025-09-28,C162,P009,Jacket,Fashion,2865.4,3,USA,8596.2
O02508,2025-01-03,C166,P015,Tea 500g,Groceries,233.86,1,Australia,233.86
O02508,2025-01-03,C166,P007,Jeans,Fashion,1470.61,3,India,4411.83
O02509,2025-04-19,C138,P019,Bedsheet,Home & Kitchen,950.19,2,USA,1900.38
O02509,2025-04-19,C138,P003,Headphones,Electronics,2458.38,2,USA,4916.76
O02509,2025-04-19,C138,P008,Sneakers,Fashion,2501.49,2,Canada,5002.98
O02509,2025-04-19,C138,P014,Sugar 1kg,Groceries,59.85,1,India,59.85
O02510,2025-07-22,C053,P015,Tea 500g,Groceries,238.29,3,UK,714.87
O02510,2025-07-22,C053,P002,Laptop,Electronics,54300.06,1,Canada,54300.06
O02510,2025-07-22,C053,P006,T-Shirt,Fashion,756.51,1,Australia,756.51
O02510,2025-07-22,C053,P024,Dumbbells 5kg,Sports,1316.74,3,Australia,3950.2200000000003
O02510,2025-07-22,C053,P001,Smartphone,Electronics,18557.21,1,USA,18557.21
O02511,2025-01-15,C090,P025,Badminton Racket,Sports,800.72,3,USA,2402.16
O02512,2025-01-20,C081,P002,Laptop,Electronics,57851.96,1,Australia,57851.96
O02512,2025-01-20,C081,P005,Smartwatch,Electronics,7227.13,2,UK,14454.26
O02513,2025-10-05,C070,P021,Cricket Bat,Sports,1437.23,3,Australia,4311.6900000000005
O02514,2025-02-23,C040,P019,Bedsheet,Home & Kitchen,871.11,2,Canada,1742.22
O02514,2025-02-23,C040,P001,Smartphone,Electronics,17223.09,3,UK,51669.270000000004
O02515,2025-12-07,C171,P019,Bedsheet,Home & Kitchen,977.09,2,USA,1954.18
O02515,2025-12-07,C171,P003,Headphones,Electronics,2642.66,3,USA,7927.98
O02515,2025-12-07,C171,P024,Dumbbells 5kg,Sports,1180.77,3,USA,3542.31
O02515,2025-12-07,C171,P023,Yoga Mat,Sports,756.66,2,UK,1513.32
O02515,2025-12-07,C171,P022,Football,Sports,952.64,1,UK,952.64
O02516,2025-05-13,C027,P006,T-Shirt,Fashion,743.99,1,India,743.99
O02516,2025-05-13,C027,P021,Cricket Bat,Sports,1465.62,3,Australia,4396.86
O02516,2025-05-13,C027,P002,Laptop,Electronics,59844.09,2,India,119688.18
O02517,2025-12-19,C118,P018,Dinner Set,Home & Kitchen,2910.05,1,India,2910.05
O02517,2025-12-19,C118,P011,Rice 5kg,Groceries,372.99,1,Canada,372.99
O02517,2025-12-19,C118,P002,Laptop,Electronics,57759.52,3,Australia,173278.56
O02518,2025-12-06,C038,P024,Dumbbells 5kg,Sports,1272.1,2,USA,2544.2
O02518,2025-12-06,C038,P013,Cooking Oil 1L,Groceries,161.73,2,USA,323.46
O02518,2025-12-06,C038,P010,Formal Shirt,Fashion,1292.0,3,India,3876.0
O02519,2025-12-19,C031,P019,Bedsheet,Home & Kitchen,915.09,2,USA,1830.18
O02520,2025-10-15,C102,P022,Football,Sports,863.44,3,Australia,2590.32
O02520,2025-10-15,C102,P019,Bedsheet,Home & Kitchen,948.41,1,Canada,948.41
O02520,2025-10-15,C102,P018,Dinner Set,Home & Kitchen,2767.83,1,UK,2767.83
O02520,2025-10-15,C102,P021,Cricket Bat,Sports,1546.71,2,Canada,3093.42
O02520,2025-10-15,C102,P006,T-Shirt,Fashion,752.53,1,Canada,752.53
O02521,2025-11-03,C148,P002,Laptop,Electronics,59287.13,3,Australia,177861.38999999998
O02521,2025-11-03,C148,P025,Badminton Racket,Sports,798.01,3,Canada,2394.0299999999997
O02521,2025-11-03,C148,P017,Pressure Cooker,Home & Kitchen,2249.57,2,India,4499.14
O02522,2025-06-15,C119,P014,Sugar 1kg,Groceries,59.89,3,Canada,179.67000000000002
O02523,2025-08-22,C130,P014,Sugar 1kg,Groceries,53.87,1,India,53.87
O02523,2025-08-22,C130,P021,Cricket Bat,Sports,1633.27,2,Canada,3266.54
O02524,2025-09-20,C009,P024,Dumbbells 5kg,Sports,1198.68,3,UK,3596.04
O02524,2025-09-20,C009,P021,Cricket Bat,Sports,1546.81,3,USA,4640.43
O02524,2025-09-20,C009,P002,Laptop,Electronics,58592.74,2,Australia,117185.48
O02524,2025-09-20,C009,P015,Tea 500g,Groceries,223.67,2,India,447.34
O02525,2025-02-01,C174,P024,Dumbbells 5kg,Sports,1180.96,1,UK,1180.96
O02525,2025-02-01,C174,P007,Jeans,Fashion,1490.89,3,USA,4472.67
O02525,2025-02-01,C174,P001,Smartphone,Electronics,19468.1,2,Canada,38936.2
O02525,2025-02-01,C174,P025,Badminton Racket,Sports,805.2,2,India,1610.4
O02525,2025-02-01,C174,P016,Mixer Grinder,Home & Kitchen,3370.81,3,Australia,10112.43
O02526,2025-10-11,C039,P019,Bedsheet,Home & Kitchen,867.65,3,India,2602.95
O02526,2025-10-11,C039,P004,Bluetooth Speaker,Electronics,3568.37,3,USA,10705.11
O02526,2025-10-11,C039,P001,Smartphone,Electronics,18259.32,1,Canada,18259.32
O02526,2025-10-11,C039,P012,Wheat Flour 5kg,Groceries,321.08,2,Australia,642.16
O02527,2025-07-16,C163,P017,Pressure Cooker,Home & Kitchen,2327.72,2,Canada,4655.44
O02528,2025-06-27,C065,P023,Yoga Mat,Sports,740.78,2,UK,1481.56
O02528,2025-06-27,C065,P007,Jeans,Fashion,1505.43,3,India,4516.29
O02528,2025-06-27,C065,P012,Wheat Flour 5kg,Groceries,336.18,1,Australia,336.18
O02529,2025-08-23,C012,P014,Sugar 1kg,Groceries,52.91,3,India,158.73
O02529,2025-08-23,C012,P017,Pressure Cooker,Home & Kitchen,2100.98,3,India,6302.9400000000005
O02529,2025-08-23,C012,P011,Rice 5kg,Groceries,347.97,3,Australia,1043.91
O02529,2025-08-23,C012,P012,Wheat Flour 5kg,Groceries,312.14,1,Canada,312.14
O02529,2025-08-23,C012,P006,T-Shirt,Fashion,708.74,1,Australia,708.74
O02530,2025-04-14,C147,P008,Sneakers,Fashion,2406.2,2,Canada,4812.4
O02530,2025-04-14,C147,P004,Bluetooth Speaker,Electronics,3444.07,3,India,10332.210000000001
O02531,2025-12-10,C039,P009,Jacket,Fashion,2860.75,3,UK,8582.25
O02531,2025-12-10,C039,P013,Cooking Oil 1L,Groceries,158.11,3,UK,474.33000000000004
O02532,2025-07-03,C154,P016,Mixer Grinder,Home & Kitchen,3165.25,2,USA,6330.5
O02532,2025-07-03,C154,P009,Jacket,Fashion,3116.82,1,India,3116.82
O02532,2025-07-03,C154,P003,Headphones,Electronics,2624.78,3,Australia,7874.34
O02533,2025-02-23,C179,P002,Laptop,Electronics,53773.85,3,India,161321.55
O02534,2025-04-04,C165,P016,Mixer Grinder,Home & Kitchen,3305.01,3,India,9915.03
O02534,2025-04-04,C165,P007,Jeans,Fashion,1621.38,1,Australia,1621.38
O02535,2025-01-06,C041,P020,Water Bottle,Home & Kitchen,261.29,1,India,261.29
O02535,2025-01-06,C041,P021,Cricket Bat,Sports,1563.67,3,USA,4691.01
O02535,2025-01-06,C041,P017,Pressure Cooker,Home & Kitchen,2200.15,2,Australia,4400.3
O02535,2025-01-06,C041,P013,Cooking Oil 1L,Groceries,153.16,2,Australia,306.32
O02536,2025-03-15,C003,P024,Dumbbells 5kg,Sports,1297.67,1,India,1297.67
O02536,2025-03-15,C003,P021,Cricket Bat,Sports,1453.3,3,India,4359.9
O02536,2025-03-15,C003,P002,Laptop,Electronics,57386.19,1,UK,57386.19
O02537,2025-10-09,C080,P007,Jeans,Fashion,1618.55,2,USA,3237.1
O02538,2025-03-27,C021,P022,Football,Sports,920.11,3,Australia,2760.33
O02538,2025-03-27,C021,P002,Laptop,Electronics,53178.76,1,UK,53178.76
O02539,2025-11-19,C070,P011,Rice 5kg,Groceries,367.87,2,USA,735.74
O02539,2025-11-19,C070,P022,Football,Sports,947.45,3,Australia,2842.3500000000004
O02539,2025-11-19,C070,P001,Smartphone,Electronics,18410.0,3,UK,55230.0
O02539,2025-11-19,C070,P024,Dumbbells 5kg,Sports,1149.35,1,India,1149.35
O02540,2025-04-12,C168,P016,Mixer Grinder,Home & Kitchen,3419.14,1,USA,3419.14
O02540,2025-04-12,C168,P012,Wheat Flour 5kg,Groceries,318.18,1,USA,318.18
O02540,2025-04-12,C168,P009,Jacket,Fashion,3208.62,1,Canada,3208.62
O02540,2025-04-12,C168,P024,Dumbbells 5kg,Sports,1236.96,1,Australia,1236.96
O02541,2025-12-11,C176,P001,Smartphone,Electronics,19203.22,2,Canada,38406.44
O02541,2025-12-11,C176,P024,Dumbbells 5kg,Sports,1220.91,3,India,3662.7300000000005
O02541,2025-12-11,C176,P003,Headphones,Electronics,2633.8,3,Canada,7901.400000000001
O02541,2025-12-11,C176,P002,Laptop,Electronics,58710.75,2,India,117421.5
O02542,2025-02-14,C069,P006,T-Shirt,Fashion,686.57,3,India,2059.71
O02542,2025-02-14,C069,P015,Tea 500g,Groceries,212.51,2,USA,425.02
O02542,2025-02-14,C069,P022,Football,Sports,858.55,3,Canada,2575.6499999999996
O02542,2025-02-14,C069,P019,Bedsheet,Home & Kitchen,869.62,3,Canada,2608.86
O02542,2025-02-14,C069,P014,Sugar 1kg,Groceries,58.92,1,Australia,58.92
O02543,2025-04-06,C028,P002,Laptop,Electronics,56055.97,3,Canada,168167.91
O02543,2025-04-06,C028,P017,Pressure Cooker,Home & Kitchen,2197.57,1,Canada,2197.57
O02543,2025-04-06,C028,P022,Football,Sports,940.33,1,USA,940.33
O02543,2025-04-06,C028,P003,Headphones,Electronics,2621.79,2,India,5243.58
O02543,2025-04-06,C028,P019,Bedsheet,Home & Kitchen,933.3,3,USA,2799.8999999999996
O02544,2025-02-26,C007,P023,Yoga Mat,Sports,729.77,2,UK,1459.54
O02544,2025-02-26,C007,P020,Water Bottle,Home & Kitchen,248.31,2,UK,496.62
O02544,2025-02-26,C007,P013,Cooking Oil 1L,Groceries,152.22,1,USA,152.22
O02544,2025-02-26,C007,P022,Football,Sports,983.15,2,India,1966.3
O02544,2025-02-26,C007,P005,Smartwatch,Electronics,7636.73,2,UK,15273.46
O02545,2025-04-17,C181,P012,Wheat Flour 5kg,Groceries,345.14,1,Australia,345.14
O02545,2025-04-17,C181,P020,Water Bottle,Home & Kitchen,264.65,2,Australia,529.3
O02546,2025-02-01,C161,P001,Smartphone,Electronics,18674.03,2,UK,37348.06
O02546,2025-02-01,C161,P006,T-Shirt,Fashion,720.05,1,Australia,720.05
O02547,2025-02-15,C118,P004,Bluetooth Speaker,Electronics,3660.85,1,UK,3660.85
O02547,2025-02-15,C118,P023,Yoga Mat,Sports,734.77,2,USA,1469.54
O02547,2025-02-15,C118,P015,Tea 500g,Groceries,235.66,3,India,706.98
O02547,2025-02-15,C118,P016,Mixer Grinder,Home & Kitchen,3302.29,2,Canada,6604.58
O02548,2025-03-02,C014,P005,Smartwatch,Electronics,7586.52,2,Canada,15173.04
O02548,2025-03-02,C014,P023,Yoga Mat,Sports,733.38,1,India,733.38
O02549,2025-09-25,C041,P023,Yoga Mat,Sports,767.59,1,Canada,767.59
O02550,2025-12-28,C025,P010,Formal Shirt,Fashion,1193.19,1,USA,1193.19
O02551,2025-04-24,C047,P015,Tea 500g,Groceries,226.08,1,Australia,226.08
O02552,2025-11-18,C008,P011,Rice 5kg,Groceries,343.95,3,USA,1031.85
O02552,2025-11-18,C008,P001,Smartphone,Electronics,17875.55,2,India,35751.1
O02552,2025-11-18,C008,P008,Sneakers,Fashion,2717.17,2,India,5434.34
O02552,2025-11-18,C008,P015,Tea 500g,Groceries,223.54,2,USA,447.08
O02552,2025-11-18,C008,P007,Jeans,Fashion,1608.72,2,India,3217.44
O02553,2025-01-06,C129,P001,Smartphone,Electronics,19316.74,3,USA,57950.22
O02553,2025-01-06,C129,P005,Smartwatch,Electronics,6696.02,3,India,20088.06
O02553,2025-01-06,C129,P023,Yoga Mat,Sports,681.24,3,Australia,2043.72
O02554,2025-12-16,C134,P014,Sugar 1kg,Groceries,59.32,1,UK,59.32
O02554,2025-12-16,C134,P006,T-Shirt,Fashion,685.48,2,USA,1370.96
O02555,2025-06-09,C041,P020,Water Bottle,Home & Kitchen,267.04,3,India,801.1200000000001
O02555,2025-06-09,C041,P012,Wheat Flour 5kg,Groceries,332.2,3,Australia,996.5999999999999
O02555,2025-06-09,C041,P011,Rice 5kg,Groceries,334.9,1,India,334.9
O02556,2025-05-18,C043,P013,Cooking Oil 1L,Groceries,163.38,2,India,326.76
O02556,2025-05-18,C043,P023,Yoga Mat,Sports,745.26,3,India,2235.7799999999997
O02557,2025-03-14,C097,P010,Formal Shirt,Fashion,1224.68,2,USA,2449.36
O02557,2025-03-14,C097,P016,Mixer Grinder,Home & Kitchen,3251.25,3,Canada,9753.75
O02557,2025-03-14,C097,P003,Headphones,Electronics,2531.7,2,USA,5063.4
O02557,2025-03-14,C097,P002,Laptop,Electronics,53325.66,2,USA,106651.32
O02558,2025-08-22,C042,P025,Badminton Racket,Sports,815.79,1,Australia,815.79
O02558,2025-08-22,C042,P013,Cooking Oil 1L,Groceries,165.09,1,USA,165.09
O02558,2025-08-22,C042,P001,Smartphone,Electronics,19599.01,3,Australia,58797.03
O02559,2025-01-06,C197,P008,Sneakers,Fashion,2539.54,1,UK,2539.54
O02559,2025-01-06,C197,P025,Badminton Racket,Sports,818.35,3,Canada,2455.05
O02559,2025-01-06,C197,P002,Laptop,Electronics,54080.76,2,India,108161.52
O02559,2025-01-06,C197,P006,T-Shirt,Fashion,702.54,1,Canada,702.54
O02560,2025-05-24,C034,P007,Jeans,Fashion,1537.99,1,USA,1537.99
O02560,2025-05-24,C034,P004,Bluetooth Speaker,Electronics,3414.32,2,Australia,6828.64
O02560,2025-05-24,C034,P015,Tea 500g,Groceries,220.93,1,Canada,220.93
O02561,2025-04-27,C142,P004,Bluetooth Speaker,Electronics,3643.8,2,Canada,7287.6
O02561,2025-04-27,C142,P015,Tea 500g,Groceries,228.48,1,Australia,228.48
O02561,2025-04-27,C142,P008,Sneakers,Fashion,2625.69,3,USA,7877.07
O02561,2025-04-27,C142,P013,Cooking Oil 1L,Groceries,159.47,2,USA,318.94
O02562,2025-07-12,C116,P013,Cooking Oil 1L,Groceries,157.71,3,UK,473.13
O02562,2025-07-12,C116,P011,Rice 5kg,Groceries,350.32,3,UK,1050.96
O02562,2025-07-12,C116,P015,Tea 500g,Groceries,219.42,2,UK,438.84
O02562,2025-07-12,C116,P020,Water Bottle,Home & Kitchen,252.79,1,India,252.79
O02562,2025-07-12,C116,P019,Bedsheet,Home & Kitchen,968.74,2,Australia,1937.48
O02563,2025-08-17,C064,P004,Bluetooth Speaker,Electronics,3620.87,1,Australia,3620.87
O02563,2025-08-17,C064,P008,Sneakers,Fashion,2394.64,1,UK,2394.64
O02563,2025-08-17,C064,P003,Headphones,Electronics,2563.57,2,Canada,5127.14
O02564,2025-10-13,C099,P015,Tea 500g,Groceries,220.31,2,India,440.62
O02564,2025-10-13,C099,P019,Bedsheet,Home & Kitchen,962.7,1,Australia,962.7
O02564,2025-10-13,C099,P025,Badminton Racket,Sports,833.22,3,USA,2499.66
O02564,2025-10-13,C099,P002,Laptop,Electronics,52616.93,1,India,52616.93
O02564,2025-10-13,C099,P022,Football,Sports,889.89,2,Australia,1779.78
O02565,2025-02-18,C091,P011,Rice 5kg,Groceries,357.09,1,UK,357.09
O02565,2025-02-18,C091,P009,Jacket,Fashion,3040.88,3,UK,9122.64
O02565,2025-02-18,C091,P018,Dinner Set,Home & Kitchen,2818.38,1,Australia,2818.38
O02565,2025-02-18,C091,P025,Badminton Racket,Sports,840.98,1,USA,840.98
O02566,2025-02-25,C138,P017,Pressure Cooker,Home & Kitchen,2145.49,3,Canada,6436.469999999999
O02566,2025-02-25,C138,P025,Badminton Racket,Sports,784.45,3,Canada,2353.3500000000004
O02567,2025-10-20,C190,P002,Laptop,Electronics,59262.6,2,India,118525.2
O02567,2025-10-20,C190,P008,Sneakers,Fashion,2634.15,2,USA,5268.3
O02567,2025-10-20,C190,P010,Formal Shirt,Fashion,1282.2,3,Australia,3846.6000000000004
O02568,2025-01-21,C081,P017,Pressure Cooker,Home & Kitchen,2361.97,1,Canada,2361.97
O02568,2025-01-21,C081,P014,Sugar 1kg,Groceries,53.17,2,UK,106.34
O02568,2025-01-21,C081,P007,Jeans,Fashion,1621.07,2,UK,3242.14
O02568,2025-01-21,C081,P020,Water Bottle,Home & Kitchen,244.76,3,UK,734.28
O02569,2025-02-19,C057,P024,Dumbbells 5kg,Sports,1199.86,1,India,1199.86
O02569,2025-02-19,C057,P006,T-Shirt,Fashion,755.92,1,Australia,755.92
O02570,2025-08-24,C141,P001,Smartphone,Electronics,18045.64,3,Australia,54136.92
O02571,2025-12-27,C158,P019,Bedsheet,Home & Kitchen,909.37,2,India,1818.74
O02571,2025-12-27,C158,P001,Smartphone,Electronics,18744.89,1,UK,18744.89
O02571,2025-12-27,C158,P007,Jeans,Fashion,1525.0,1,Australia,1525.0
O02571,2025-12-27,C158,P020,Water Bottle,Home & Kitchen,268.12,2,Australia,536.24
O02572,2025-03-06,C133,P010,Formal Shirt,Fashion,1214.24,1,UK,1214.24
O02572,2025-03-06,C133,P019,Bedsheet,Home & Kitchen,921.06,2,India,1842.12
O02572,2025-03-06,C133,P023,Yoga Mat,Sports,719.08,2,India,1438.16
O02573,2025-11-23,C116,P015,Tea 500g,Groceries,237.89,1,Australia,237.89
O02573,2025-11-23,C116,P022,Football,Sports,861.94,3,USA,2585.82
O02573,2025-11-23,C116,P010,Formal Shirt,Fashion,1260.48,1,Canada,1260.48
O02573,2025-11-23,C116,P019,Bedsheet,Home & Kitchen,968.35,1,Australia,968.35
O02573,2025-11-23,C116,P018,Dinner Set,Home & Kitchen,2669.87,3,Canada,8009.61
O02574,2025-05-06,C085,P014,Sugar 1kg,Groceries,58.42,3,UK,175.26
O02574,2025-05-06,C085,P005,Smartwatch,Electronics,6731.47,2,Australia,13462.94
O02575,2025-12-18,C078,P011,Rice 5kg,Groceries,351.78,3,USA,1055.34
O02575,2025-12-18,C078,P016,Mixer Grinder,Home & Kitchen,3412.48,1,Canada,3412.48
O02575,2025-12-18,C078,P025,Badminton Racket,Sports,857.11,2,USA,1714.22
O02575,2025-12-18,C078,P006,T-Shirt,Fashion,737.76,1,Canada,737.76
O02576,2025-08-31,C004,P008,Sneakers,Fashion,2518.18,1,Australia,2518.18
O02576,2025-08-31,C004,P021,Cricket Bat,Sports,1550.44,3,UK,4651.32
O02576,2025-08-31,C004,P010,Formal Shirt,Fashion,1175.37,2,USA,2350.74
O02576,2025-08-31,C004,P007,Jeans,Fashion,1629.68,3,Canada,4889.04
O02577,2025-10-29,C135,P010,Formal Shirt,Fashion,1176.69,1,Australia,1176.69
O02577,2025-10-29,C135,P021,Cricket Bat,Sports,1601.79,1,Australia,1601.79
O02577,2025-10-29,C135,P008,Sneakers,Fashion,2720.4,3,USA,8161.200000000001
O02577,2025-10-29,C135,P019,Bedsheet,Home & Kitchen,986.35,1,Australia,986.35
O02578,2025-01-10,C183,P020,Water Bottle,Home & Kitchen,246.13,2,Canada,492.26
O02578,2025-01-10,C183,P013,Cooking Oil 1L,Groceries,171.38,3,USA,514.14
O02578,2025-01-10,C183,P006,T-Shirt,Fashion,732.08,1,UK,732.08
O02578,2025-01-10,C183,P014,Sugar 1kg,Groceries,52.89,2,Australia,105.78
O02579,2025-08-11,C148,P007,Jeans,Fashion,1620.89,2,USA,3241.78
O02580,2025-04-18,C106,P017,Pressure Cooker,Home & Kitchen,2199.56,2,India,4399.12
O02580,2025-04-18,C106,P016,Mixer Grinder,Home & Kitchen,3348.17,3,Australia,10044.51
O02580,2025-04-18,C106,P008,Sneakers,Fashion,2495.96,1,USA,2495.96
O02580,2025-04-18,C106,P012,Wheat Flour 5kg,Groceries,331.12,2,UK,662.24
O02580,2025-04-18,C106,P010,Formal Shirt,Fashion,1279.42,1,UK,1279.42
O02581,2025-08-29,C085,P009,Jacket,Fashion,2932.7,3,Australia,8798.099999999999
O02581,2025-08-29,C085,P021,Cricket Bat,Sports,1546.02,2,Australia,3092.04
O02582,2025-07-04,C189,P013,Cooking Oil 1L,Groceries,168.85,1,USA,168.85
O02582,2025-07-04,C189,P009,Jacket,Fashion,3201.86,3,UK,9605.58
O02582,2025-07-04,C189,P016,Mixer Grinder,Home & Kitchen,3240.33,3,Canada,9720.99
O02582,2025-07-04,C189,P003,Headphones,Electronics,2683.07,1,India,2683.07
O02582,2025-07-04,C189,P006,T-Shirt,Fashion,695.48,1,India,695.48
O02583,2025-06-01,C038,P008,Sneakers,Fashion,2553.26,2,Australia,5106.52
O02584,2025-05-21,C169,P008,Sneakers,Fashion,2500.58,2,Canada,5001.16
O02584,2025-05-21,C169,P002,Laptop,Electronics,54430.58,2,Canada,108861.16
O02584,2025-05-21,C169,P013,Cooking Oil 1L,Groceries,164.99,3,USA,494.97
O02585,2025-01-27,C092,P004,Bluetooth Speaker,Electronics,3756.48,1,Canada,3756.48
O02585,2025-01-27,C092,P018,Dinner Set,Home & Kitchen,3060.0,3,Australia,9180.0
O02585,2025-01-27,C092,P010,Formal Shirt,Fashion,1307.42,2,Canada,2614.84
O02586,2025-04-20,C087,P007,Jeans,Fashion,1484.22,1,India,1484.22
O02586,2025-04-20,C087,P024,Dumbbells 5kg,Sports,1187.03,3,Australia,3561.09
O02587,2025-10-02,C034,P016,Mixer Grinder,Home & Kitchen,3276.11,1,UK,3276.11
O02587,2025-10-02,C034,P012,Wheat Flour 5kg,Groceries,338.32,3,UK,1014.96
O02587,2025-10-02,C034,P023,Yoga Mat,Sports,692.76,3,Canada,2078.2799999999997
O02587,2025-10-02,C034,P024,Dumbbells 5kg,Sports,1296.05,3,USA,3888.1499999999996
O02587,2025-10-02,C034,P010,Formal Shirt,Fashion,1195.52,3,USA,3586.56
O02588,2025-11-14,C127,P019,Bedsheet,Home & Kitchen,884.89,2,USA,1769.78
O02588,2025-11-14,C127,P013,Cooking Oil 1L,Groceries,159.98,1,UK,159.98
O02588,2025-11-14,C127,P016,Mixer Grinder,Home & Kitchen,3066.84,3,Canada,9200.52
O02588,2025-11-14,C127,P007,Jeans,Fashion,1574.51,3,USA,4723.53
O02588,2025-11-14,C127,P024,Dumbbells 5kg,Sports,1181.72,2,India,2363.44
O02589,2025-09-20,C133,P021,Cricket Bat,Sports,1513.73,3,India,4541.1900000000005
O02589,2025-09-20,C133,P004,Bluetooth Speaker,Electronics,3655.3,2,UK,7310.6
O02590,2025-08-22,C034,P007,Jeans,Fashion,1446.27,2,India,2892.54
O02591,2025-09-28,C054,P015,Tea 500g,Groceries,232.26,2,USA,464.52
O02591,2025-09-28,C054,P019,Bedsheet,Home & Kitchen,983.34,1,Australia,983.34
O02591,2025-09-28,C054,P012,Wheat Flour 5kg,Groceries,305.67,3,USA,917.01
O02592,2025-01-09,C178,P015,Tea 500g,Groceries,213.43,3,UK,640.29
O02592,2025-01-09,C178,P010,Formal Shirt,Fashion,1145.34,1,UK,1145.34
O02592,2025-01-09,C178,P016,Mixer Grinder,Home & Kitchen,3259.76,1,Canada,3259.76
O02592,2025-01-09,C178,P023,Yoga Mat,Sports,762.55,3,Australia,2287.6499999999996
O02592,2025-01-09,C178,P018,Dinner Set,Home & Kitchen,2886.41,3,Australia,8659.23
O02593,2025-07-07,C006,P016,Mixer Grinder,Home & Kitchen,3236.64,3,Australia,9709.92
O02593,2025-07-07,C006,P017,Pressure Cooker,Home & Kitchen,2247.03,1,USA,2247.03
O02593,2025-07-07,C006,P014,Sugar 1kg,Groceries,53.02,3,Canada,159.06
O02593,2025-07-07,C006,P001,Smartphone,Electronics,17409.99,3,Australia,52229.97
O02594,2025-11-02,C054,P018,Dinner Set,Home & Kitchen,2789.19,3,India,8367.57
O02595,2025-03-11,C175,P001,Smartphone,Electronics,17935.32,1,USA,17935.32
O02595,2025-03-11,C175,P005,Smartwatch,Electronics,6657.9,3,Canada,19973.699999999997
O02595,2025-03-11,C175,P020,Water Bottle,Home & Kitchen,245.43,1,Australia,245.43
O02595,2025-03-11,C175,P025,Badminton Racket,Sports,833.72,1,India,833.72
O02595,2025-03-11,C175,P002,Laptop,Electronics,58915.97,3,Canada,176747.91
O02596,2025-03-31,C072,P011,Rice 5kg,Groceries,339.87,3,Canada,1019.61
O02597,2025-09-08,C103,P012,Wheat Flour 5kg,Groceries,341.2,2,UK,682.4
O02598,2025-02-10,C008,P008,Sneakers,Fashion,2556.11,2,Australia,5112.22
O02598,2025-02-10,C008,P019,Bedsheet,Home & Kitchen,896.52,2,USA,1793.04
O02598,2025-02-10,C008,P003,Headphones,Electronics,2385.24,2,India,4770.48
O02598,2025-02-10,C008,P014,Sugar 1kg,Groceries,58.18,2,UK,116.36
O02599,2025-03-24,C085,P015,Tea 500g,Groceries,216.24,3,Australia,648.72
O02599,2025-03-24,C085,P019,Bedsheet,Home & Kitchen,911.92,1,India,911.92
O02599,2025-03-24,C085,P005,Smartwatch,Electronics,7688.55,3,Australia,23065.65
O02600,2025-11-25,C087,P012,Wheat Flour 5kg,Groceries,337.8,3,Canada,1013.4000000000001
O02600,2025-11-25,C087,P025,Badminton Racket,Sports,848.01,1,India,848.01
O02600,2025-11-25,C087,P010,Formal Shirt,Fashion,1302.27,2,UK,2604.54
O02600,2025-11-25,C087,P022,Football,Sports,892.4,3,Australia,2677.2
O02600,2025-11-25,C087,P017,Pressure Cooker,Home & Kitchen,2106.01,1,Australia,2106.01
O02601,2025-04-10,C128,P006,T-Shirt,Fashion,740.93,3,USA,2222.79
O02601,2025-04-10,C128,P004,Bluetooth Speaker,Electronics,3343.61,3,India,10030.83
O02601,2025-04-10,C128,P025,Badminton Racket,Sports,815.02,3,India,2445.06
O02601,2025-04-10,C128,P005,Smartwatch,Electronics,7352.77,3,UK,22058.31
O02601,2025-04-10,C128,P009,Jacket,Fashion,3207.68,1,USA,3207.68
O02602,2025-07-28,C045,P006,T-Shirt,Fashion,698.46,2,Canada,1396.92
O02602,2025-07-28,C045,P009,Jacket,Fashion,3113.76,1,India,3113.76
O02602,2025-07-28,C045,P014,Sugar 1kg,Groceries,58.15,2,UK,116.3
O02602,2025-07-28,C045,P022,Football,Sports,911.17,1,UK,911.17
O02603,2025-01-19,C128,P002,Laptop,Electronics,56645.3,3,USA,169935.90000000002
O02603,2025-01-19,C128,P009,Jacket,Fashion,3015.71,1,UK,3015.71
O02603,2025-01-19,C128,P011,Rice 5kg,Groceries,379.71,3,India,1139.1299999999999
O02603,2025-01-19,C128,P014,Sugar 1kg,Groceries,53.5,2,Australia,107.0
O02603,2025-01-19,C128,P024,Dumbbells 5kg,Sports,1168.58,1,Australia,1168.58
O02604,2025-09-23,C155,P017,Pressure Cooker,Home & Kitchen,2150.75,1,Canada,2150.75
O02604,2025-09-23,C155,P025,Badminton Racket,Sports,819.79,2,Australia,1639.58
O02604,2025-09-23,C155,P021,Cricket Bat,Sports,1620.25,3,Australia,4860.75
O02604,2025-09-23,C155,P009,Jacket,Fashion,3005.51,2,UK,6011.02
O02605,2025-07-05,C146,P019,Bedsheet,Home & Kitchen,962.5,3,USA,2887.5
O02606,2025-01-31,C128,P022,Football,Sports,987.73,3,Australia,2963.19
O02606,2025-01-31,C128,P003,Headphones,Electronics,2551.61,1,USA,2551.61
O02607,2025-11-26,C181,P009,Jacket,Fashion,2929.18,3,UK,8787.539999999999
O02608,2025-01-11,C056,P011,Rice 5kg,Groceries,340.39,2,India,680.78
O02608,2025-01-11,C056,P017,Pressure Cooker,Home & Kitchen,2242.11,1,USA,2242.11
O02608,2025-01-11,C056,P001,Smartphone,Electronics,18956.01,1,India,18956.01
O02608,2025-01-11,C056,P020,Water Bottle,Home & Kitchen,259.71,2,Canada,519.42
O02608,2025-01-11,C056,P015,Tea 500g,Groceries,231.6,3,Australia,694.8
O02609,2025-01-16,C082,P019,Bedsheet,Home & Kitchen,857.82,2,Australia,1715.64
O02609,2025-01-16,C082,P021,Cricket Bat,Sports,1544.67,2,USA,3089.34
O02609,2025-01-16,C082,P007,Jeans,Fashion,1517.44,3,India,4552.32
O02610,2025-07-28,C185,P023,Yoga Mat,Sports,748.71,3,India,2246.13
O02610,2025-07-28,C185,P008,Sneakers,Fashion,2645.01,1,Canada,2645.01
O02611,2025-06-24,C136,P011,Rice 5kg,Groceries,368.39,1,UK,368.39
O02611,2025-06-24,C136,P017,Pressure Cooker,Home & Kitchen,2208.48,1,UK,2208.48
O02611,2025-06-24,C136,P021,Cricket Bat,Sports,1521.15,2,India,3042.3
O02611,2025-06-24,C136,P016,Mixer Grinder,Home & Kitchen,3437.96,2,Canada,6875.92
O02612,2025-04-25,C083,P005,Smartwatch,Electronics,6728.01,3,USA,20184.03
O02613,2025-10-01,C154,P012,Wheat Flour 5kg,Groceries,318.81,3,USA,956.4300000000001
O02613,2025-10-01,C154,P001,Smartphone,Electronics,18943.72,1,India,18943.72
O02614,2025-11-03,C017,P012,Wheat Flour 5kg,Groceries,317.07,2,India,634.14
O02614,2025-11-03,C017,P017,Pressure Cooker,Home & Kitchen,2294.29,3,Canada,6882.87
O02615,2025-10-14,C079,P020,Water Bottle,Home & Kitchen,257.15,3,UK,771.4499999999999
O02615,2025-10-14,C079,P004,Bluetooth Speaker,Electronics,3490.51,3,India,10471.53
O02615,2025-10-14,C079,P006,T-Shirt,Fashion,677.73,2,Canada,1355.46
O02615,2025-10-14,C079,P007,Jeans,Fashion,1636.53,1,Australia,1636.53
O02616,2025-09-27,C056,P024,Dumbbells 5kg,Sports,1266.35,3,India,3799.0499999999997
O02616,2025-09-27,C056,P018,Dinner Set,Home & Kitchen,2857.98,2,India,5715.96
O02616,2025-09-27,C056,P023,Yoga Mat,Sports,692.51,1,Australia,692.51
O02616,2025-09-27,C056,P009,Jacket,Fashion,3247.04,3,USA,9741.119999999999
O02617,2025-04-08,C124,P021,Cricket Bat,Sports,1560.62,2,UK,3121.24
O02617,2025-04-08,C124,P003,Headphones,Electronics,2443.99,3,UK,7331.969999999999
O02617,2025-04-08,C124,P005,Smartwatch,Electronics,7654.13,1,India,7654.13
O02617,2025-04-08,C124,P024,Dumbbells 5kg,Sports,1295.25,1,UK,1295.25
O02618,2025-07-19,C043,P007,Jeans,Fashion,1467.23,3,Australia,4401.6900000000005
O02619,2025-04-09,C079,P016,Mixer Grinder,Home & Kitchen,3359.98,1,USA,3359.98
O02620,2025-06-10,C003,P013,Cooking Oil 1L,Groceries,175.83,3,Canada,527.49
O02620,2025-06-10,C003,P009,Jacket,Fashion,2933.76,3,Canada,8801.28
O02621,2025-12-19,C033,P009,Jacket,Fashion,2985.81,3,UK,8957.43
O02621,2025-12-19,C033,P013,Cooking Oil 1L,Groceries,173.54,3,India,520.62
O02621,2025-12-19,C033,P007,Jeans,Fashion,1473.62,3,Canada,4420.86
O02621,2025-12-19,C033,P008,Sneakers,Fashion,2703.09,1,Canada,2703.09
O02622,2025-06-08,C005,P011,Rice 5kg,Groceries,334.41,1,UK,334.41
O02622,2025-06-08,C005,P010,Formal Shirt,Fashion,1274.26,1,UK,1274.26
O02622,2025-06-08,C005,P014,Sugar 1kg,Groceries,55.97,1,India,55.97
O02622,2025-06-08,C005,P018,Dinner Set,Home & Kitchen,2671.48,2,India,5342.96
O02623,2025-05-11,C002,P025,Badminton Racket,Sports,824.96,3,Canada,2474.88
O02623,2025-05-11,C002,P002,Laptop,Electronics,54316.87,1,USA,54316.87
O02624,2025-07-01,C113,P016,Mixer Grinder,Home & Kitchen,3361.54,3,USA,10084.619999999999
O02624,2025-07-01,C113,P007,Jeans,Fashion,1426.46,3,India,4279.38
O02625,2025-07-01,C141,P003,Headphones,Electronics,2549.75,2,USA,5099.5
O02625,2025-07-01,C141,P022,Football,Sports,891.04,3,UK,2673.12
O02625,2025-07-01,C141,P023,Yoga Mat,Sports,678.03,2,India,1356.06
O02626,2025-10-13,C167,P020,Water Bottle,Home & Kitchen,250.44,2,USA,500.88
O02626,2025-10-13,C167,P010,Formal Shirt,Fashion,1215.11,3,UK,3645.33
O02626,2025-10-13,C167,P002,Laptop,Electronics,58545.3,2,Australia,117090.6
O02626,2025-10-13,C167,P001,Smartphone,Electronics,18809.63,2,Canada,37619.26
O02626,2025-10-13,C167,P009,Jacket,Fashion,2866.6,2,Australia,5733.2
O02627,2025-11-26,C123,P009,Jacket,Fashion,3108.33,2,USA,6216.66
O02627,2025-11-26,C123,P007,Jeans,Fashion,1609.13,3,USA,4827.39
O02627,2025-11-26,C123,P015,Tea 500g,Groceries,216.22,2,USA,432.44
O02627,2025-11-26,C123,P005,Smartwatch,Electronics,7211.59,2,India,14423.18
O02628,2025-05-31,C187,P019,Bedsheet,Home & Kitchen,885.8,1,UK,885.8
O02628,2025-05-31,C187,P001,Smartphone,Electronics,19394.4,1,USA,19394.4
O02628,2025-05-31,C187,P018,Dinner Set,Home & Kitchen,2762.24,3,Canada,8286.72
O02628,2025-05-31,C187,P023,Yoga Mat,Sports,699.06,3,India,2097.18
O02629,2025-12-19,C195,P015,Tea 500g,Groceries,219.01,2,Canada,438.02
O02629,2025-12-19,C195,P023,Yoga Mat,Sports,698.28,3,UK,2094.84
O02630,2025-06-10,C057,P010,Formal Shirt,Fashion,1300.59,1,USA,1300.59
O02631,2025-06-14,C185,P020,Water Bottle,Home & Kitchen,243.95,3,USA,731.8499999999999
O02632,2025-07-23,C087,P002,Laptop,Electronics,59333.26,3,UK,177999.78
O02632,2025-07-23,C087,P015,Tea 500g,Groceries,237.43,2,UK,474.86
O02632,2025-07-23,C087,P017,Pressure Cooker,Home & Kitchen,2215.37,3,India,6646.11
O02632,2025-07-23,C087,P025,Badminton Racket,Sports,780.35,1,India,780.35
O02633,2025-02-26,C068,P016,Mixer Grinder,Home & Kitchen,3092.04,3,Canada,9276.119999999999
O02633,2025-02-26,C068,P024,Dumbbells 5kg,Sports,1276.23,1,Canada,1276.23
O02633,2025-02-26,C068,P001,Smartphone,Electronics,19789.24,2,India,39578.48
O02633,2025-02-26,C068,P011,Rice 5kg,Groceries,349.61,3,India,1048.83
O02634,2025-11-04,C004,P023,Yoga Mat,Sports,765.54,2,UK,1531.08
O02634,2025-11-04,C004,P020,Water Bottle,Home & Kitchen,270.51,1,UK,270.51
O02634,2025-11-04,C004,P019,Bedsheet,Home & Kitchen,910.14,1,USA,910.14
O02634,2025-11-04,C004,P011,Rice 5kg,Groceries,383.29,3,Australia,1149.8700000000001
O02634,2025-11-04,C004,P018,Dinner Set,Home & Kitchen,2993.32,3,Canada,8979.960000000001
O02635,2025-01-23,C010,P025,Badminton Racket,Sports,788.55,1,Australia,788.55
O02635,2025-01-23,C010,P014,Sugar 1kg,Groceries,56.36,2,UK,112.72
O02635,2025-01-23,C010,P019,Bedsheet,Home & Kitchen,905.19,2,Canada,1810.38
O02635,2025-01-23,C010,P011,Rice 5kg,Groceries,360.21,2,Canada,720.42
O02636,2025-11-16,C165,P018,Dinner Set,Home & Kitchen,2951.22,2,UK,5902.44
O02636,2025-11-16,C165,P010,Formal Shirt,Fashion,1226.29,1,UK,1226.29
O02636,2025-11-16,C165,P020,Water Bottle,Home & Kitchen,252.93,3,India,758.79
O02637,2025-02-18,C077,P017,Pressure Cooker,Home & Kitchen,2320.91,2,USA,4641.82
O02637,2025-02-18,C077,P022,Football,Sports,876.73,1,USA,876.73
O02637,2025-02-18,C077,P004,Bluetooth Speaker,Electronics,3584.87,3,Canada,10754.61
O02637,2025-02-18,C077,P024,Dumbbells 5kg,Sports,1201.11,2,Australia,2402.22
O02637,2025-02-18,C077,P023,Yoga Mat,Sports,677.19,3,India,2031.5700000000002
O02638,2025-08-14,C113,P014,Sugar 1kg,Groceries,58.24,1,UK,58.24
O02639,2025-10-26,C094,P016,Mixer Grinder,Home & Kitchen,3325.07,2,Australia,6650.14
O02639,2025-10-26,C094,P021,Cricket Bat,Sports,1566.26,1,UK,1566.26
O02639,2025-10-26,C094,P010,Formal Shirt,Fashion,1148.85,3,UK,3446.5499999999997
O02640,2025-12-04,C179,P025,Badminton Racket,Sports,872.81,3,Canada,2618.43
O02640,2025-12-04,C179,P016,Mixer Grinder,Home & Kitchen,3368.33,1,Canada,3368.33
O02641,2025-04-01,C093,P009,Jacket,Fashion,3233.02,2,UK,6466.04
O02641,2025-04-01,C093,P025,Badminton Racket,Sports,858.68,3,Australia,2576.04
O02641,2025-04-01,C093,P002,Laptop,Electronics,59520.94,3,India,178562.82
O02641,2025-04-01,C093,P017,Pressure Cooker,Home & Kitchen,2095.94,2,UK,4191.88
O02641,2025-04-01,C093,P021,Cricket Bat,Sports,1600.34,3,UK,4801.0199999999995
O02642,2025-01-27,C139,P011,Rice 5kg,Groceries,349.45,1,Canada,349.45
O02642,2025-01-27,C139,P007,Jeans,Fashion,1624.89,1,Australia,1624.89
O02642,2025-01-27,C139,P014,Sugar 1kg,Groceries,59.74,1,USA,59.74
O02642,2025-01-27,C139,P018,Dinner Set,Home & Kitchen,3075.26,2,India,6150.52
O02642,2025-01-27,C139,P013,Cooking Oil 1L,Groceries,157.22,1,UK,157.22
O02643,2025-01-26,C057,P011,Rice 5kg,Groceries,362.8,2,India,725.6
O02643,2025-01-26,C057,P021,Cricket Bat,Sports,1518.95,2,Australia,3037.9
O02643,2025-01-26,C057,P010,Formal Shirt,Fashion,1252.15,3,Canada,3756.4500000000003
O02643,2025-01-26,C057,P017,Pressure Cooker,Home & Kitchen,2095.6,2,Canada,4191.2
O02644,2025-09-11,C025,P013,Cooking Oil 1L,Groceries,153.08,1,Australia,153.08
O02644,2025-09-11,C025,P009,Jacket,Fashion,2880.19,1,UK,2880.19
O02644,2025-09-11,C025,P019,Bedsheet,Home & Kitchen,961.83,3,Canada,2885.4900000000002
O02645,2025-03-30,C080,P023,Yoga Mat,Sports,699.95,3,India,2099.8500000000004
O02646,2025-06-10,C004,P001,Smartphone,Electronics,19116.21,2,India,38232.42
O02647,2025-04-18,C085,P017,Pressure Cooker,Home & Kitchen,2198.7,2,India,4397.4
O02647,2025-04-18,C085,P021,Cricket Bat,Sports,1427.46,1,UK,1427.46
O02648,2025-12-25,C198,P014,Sugar 1kg,Groceries,53.29,3,India,159.87
O02649,2025-07-09,C162,P016,Mixer Grinder,Home & Kitchen,3287.73,1,India,3287.73
O02650,2025-07-25,C065,P025,Badminton Racket,Sports,819.77,3,Australia,2459.31
O02651,2025-06-11,C162,P021,Cricket Bat,Sports,1453.13,3,USA,4359.39
O02651,2025-06-11,C162,P023,Yoga Mat,Sports,682.59,2,UK,1365.18
O02652,2025-05-13,C136,P025,Badminton Racket,Sports,854.33,3,Australia,2562.9900000000002
O02652,2025-05-13,C136,P001,Smartphone,Electronics,17904.98,3,UK,53714.94
O02652,2025-05-13,C136,P003,Headphones,Electronics,2408.45,3,Australia,7225.349999999999
O02653,2025-07-27,C023,P018,Dinner Set,Home & Kitchen,3047.81,1,UK,3047.81
O02653,2025-07-27,C023,P003,Headphones,Electronics,2558.36,1,USA,2558.36
O02653,2025-07-27,C023,P012,Wheat Flour 5kg,Groceries,343.06,1,UK,343.06
O02653,2025-07-27,C023,P013,Cooking Oil 1L,Groceries,164.64,3,USA,493.91999999999996
O02654,2025-10-01,C178,P011,Rice 5kg,Groceries,355.35,1,USA,355.35
O02654,2025-10-01,C178,P014,Sugar 1kg,Groceries,53.24,2,Canada,106.48
O02655,2025-10-02,C167,P002,Laptop,Electronics,56051.28,2,USA,112102.56
O02655,2025-10-02,C167,P006,T-Shirt,Fashion,678.2,2,India,1356.4
O02655,2025-10-02,C167,P023,Yoga Mat,Sports,745.86,2,USA,1491.72
O02655,2025-10-02,C167,P007,Jeans,Fashion,1589.22,2,UK,3178.44
O02656,2025-07-14,C174,P005,Smartwatch,Electronics,7317.94,2,Canada,14635.88
O02656,2025-07-14,C174,P007,Jeans,Fashion,1456.46,1,UK,1456.46
O02656,2025-07-14,C174,P019,Bedsheet,Home & Kitchen,923.75,2,USA,1847.5
O02657,2025-10-26,C068,P008,Sneakers,Fashion,2389.5,2,India,4779.0
O02658,2025-12-14,C146,P015,Tea 500g,Groceries,238.39,3,Australia,715.17
O02658,2025-12-14,C146,P011,Rice 5kg,Groceries,354.75,1,UK,354.75
O02659,2025-01-21,C030,P006,T-Shirt,Fashion,734.56,3,UK,2203.68
O02659,2025-01-21,C030,P018,Dinner Set,Home & Kitchen,2813.46,2,India,5626.92
O02659,2025-01-21,C030,P016,Mixer Grinder,Home & Kitchen,3374.54,3,USA,10123.619999999999
O02659,2025-01-21,C030,P008,Sneakers,Fashion,2570.63,2,Canada,5141.26
O02660,2025-03-19,C136,P020,Water Bottle,Home & Kitchen,250.92,2,UK,501.84
O02660,2025-03-19,C136,P018,Dinner Set,Home & Kitchen,2796.87,3,India,8390.61
O02661,2025-02-16,C143,P015,Tea 500g,Groceries,231.92,3,UK,695.76
O02661,2025-02-16,C143,P023,Yoga Mat,Sports,766.2,1,Australia,766.2
O02661,2025-02-16,C143,P006,T-Shirt,Fashion,733.81,1,India,733.81
O02661,2025-02-16,C143,P025,Badminton Racket,Sports,877.25,1,Canada,877.25
O02662,2025-09-10,C137,P024,Dumbbells 5kg,Sports,1193.95,1,Canada,1193.95
O02663,2025-06-04,C035,P005,Smartwatch,Electronics,7684.46,2,India,15368.92
O02663,2025-06-04,C035,P015,Tea 500g,Groceries,224.08,1,USA,224.08
O02663,2025-06-04,C035,P013,Cooking Oil 1L,Groceries,160.77,1,India,160.77
O02663,2025-06-04,C035,P001,Smartphone,Electronics,19318.62,1,Canada,19318.62
O02663,2025-06-04,C035,P022,Football,Sports,925.72,3,India,2777.16
O02664,2025-07-06,C075,P011,Rice 5kg,Groceries,335.74,3,UK,1007.22
O02664,2025-07-06,C075,P007,Jeans,Fashion,1586.81,3,Canada,4760.43
O02665,2025-01-24,C016,P017,Pressure Cooker,Home & Kitchen,2411.93,2,India,4823.86
O02665,2025-01-24,C016,P016,Mixer Grinder,Home & Kitchen,3391.55,1,India,3391.55
O02665,2025-01-24,C016,P003,Headphones,Electronics,2622.15,3,UK,7866.450000000001
O02665,2025-01-24,C016,P012,Wheat Flour 5kg,Groceries,315.52,2,USA,631.04
O02666,2025-06-27,C189,P015,Tea 500g,Groceries,212.2,2,UK,424.4
O02666,2025-06-27,C189,P018,Dinner Set,Home & Kitchen,2828.48,2,Canada,5656.96
O02667,2025-11-14,C147,P022,Football,Sports,903.03,3,Australia,2709.09
O02667,2025-11-14,C147,P007,Jeans,Fashion,1485.37,3,Australia,4456.11
O02667,2025-11-14,C147,P010,Formal Shirt,Fashion,1248.71,1,UK,1248.71
O02668,2025-04-04,C073,P020,Water Bottle,Home & Kitchen,261.06,1,India,261.06
O02668,2025-04-04,C073,P019,Bedsheet,Home & Kitchen,861.67,2,India,1723.34
O02668,2025-04-04,C073,P023,Yoga Mat,Sports,761.07,3,India,2283.21
O02669,2025-05-04,C053,P011,Rice 5kg,Groceries,334.49,3,India,1003.47
O02669,2025-05-04,C053,P023,Yoga Mat,Sports,700.73,2,Australia,1401.46
O02670,2025-01-26,C130,P015,Tea 500g,Groceries,216.61,2,India,433.22
O02670,2025-01-26,C130,P004,Bluetooth Speaker,Electronics,3723.0,2,Canada,7446.0
O02670,2025-01-26,C130,P022,Football,Sports,966.83,1,Canada,966.83
O02670,2025-01-26,C130,P008,Sneakers,Fashion,2502.54,2,USA,5005.08
O02671,2025-11-09,C199,P025,Badminton Racket,Sports,782.86,3,UK,2348.58
O02672,2025-04-11,C036,P015,Tea 500g,Groceries,239.82,3,Australia,719.46
O02672,2025-04-11,C036,P001,Smartphone,Electronics,17882.3,2,Canada,35764.6
O02672,2025-04-11,C036,P021,Cricket Bat,Sports,1643.69,2,UK,3287.38
O02673,2025-11-07,C197,P003,Headphones,Electronics,2564.22,2,UK,5128.44
O02673,2025-11-07,C197,P012,Wheat Flour 5kg,Groceries,312.8,3,Australia,938.4000000000001
O02673,2025-11-07,C197,P008,Sneakers,Fashion,2701.62,3,Canada,8104.86
O02673,2025-11-07,C197,P018,Dinner Set,Home & Kitchen,2873.66,2,India,5747.32
O02674,2025-11-03,C007,P017,Pressure Cooker,Home & Kitchen,2204.8,3,USA,6614.400000000001
O02674,2025-11-03,C007,P008,Sneakers,Fashion,2395.36,1,India,2395.36
O02674,2025-11-03,C007,P013,Cooking Oil 1L,Groceries,166.56,3,UK,499.68
O02674,2025-11-03,C007,P006,T-Shirt,Fashion,690.71,3,Australia,2072.13
O02675,2025-12-12,C037,P007,Jeans,Fashion,1443.6,3,Australia,4330.799999999999
O02675,2025-12-12,C037,P011,Rice 5kg,Groceries,339.72,2,USA,679.44
O02675,2025-12-12,C037,P019,Bedsheet,Home & Kitchen,939.46,1,India,939.46
O02675,2025-12-12,C037,P010,Formal Shirt,Fashion,1176.13,2,USA,2352.26
O02675,2025-12-12,C037,P025,Badminton Racket,Sports,801.09,3,Canada,2403.27
O02676,2025-12-25,C096,P017,Pressure Cooker,Home & Kitchen,2360.2,2,India,4720.4
O02677,2025-05-30,C124,P004,Bluetooth Speaker,Electronics,3779.35,3,UK,11338.05
O02677,2025-05-30,C124,P023,Yoga Mat,Sports,739.82,1,UK,739.82
O02677,2025-05-30,C124,P024,Dumbbells 5kg,Sports,1218.75,2,India,2437.5
O02678,2025-07-21,C029,P005,Smartwatch,Electronics,7118.59,2,USA,14237.18
O02679,2025-06-24,C153,P011,Rice 5kg,Groceries,367.72,3,Canada,1103.16
O02679,2025-06-24,C153,P021,Cricket Bat,Sports,1510.76,2,Canada,3021.52
O02679,2025-06-24,C153,P025,Badminton Racket,Sports,784.63,3,India,2353.89
O02680,2025-11-24,C199,P006,T-Shirt,Fashion,695.06,3,India,2085.18
O02680,2025-11-24,C199,P020,Water Bottle,Home & Kitchen,255.57,3,Australia,766.71
O02680,2025-11-24,C199,P025,Badminton Racket,Sports,854.01,1,USA,854.01
O02680,2025-11-24,C199,P015,Tea 500g,Groceries,220.44,3,Australia,661.3199999999999
O02680,2025-11-24,C199,P024,Dumbbells 5kg,Sports,1315.62,1,UK,1315.62
O02681,2025-08-28,C005,P001,Smartphone,Electronics,18222.11,2,UK,36444.22
O02682,2025-06-06,C028,P017,Pressure Cooker,Home & Kitchen,2235.56,1,Canada,2235.56
O02682,2025-06-06,C028,P021,Cricket Bat,Sports,1440.86,3,UK,4322.58
O02682,2025-06-06,C028,P022,Football,Sports,859.27,1,Australia,859.27
O02682,2025-06-06,C028,P007,Jeans,Fashion,1599.39,2,UK,3198.78
O02683,2025-03-22,C171,P015,Tea 500g,Groceries,225.93,1,India,225.93
O02683,2025-03-22,C171,P020,Water Bottle,Home & Kitchen,243.06,3,Canada,729.1800000000001
O02684,2025-10-23,C179,P022,Football,Sports,897.82,2,UK,1795.64
O02685,2025-10-07,C046,P024,Dumbbells 5kg,Sports,1226.28,2,UK,2452.56
O02685,2025-10-07,C046,P020,Water Bottle,Home & Kitchen,243.76,3,Australia,731.28
O02686,2025-01-01,C078,P013,Cooking Oil 1L,Groceries,171.52,3,Canada,514.5600000000001
O02686,2025-01-01,C078,P024,Dumbbells 5kg,Sports,1231.23,3,India,3693.69
O02687,2025-04-10,C176,P005,Smartwatch,Electronics,7654.51,1,UK,7654.51
O02687,2025-04-10,C176,P006,T-Shirt,Fashion,724.83,2,USA,1449.66
O02687,2025-04-10,C176,P008,Sneakers,Fashion,2418.1,3,UK,7254.299999999999
O02687,2025-04-10,C176,P024,Dumbbells 5kg,Sports,1193.6,2,Canada,2387.2
O02688,2025-10-11,C173,P015,Tea 500g,Groceries,231.49,3,UK,694.47
O02688,2025-10-11,C173,P023,Yoga Mat,Sports,672.62,2,Canada,1345.24
O02688,2025-10-11,C173,P017,Pressure Cooker,Home & Kitchen,2374.8,2,UK,4749.6
O02689,2025-03-09,C100,P002,Laptop,Electronics,60327.29,3,India,180981.87
O02690,2025-12-19,C192,P022,Football,Sports,906.45,3,India,2719.3500000000004
O02690,2025-12-19,C192,P004,Bluetooth Speaker,Electronics,3383.89,3,Australia,10151.67
O02690,2025-12-19,C192,P002,Laptop,Electronics,54580.36,1,India,54580.36
O02690,2025-12-19,C192,P006,T-Shirt,Fashion,686.39,2,India,1372.78
O02691,2025-09-01,C079,P004,Bluetooth Speaker,Electronics,3406.17,1,UK,3406.17
O02691,2025-09-01,C079,P025,Badminton Racket,Sports,806.76,2,UK,1613.52
O02691,2025-09-01,C079,P018,Dinner Set,Home & Kitchen,2988.44,2,India,5976.88
O02691,2025-09-01,C079,P012,Wheat Flour 5kg,Groceries,311.69,2,USA,623.38
O02691,2025-09-01,C079,P021,Cricket Bat,Sports,1595.0,3,Canada,4785.0
O02692,2025-01-13,C049,P013,Cooking Oil 1L,Groceries,158.8,2,UK,317.6
O02692,2025-01-13,C049,P017,Pressure Cooker,Home & Kitchen,2091.04,2,Australia,4182.08
O02692,2025-01-13,C049,P020,Water Bottle,Home & Kitchen,266.9,2,USA,533.8
O02693,2025-06-27,C074,P019,Bedsheet,Home & Kitchen,885.65,2,UK,1771.3
O02693,2025-06-27,C074,P006,T-Shirt,Fashion,701.38,3,Australia,2104.14
O02693,2025-06-27,C074,P015,Tea 500g,Groceries,227.4,3,India,682.2
O02693,2025-06-27,C074,P012,Wheat Flour 5kg,Groceries,327.84,3,Australia,983.52
O02694,2025-01-18,C027,P007,Jeans,Fashion,1643.12,1,USA,1643.12
O02694,2025-01-18,C027,P003,Headphones,Electronics,2698.95,1,UK,2698.95
O02694,2025-01-18,C027,P013,Cooking Oil 1L,Groceries,162.84,1,UK,162.84
O02694,2025-01-18,C027,P014,Sugar 1kg,Groceries,60.02,1,India,60.02
O02695,2025-08-30,C124,P006,T-Shirt,Fashion,729.65,1,Canada,729.65
O02695,2025-08-30,C124,P022,Football,Sports,919.22,3,Australia,2757.66
O02696,2025-07-24,C153,P015,Tea 500g,Groceries,236.14,2,USA,472.28
O02696,2025-07-24,C153,P011,Rice 5kg,Groceries,374.45,3,India,1123.35
O02696,2025-07-24,C153,P022,Football,Sports,939.89,3,USA,2819.67
O02696,2025-07-24,C153,P009,Jacket,Fashion,3270.29,2,Australia,6540.58
O02696,2025-07-24,C153,P014,Sugar 1kg,Groceries,59.61,3,India,178.82999999999998
O02697,2025-08-01,C179,P015,Tea 500g,Groceries,227.01,3,Australia,681.03
O02697,2025-08-01,C179,P002,Laptop,Electronics,60147.53,3,Australia,180442.59
O02697,2025-08-01,C179,P019,Bedsheet,Home & Kitchen,968.59,3,Canada,2905.77
O02697,2025-08-01,C179,P018,Dinner Set,Home & Kitchen,2976.0,1,Australia,2976.0
O02698,2025-07-02,C200,P013,Cooking Oil 1L,Groceries,171.14,2,USA,342.28
O02698,2025-07-02,C200,P004,Bluetooth Speaker,Electronics,3772.25,1,UK,3772.25
O02698,2025-07-02,C200,P014,Sugar 1kg,Groceries,59.63,3,Australia,178.89000000000001
O02698,2025-07-02,C200,P024,Dumbbells 5kg,Sports,1281.46,1,Australia,1281.46
O02698,2025-07-02,C200,P012,Wheat Flour 5kg,Groceries,345.52,1,India,345.52
O02699,2025-11-28,C193,P011,Rice 5kg,Groceries,343.13,1,USA,343.13
O02700,2025-08-05,C090,P010,Formal Shirt,Fashion,1194.84,2,Canada,2389.68
O02700,2025-08-05,C090,P015,Tea 500g,Groceries,226.41,3,India,679.23
O02700,2025-08-05,C090,P004,Bluetooth Speaker,Electronics,3818.54,3,Canada,11455.619999999999
O02701,2025-07-27,C182,P015,Tea 500g,Groceries,225.17,2,UK,450.34
O02702,2025-06-21,C065,P023,Yoga Mat,Sports,730.84,1,Australia,730.84
O02702,2025-06-21,C065,P014,Sugar 1kg,Groceries,52.7,2,India,105.4
O02703,2025-08-19,C099,P025,Badminton Racket,Sports,821.22,3,Canada,2463.66
O02704,2025-01-22,C148,P021,Cricket Bat,Sports,1451.0,1,Australia,1451.0
O02704,2025-01-22,C148,P003,Headphones,Electronics,2636.53,2,Canada,5273.06
O02704,2025-01-22,C148,P018,Dinner Set,Home & Kitchen,3018.66,1,Australia,3018.66
O02704,2025-01-22,C148,P014,Sugar 1kg,Groceries,54.64,2,UK,109.28
O02704,2025-01-22,C148,P013,Cooking Oil 1L,Groceries,171.62,3,Australia,514.86
O02705,2025-11-18,C187,P010,Formal Shirt,Fashion,1145.39,3,Canada,3436.17
O02705,2025-11-18,C187,P002,Laptop,Electronics,55669.36,3,USA,167008.08000000002
O02705,2025-11-18,C187,P025,Badminton Racket,Sports,763.98,3,India,2291.94
O02705,2025-11-18,C187,P020,Water Bottle,Home & Kitchen,245.76,1,Canada,245.76
O02706,2025-09-03,C037,P013,Cooking Oil 1L,Groceries,155.67,3,India,467.01
O02706,2025-09-03,C037,P012,Wheat Flour 5kg,Groceries,334.41,1,UK,334.41
O02706,2025-09-03,C037,P002,Laptop,Electronics,60194.93,3,India,180584.79
O02707,2025-09-22,C119,P013,Cooking Oil 1L,Groceries,152.21,3,USA,456.63
O02707,2025-09-22,C119,P011,Rice 5kg,Groceries,334.88,2,Australia,669.76
O02707,2025-09-22,C119,P015,Tea 500g,Groceries,214.91,3,USA,644.73
O02708,2025-11-10,C196,P004,Bluetooth Speaker,Electronics,3845.71,1,Canada,3845.71
O02708,2025-11-10,C196,P021,Cricket Bat,Sports,1552.11,3,Canada,4656.33
O02708,2025-11-10,C196,P007,Jeans,Fashion,1427.62,2,Australia,2855.24
O02708,2025-11-10,C196,P009,Jacket,Fashion,2993.99,1,India,2993.99
O02709,2025-03-07,C077,P018,Dinner Set,Home & Kitchen,2696.06,3,India,8088.18
O02710,2025-02-15,C085,P007,Jeans,Fashion,1632.28,2,Canada,3264.56
O02710,2025-02-15,C085,P001,Smartphone,Electronics,18290.2,3,UK,54870.600000000006
O02711,2025-08-06,C182,P003,Headphones,Electronics,2589.4,1,USA,2589.4
O02711,2025-08-06,C182,P011,Rice 5kg,Groceries,383.52,2,UK,767.04
O02712,2025-03-02,C093,P006,T-Shirt,Fashion,714.35,1,Canada,714.35
O02712,2025-03-02,C093,P009,Jacket,Fashion,3023.53,1,USA,3023.53
O02712,2025-03-02,C093,P017,Pressure Cooker,Home & Kitchen,2370.03,2,India,4740.06
O02712,2025-03-02,C093,P007,Jeans,Fashion,1583.97,1,Canada,1583.97
O02712,2025-03-02,C093,P016,Mixer Grinder,Home & Kitchen,3104.85,3,Australia,9314.55
O02713,2025-11-26,C116,P021,Cricket Bat,Sports,1541.36,2,Australia,3082.72
O02714,2025-07-31,C192,P003,Headphones,Electronics,2704.39,3,Canada,8113.17
O02715,2025-09-19,C172,P025,Badminton Racket,Sports,837.32,2,UK,1674.64
O02715,2025-09-19,C172,P008,Sneakers,Fashion,2402.06,3,India,7206.18
O02716,2025-09-22,C001,P011,Rice 5kg,Groceries,341.9,1,UK,341.9
O02716,2025-09-22,C001,P007,Jeans,Fashion,1627.56,3,Canada,4882.68
O02716,2025-09-22,C001,P002,Laptop,Electronics,57540.93,2,USA,115081.86
O02716,2025-09-22,C001,P018,Dinner Set,Home & Kitchen,2801.58,1,USA,2801.58
O02716,2025-09-22,C001,P005,Smartwatch,Electronics,6924.54,1,Canada,6924.54
O02717,2025-05-25,C105,P017,Pressure Cooker,Home & Kitchen,2156.24,2,USA,4312.48
O02718,2025-09-24,C019,P007,Jeans,Fashion,1495.57,3,India,4486.71
O02718,2025-09-24,C019,P016,Mixer Grinder,Home & Kitchen,3439.3,2,Canada,6878.6
O02719,2025-11-16,C101,P008,Sneakers,Fashion,2723.19,3,India,8169.57
O02719,2025-11-16,C101,P020,Water Bottle,Home & Kitchen,265.58,2,India,531.16
O02719,2025-11-16,C101,P016,Mixer Grinder,Home & Kitchen,3155.77,2,India,6311.54
O02719,2025-11-16,C101,P007,Jeans,Fashion,1487.2,2,India,2974.4
O02719,2025-11-16,C101,P006,T-Shirt,Fashion,723.88,2,Australia,1447.76
O02720,2025-10-14,C118,P017,Pressure Cooker,Home & Kitchen,2352.25,2,Australia,4704.5
O02720,2025-10-14,C118,P007,Jeans,Fashion,1433.54,3,Australia,4300.62
O02720,2025-10-14,C118,P013,Cooking Oil 1L,Groceries,165.36,3,USA,496.08000000000004
O02721,2025-09-26,C065,P015,Tea 500g,Groceries,212.88,1,USA,212.88
O02722,2025-07-08,C007,P001,Smartphone,Electronics,19354.81,3,Canada,58064.43000000001
O02722,2025-07-08,C007,P010,Formal Shirt,Fashion,1161.34,2,USA,2322.68
O02722,2025-07-08,C007,P011,Rice 5kg,Groceries,332.96,2,Canada,665.92
O02722,2025-07-08,C007,P015,Tea 500g,Groceries,234.03,3,India,702.09
O02723,2025-07-20,C034,P014,Sugar 1kg,Groceries,59.29,1,UK,59.29
O02723,2025-07-20,C034,P016,Mixer Grinder,Home & Kitchen,3395.76,2,Australia,6791.52
O02723,2025-07-20,C034,P010,Formal Shirt,Fashion,1240.78,1,USA,1240.78
O02723,2025-07-20,C034,P023,Yoga Mat,Sports,697.19,1,UK,697.19
O02724,2025-12-02,C069,P023,Yoga Mat,Sports,682.78,2,USA,1365.56
O02724,2025-12-02,C069,P008,Sneakers,Fashion,2605.45,1,India,2605.45
O02724,2025-12-02,C069,P005,Smartwatch,Electronics,6907.28,1,Canada,6907.28
O02724,2025-12-02,C069,P012,Wheat Flour 5kg,Groceries,312.32,3,UK,936.96
O02724,2025-12-02,C069,P022,Football,Sports,942.64,2,India,1885.28
O02725,2025-03-07,C003,P022,Football,Sports,944.19,2,UK,1888.38
O02725,2025-03-07,C003,P021,Cricket Bat,Sports,1617.24,2,India,3234.48
O02725,2025-03-07,C003,P012,Wheat Flour 5kg,Groceries,345.87,2,Australia,691.74
O02725,2025-03-07,C003,P017,Pressure Cooker,Home & Kitchen,2334.99,2,USA,4669.98
O02726,2025-12-18,C111,P010,Formal Shirt,Fashion,1293.88,1,Australia,1293.88
O02726,2025-12-18,C111,P015,Tea 500g,Groceries,241.05,2,UK,482.1
O02726,2025-12-18,C111,P023,Yoga Mat,Sports,746.62,2,India,1493.24
O02726,2025-12-18,C111,P001,Smartphone,Electronics,18579.94,3,Australia,55739.81999999999
O02727,2025-08-26,C073,P005,Smartwatch,Electronics,7038.86,3,USA,21116.579999999998
O02727,2025-08-26,C073,P020,Water Bottle,Home & Kitchen,260.5,3,UK,781.5
O02727,2025-08-26,C073,P016,Mixer Grinder,Home & Kitchen,3144.0,3,Australia,9432.0
O02728,2025-11-23,C154,P014,Sugar 1kg,Groceries,58.33,2,USA,116.66
O02728,2025-11-23,C154,P018,Dinner Set,Home & Kitchen,2827.33,1,UK,2827.33
O02728,2025-11-23,C154,P012,Wheat Flour 5kg,Groceries,324.42,2,UK,648.84
O02728,2025-11-23,C154,P024,Dumbbells 5kg,Sports,1164.64,2,Australia,2329.28
O02729,2025-07-29,C173,P016,Mixer Grinder,Home & Kitchen,3040.42,1,USA,3040.42
O02729,2025-07-29,C173,P006,T-Shirt,Fashion,684.07,2,UK,1368.14
O02729,2025-07-29,C173,P022,Football,Sports,920.33,2,USA,1840.66
O02729,2025-07-29,C173,P013,Cooking Oil 1L,Groceries,153.11,3,India,459.33000000000004
O02729,2025-07-29,C173,P018,Dinner Set,Home & Kitchen,3051.56,1,Canada,3051.56
O02730,2025-09-22,C130,P023,Yoga Mat,Sports,673.59,1,UK,673.59
O02730,2025-09-22,C130,P002,Laptop,Electronics,58328.93,1,Canada,58328.93
O02730,2025-09-22,C130,P022,Football,Sports,922.28,3,USA,2766.84
O02730,2025-09-22,C130,P013,Cooking Oil 1L,Groceries,152.69,3,India,458.07
O02730,2025-09-22,C130,P003,Headphones,Electronics,2393.87,2,Canada,4787.74
O02731,2025-01-27,C055,P015,Tea 500g,Groceries,226.49,3,Australia,679.47
O02732,2025-06-30,C151,P002,Laptop,Electronics,56049.74,2,Australia,112099.48
O02732,2025-06-30,C151,P013,Cooking Oil 1L,Groceries,160.26,1,Australia,160.26
O02732,2025-06-30,C151,P022,Football,Sports,916.87,2,UK,1833.74
O02733,2025-01-29,C162,P005,Smartwatch,Electronics,7422.4,1,Australia,7422.4
O02733,2025-01-29,C162,P021,Cricket Bat,Sports,1486.06,3,Canada,4458.18
O02733,2025-01-29,C162,P013,Cooking Oil 1L,Groceries,161.15,1,India,161.15
O02733,2025-01-29,C162,P010,Formal Shirt,Fashion,1227.43,2,Canada,2454.86
O02734,2025-02-19,C057,P018,Dinner Set,Home & Kitchen,2969.25,3,India,8907.75
O02734,2025-02-19,C057,P023,Yoga Mat,Sports,684.33,3,Australia,2052.9900000000002
O02735,2025-09-25,C048,P005,Smartwatch,Electronics,6744.24,3,Australia,20232.72
O02735,2025-09-25,C048,P002,Laptop,Electronics,56106.04,2,Canada,112212.08
O02735,2025-09-25,C048,P020,Water Bottle,Home & Kitchen,267.8,1,UK,267.8
O02736,2025-01-21,C058,P021,Cricket Bat,Sports,1569.59,2,USA,3139.18
O02736,2025-01-21,C058,P015,Tea 500g,Groceries,241.76,1,USA,241.76
O02736,2025-01-21,C058,P014,Sugar 1kg,Groceries,53.45,3,Australia,160.35000000000002
O02737,2025-09-14,C122,P023,Yoga Mat,Sports,667.97,3,Australia,2003.91
O02737,2025-09-14,C122,P022,Football,Sports,963.31,1,Canada,963.31
O02737,2025-09-14,C122,P025,Badminton Racket,Sports,852.5,2,Canada,1705.0
O02737,2025-09-14,C122,P009,Jacket,Fashion,3294.22,3,UK,9882.66
O02737,2025-09-14,C122,P003,Headphones,Electronics,2384.79,2,Canada,4769.58
O02738,2025-02-05,C087,P018,Dinner Set,Home & Kitchen,2989.18,2,India,5978.36
O02738,2025-02-05,C087,P012,Wheat Flour 5kg,Groceries,321.57,2,Canada,643.14
O02739,2025-03-02,C169,P010,Formal Shirt,Fashion,1176.74,1,UK,1176.74
O02739,2025-03-02,C169,P025,Badminton Racket,Sports,873.68,1,India,873.68
O02739,2025-03-02,C169,P015,Tea 500g,Groceries,212.83,3,India,638.49
O02739,2025-03-02,C169,P021,Cricket Bat,Sports,1540.48,1,Canada,1540.48
O02739,2025-03-02,C169,P001,Smartphone,Electronics,18950.26,3,India,56850.78
O02740,2025-08-06,C177,P024,Dumbbells 5kg,Sports,1217.99,3,India,3653.9700000000003
O02740,2025-08-06,C177,P004,Bluetooth Speaker,Electronics,3741.07,2,UK,7482.14
O02740,2025-08-06,C177,P003,Headphones,Electronics,2399.99,1,India,2399.99
O02740,2025-08-06,C177,P008,Sneakers,Fashion,2721.58,3,UK,8164.74
O02740,2025-08-06,C177,P025,Badminton Racket,Sports,791.49,3,India,2374.4700000000003
O02741,2025-02-02,C078,P003,Headphones,Electronics,2744.39,1,USA,2744.39
O02741,2025-02-02,C078,P002,Laptop,Electronics,52498.44,2,Australia,104996.88
O02742,2025-08-19,C097,P023,Yoga Mat,Sports,701.51,3,USA,2104.5299999999997
O02742,2025-08-19,C097,P024,Dumbbells 5kg,Sports,1182.87,3,UK,3548.6099999999997
O02742,2025-08-19,C097,P020,Water Bottle,Home & Kitchen,249.17,2,Australia,498.34
O02742,2025-08-19,C097,P016,Mixer Grinder,Home & Kitchen,3094.37,2,Australia,6188.74
O02742,2025-08-19,C097,P009,Jacket,Fashion,3081.76,1,USA,3081.76
O02743,2025-06-11,C042,P009,Jacket,Fashion,3022.28,2,Australia,6044.56
O02743,2025-06-11,C042,P004,Bluetooth Speaker,Electronics,3560.59,1,Canada,3560.59
O02743,2025-06-11,C042,P011,Rice 5kg,Groceries,371.18,1,UK,371.18
O02743,2025-06-11,C042,P006,T-Shirt,Fashion,723.74,3,USA,2171.2200000000003
O02743,2025-06-11,C042,P023,Yoga Mat,Sports,685.73,3,India,2057.19
O02744,2025-11-12,C150,P016,Mixer Grinder,Home & Kitchen,3362.78,2,USA,6725.56
O02744,2025-11-12,C150,P025,Badminton Racket,Sports,783.16,2,India,1566.32
O02744,2025-11-12,C150,P012,Wheat Flour 5kg,Groceries,323.81,1,UK,323.81
O02744,2025-11-12,C150,P018,Dinner Set,Home & Kitchen,2991.71,3,Canada,8975.130000000001
O02745,2025-05-18,C118,P019,Bedsheet,Home & Kitchen,865.69,1,India,865.69
O02745,2025-05-18,C118,P021,Cricket Bat,Sports,1503.47,1,UK,1503.47
O02745,2025-05-18,C118,P023,Yoga Mat,Sports,756.72,1,Australia,756.72
O02745,2025-05-18,C118,P012,Wheat Flour 5kg,Groceries,311.49,2,India,622.98
O02746,2025-03-11,C116,P025,Badminton Racket,Sports,781.32,3,Canada,2343.96
O02746,2025-03-11,C116,P011,Rice 5kg,Groceries,376.02,3,Australia,1128.06
O02747,2025-07-08,C073,P013,Cooking Oil 1L,Groceries,152.83,1,India,152.83
O02747,2025-07-08,C073,P008,Sneakers,Fashion,2492.42,2,USA,4984.84
O02748,2025-06-27,C095,P016,Mixer Grinder,Home & Kitchen,3142.68,1,UK,3142.68
O02748,2025-06-27,C095,P013,Cooking Oil 1L,Groceries,163.68,3,India,491.04
O02748,2025-06-27,C095,P021,Cricket Bat,Sports,1550.33,3,India,4650.99
O02749,2025-09-24,C114,P019,Bedsheet,Home & Kitchen,981.87,1,UK,981.87
O02750,2025-02-06,C080,P020,Water Bottle,Home & Kitchen,264.34,3,USA,793.02
O02750,2025-02-06,C080,P019,Bedsheet,Home & Kitchen,865.16,3,Australia,2595.48
O02750,2025-02-06,C080,P004,Bluetooth Speaker,Electronics,3550.32,3,USA,10650.960000000001
O02751,2025-05-12,C108,P013,Cooking Oil 1L,Groceries,161.67,2,Australia,323.34
O02752,2025-03-17,C189,P016,Mixer Grinder,Home & Kitchen,3139.42,3,Canada,9418.26
O02752,2025-03-17,C189,P013,Cooking Oil 1L,Groceries,158.5,3,India,475.5
O02752,2025-03-17,C189,P012,Wheat Flour 5kg,Groceries,342.55,3,USA,1027.65
O02753,2025-09-03,C108,P004,Bluetooth Speaker,Electronics,3511.48,3,Canada,10534.44
O02753,2025-09-03,C108,P003,Headphones,Electronics,2634.21,2,India,5268.42
O02754,2025-12-17,C138,P019,Bedsheet,Home & Kitchen,982.8,2,UK,1965.6
O02754,2025-12-17,C138,P018,Dinner Set,Home & Kitchen,2976.21,2,UK,5952.42
O02754,2025-12-17,C138,P006,T-Shirt,Fashion,683.94,1,UK,683.94
O02755,2025-03-21,C097,P014,Sugar 1kg,Groceries,56.07,2,UK,112.14
O02755,2025-03-21,C097,P023,Yoga Mat,Sports,767.19,1,Australia,767.19
O02755,2025-03-21,C097,P015,Tea 500g,Groceries,223.81,1,UK,223.81
O02755,2025-03-21,C097,P017,Pressure Cooker,Home & Kitchen,2335.66,3,USA,7006.98
O02755,2025-03-21,C097,P012,Wheat Flour 5kg,Groceries,328.98,1,Australia,328.98
O02756,2025-10-28,C150,P003,Headphones,Electronics,2612.82,1,India,2612.82
O02757,2025-10-28,C171,P023,Yoga Mat,Sports,703.69,3,Australia,2111.07
O02757,2025-10-28,C171,P009,Jacket,Fashion,3044.4,1,Canada,3044.4
O02757,2025-10-28,C171,P016,Mixer Grinder,Home & Kitchen,3130.03,1,India,3130.03
O02757,2025-10-28,C171,P002,Laptop,Electronics,58262.92,3,USA,174788.76
O02758,2025-06-08,C142,P024,Dumbbells 5kg,Sports,1288.77,2,India,2577.54
O02759,2025-06-22,C055,P011,Rice 5kg,Groceries,382.67,1,India,382.67
O02759,2025-06-22,C055,P021,Cricket Bat,Sports,1606.99,1,Australia,1606.99
O02759,2025-06-22,C055,P006,T-Shirt,Fashion,762.41,1,Canada,762.41
O02759,2025-06-22,C055,P010,Formal Shirt,Fashion,1161.83,3,UK,3485.49
O02759,2025-06-22,C055,P014,Sugar 1kg,Groceries,59.79,2,UK,119.58
O02760,2025-06-01,C174,P020,Water Bottle,Home & Kitchen,259.2,3,Canada,777.5999999999999
O02761,2025-11-23,C147,P010,Formal Shirt,Fashion,1140.96,2,USA,2281.92
O02762,2025-11-19,C128,P017,Pressure Cooker,Home & Kitchen,2282.21,2,Australia,4564.42
O02762,2025-11-19,C128,P021,Cricket Bat,Sports,1584.63,2,USA,3169.26
O02762,2025-11-19,C128,P014,Sugar 1kg,Groceries,56.52,1,USA,56.52
O02762,2025-11-19,C128,P013,Cooking Oil 1L,Groceries,154.54,3,UK,463.62
O02763,2025-10-15,C092,P007,Jeans,Fashion,1508.9,2,India,3017.8
O02763,2025-10-15,C092,P012,Wheat Flour 5kg,Groceries,328.23,3,USA,984.69
O02763,2025-10-15,C092,P001,Smartphone,Electronics,19141.75,3,Canada,57425.25
O02763,2025-10-15,C092,P004,Bluetooth Speaker,Electronics,3625.89,2,UK,7251.78
O02764,2025-11-03,C015,P001,Smartphone,Electronics,19251.94,3,India,57755.81999999999
O02764,2025-11-03,C015,P024,Dumbbells 5kg,Sports,1140.77,3,UK,3422.31
O02764,2025-11-03,C015,P018,Dinner Set,Home & Kitchen,2964.03,3,Australia,8892.09
O02764,2025-11-03,C015,P003,Headphones,Electronics,2499.34,2,India,4998.68
O02765,2025-04-22,C046,P003,Headphones,Electronics,2505.46,3,UK,7516.38
O02765,2025-04-22,C046,P022,Football,Sports,969.24,1,India,969.24
O02765,2025-04-22,C046,P005,Smartwatch,Electronics,7123.76,2,India,14247.52
O02766,2025-06-27,C066,P003,Headphones,Electronics,2496.79,1,India,2496.79
O02766,2025-06-27,C066,P020,Water Bottle,Home & Kitchen,269.1,2,UK,538.2
O02766,2025-06-27,C066,P025,Badminton Racket,Sports,834.1,3,USA,2502.3
O02767,2025-11-14,C060,P012,Wheat Flour 5kg,Groceries,324.52,3,UK,973.56
O02767,2025-11-14,C060,P011,Rice 5kg,Groceries,346.25,2,Australia,692.5
O02767,2025-11-14,C060,P022,Football,Sports,869.84,2,India,1739.68
O02768,2025-09-07,C187,P021,Cricket Bat,Sports,1542.03,2,Australia,3084.06
O02768,2025-09-07,C187,P004,Bluetooth Speaker,Electronics,3499.12,1,Canada,3499.12
O02768,2025-09-07,C187,P005,Smartwatch,Electronics,6772.68,2,USA,13545.36
O02768,2025-09-07,C187,P003,Headphones,Electronics,2587.23,1,USA,2587.23
O02769,2025-05-11,C059,P012,Wheat Flour 5kg,Groceries,308.67,2,India,617.34
O02769,2025-05-11,C059,P024,Dumbbells 5kg,Sports,1210.26,1,India,1210.26
O02770,2025-10-08,C162,P013,Cooking Oil 1L,Groceries,164.54,3,India,493.62
O02770,2025-10-08,C162,P003,Headphones,Electronics,2702.93,3,Australia,8108.789999999999
O02771,2025-07-20,C088,P008,Sneakers,Fashion,2400.79,2,UK,4801.58
O02772,2025-09-08,C011,P002,Laptop,Electronics,58321.38,1,India,58321.38
O02772,2025-09-08,C011,P010,Formal Shirt,Fashion,1271.77,1,Australia,1271.77
O02772,2025-09-08,C011,P005,Smartwatch,Electronics,6673.91,3,India,20021.73
O02773,2025-01-30,C110,P002,Laptop,Electronics,59782.37,1,India,59782.37
O02773,2025-01-30,C110,P009,Jacket,Fashion,3123.19,1,India,3123.19
O02773,2025-01-30,C110,P018,Dinner Set,Home & Kitchen,2850.35,3,Australia,8551.05
O02774,2025-01-12,C107,P005,Smartwatch,Electronics,7130.13,1,USA,7130.13
O02775,2025-12-03,C018,P004,Bluetooth Speaker,Electronics,3810.2,2,Australia,7620.4
O02775,2025-12-03,C018,P013,Cooking Oil 1L,Groceries,157.24,3,Australia,471.72
O02775,2025-12-03,C018,P001,Smartphone,Electronics,18727.09,2,USA,37454.18
O02775,2025-12-03,C018,P005,Smartwatch,Electronics,7376.55,2,Canada,14753.1
O02775,2025-12-03,C018,P021,Cricket Bat,Sports,1477.32,1,USA,1477.32
O02776,2025-06-23,C111,P024,Dumbbells 5kg,Sports,1201.83,3,Canada,3605.49
O02776,2025-06-23,C111,P016,Mixer Grinder,Home & Kitchen,3071.67,3,India,9215.01
O02776,2025-06-23,C111,P004,Bluetooth Speaker,Electronics,3489.57,2,Canada,6979.14
O02776,2025-06-23,C111,P001,Smartphone,Electronics,18054.09,3,Australia,54162.270000000004
O02776,2025-06-23,C111,P003,Headphones,Electronics,2713.54,3,UK,8140.62
O02777,2025-12-14,C012,P013,Cooking Oil 1L,Groceries,173.43,3,USA,520.29
O02777,2025-12-14,C012,P012,Wheat Flour 5kg,Groceries,326.72,3,India,980.1600000000001
O02777,2025-12-14,C012,P004,Bluetooth Speaker,Electronics,3525.4,3,USA,10576.2
O02777,2025-12-14,C012,P008,Sneakers,Fashion,2721.75,1,Australia,2721.75
O02778,2025-11-21,C161,P002,Laptop,Electronics,59673.96,3,Canada,179021.88
O02778,2025-11-21,C161,P024,Dumbbells 5kg,Sports,1221.4,2,Canada,2442.8
O02778,2025-11-21,C161,P022,Football,Sports,896.53,3,Canada,2689.59
O02778,2025-11-21,C161,P019,Bedsheet,Home & Kitchen,928.85,2,Canada,1857.7
O02779,2025-06-14,C143,P008,Sneakers,Fashion,2463.07,3,Canada,7389.210000000001
O02779,2025-06-14,C143,P009,Jacket,Fashion,3080.65,2,India,6161.3
O02779,2025-06-14,C143,P012,Wheat Flour 5kg,Groceries,305.57,2,UK,611.14
O02780,2025-04-09,C058,P012,Wheat Flour 5kg,Groceries,309.16,3,USA,927.48
O02780,2025-04-09,C058,P004,Bluetooth Speaker,Electronics,3376.99,2,USA,6753.98
O02780,2025-04-09,C058,P005,Smartwatch,Electronics,7276.53,1,Australia,7276.53
O02780,2025-04-09,C058,P002,Laptop,Electronics,53461.46,2,USA,106922.92
O02781,2025-06-18,C156,P006,T-Shirt,Fashion,705.91,2,India,1411.82
O02781,2025-06-18,C156,P013,Cooking Oil 1L,Groceries,171.62,3,Canada,514.86
O02781,2025-06-18,C156,P025,Badminton Racket,Sports,828.52,1,Canada,828.52
O02782,2025-10-14,C174,P014,Sugar 1kg,Groceries,55.83,1,UK,55.83
O02782,2025-10-14,C174,P021,Cricket Bat,Sports,1549.71,2,Canada,3099.42
O02782,2025-10-14,C174,P008,Sneakers,Fashion,2495.17,3,USA,7485.51
O02783,2025-06-03,C081,P015,Tea 500g,Groceries,223.27,2,Canada,446.54
O02783,2025-06-03,C081,P008,Sneakers,Fashion,2708.39,2,India,5416.78
O02784,2025-12-07,C012,P012,Wheat Flour 5kg,Groceries,308.78,3,Australia,926.3399999999999
O02784,2025-12-07,C012,P003,Headphones,Electronics,2617.23,2,UK,5234.46
O02785,2025-12-17,C161,P006,T-Shirt,Fashion,740.26,1,India,740.26
O02785,2025-12-17,C161,P016,Mixer Grinder,Home & Kitchen,3229.63,1,India,3229.63
O02785,2025-12-17,C161,P018,Dinner Set,Home & Kitchen,2746.42,2,Australia,5492.84
O02785,2025-12-17,C161,P024,Dumbbells 5kg,Sports,1172.24,1,India,1172.24
O02785,2025-12-17,C161,P014,Sugar 1kg,Groceries,56.77,3,USA,170.31
O02786,2025-06-23,C193,P011,Rice 5kg,Groceries,349.99,1,Australia,349.99
O02786,2025-06-23,C193,P004,Bluetooth Speaker,Electronics,3601.56,3,USA,10804.68
O02786,2025-06-23,C193,P017,Pressure Cooker,Home & Kitchen,2212.51,3,UK,6637.530000000001
O02787,2025-10-31,C088,P011,Rice 5kg,Groceries,367.43,2,UK,734.86
O02787,2025-10-31,C088,P001,Smartphone,Electronics,18690.14,3,UK,56070.42
O02787,2025-10-31,C088,P012,Wheat Flour 5kg,Groceries,320.81,1,USA,320.81
O02788,2025-01-25,C035,P008,Sneakers,Fashion,2724.84,2,UK,5449.68
O02789,2025-02-11,C104,P010,Formal Shirt,Fashion,1308.44,1,Canada,1308.44
O02789,2025-02-11,C104,P014,Sugar 1kg,Groceries,55.02,3,India,165.06
O02789,2025-02-11,C104,P015,Tea 500g,Groceries,228.99,1,USA,228.99
O02790,2025-06-09,C074,P015,Tea 500g,Groceries,239.14,1,UK,239.14
O02790,2025-06-09,C074,P023,Yoga Mat,Sports,734.59,2,Australia,1469.18
O02790,2025-06-09,C074,P011,Rice 5kg,Groceries,344.99,1,Canada,344.99
O02790,2025-06-09,C074,P012,Wheat Flour 5kg,Groceries,350.28,1,Australia,350.28
O02790,2025-06-09,C074,P003,Headphones,Electronics,2520.73,2,Canada,5041.46
O02791,2025-01-23,C166,P023,Yoga Mat,Sports,745.98,1,UK,745.98
O02792,2025-10-01,C151,P025,Badminton Racket,Sports,872.46,3,UK,2617.38
O02792,2025-10-01,C151,P022,Football,Sports,925.24,2,India,1850.48
O02792,2025-10-01,C151,P024,Dumbbells 5kg,Sports,1270.83,1,Australia,1270.83
O02792,2025-10-01,C151,P013,Cooking Oil 1L,Groceries,159.11,1,UK,159.11
O02793,2025-04-28,C035,P013,Cooking Oil 1L,Groceries,171.82,2,India,343.64
O02793,2025-04-28,C035,P021,Cricket Bat,Sports,1523.02,3,Canada,4569.0599999999995
O02793,2025-04-28,C035,P018,Dinner Set,Home & Kitchen,2794.93,1,India,2794.93
O02793,2025-04-28,C035,P019,Bedsheet,Home & Kitchen,985.29,2,USA,1970.58
O02793,2025-04-28,C035,P001,Smartphone,Electronics,17745.15,3,Australia,53235.450000000004
O02794,2025-09-29,C130,P001,Smartphone,Electronics,18306.51,2,UK,36613.02
O02794,2025-09-29,C130,P009,Jacket,Fashion,3285.39,1,Canada,3285.39
O02794,2025-09-29,C130,P008,Sneakers,Fashion,2588.11,1,USA,2588.11
O02794,2025-09-29,C130,P005,Smartwatch,Electronics,7545.19,2,UK,15090.38
O02795,2025-09-27,C125,P003,Headphones,Electronics,2739.82,2,UK,5479.64
O02795,2025-09-27,C125,P006,T-Shirt,Fashion,749.5,3,India,2248.5
O02795,2025-09-27,C125,P007,Jeans,Fashion,1590.39,1,USA,1590.39
O02796,2025-07-09,C064,P023,Yoga Mat,Sports,761.02,2,Australia,1522.04
O02796,2025-07-09,C064,P025,Badminton Racket,Sports,851.94,1,USA,851.94
O02797,2025-12-04,C032,P009,Jacket,Fashion,3248.35,1,UK,3248.35
O02797,2025-12-04,C032,P018,Dinner Set,Home & Kitchen,2761.1,3,USA,8283.3
O02797,2025-12-04,C032,P012,Wheat Flour 5kg,Groceries,327.06,3,USA,981.1800000000001
O02798,2025-01-16,C136,P002,Laptop,Electronics,56405.35,2,UK,112810.7
O02798,2025-01-16,C136,P024,Dumbbells 5kg,Sports,1230.65,2,India,2461.3
O02798,2025-01-16,C136,P019,Bedsheet,Home & Kitchen,901.32,1,Canada,901.32
O02799,2025-10-16,C036,P008,Sneakers,Fashion,2645.63,2,USA,5291.26
O02799,2025-10-16,C036,P020,Water Bottle,Home & Kitchen,250.88,3,USA,752.64
O02800,2025-04-05,C084,P006,T-Shirt,Fashion,763.32,2,USA,1526.64
O02800,2025-04-05,C084,P020,Water Bottle,Home & Kitchen,257.78,3,India,773.3399999999999
O02800,2025-04-05,C084,P018,Dinner Set,Home & Kitchen,2969.93,1,India,2969.93
O02801,2025-10-08,C093,P015,Tea 500g,Groceries,230.68,2,Australia,461.36
O02801,2025-10-08,C093,P005,Smartwatch,Electronics,7514.38,2,Canada,15028.76
O02802,2025-12-27,C160,P021,Cricket Bat,Sports,1445.91,3,India,4337.7300000000005
O02802,2025-12-27,C160,P001,Smartphone,Electronics,18466.57,1,India,18466.57
O02802,2025-12-27,C160,P005,Smartwatch,Electronics,7132.81,2,Canada,14265.62
O02803,2025-07-02,C187,P015,Tea 500g,Groceries,226.44,1,India,226.44
O02803,2025-07-02,C187,P008,Sneakers,Fashion,2476.41,3,UK,7429.23
O02803,2025-07-02,C187,P018,Dinner Set,Home & Kitchen,3005.95,3,UK,9017.849999999999
O02804,2025-06-02,C123,P011,Rice 5kg,Groceries,335.2,2,Australia,670.4
O02804,2025-06-02,C123,P018,Dinner Set,Home & Kitchen,2779.07,3,India,8337.210000000001
O02804,2025-06-02,C123,P012,Wheat Flour 5kg,Groceries,345.1,3,USA,1035.3000000000002
O02804,2025-06-02,C123,P006,T-Shirt,Fashion,670.6,1,UK,670.6
O02805,2025-12-18,C049,P015,Tea 500g,Groceries,213.32,2,India,426.64
O02805,2025-12-18,C049,P023,Yoga Mat,Sports,688.74,2,USA,1377.48
O02806,2025-12-14,C125,P015,Tea 500g,Groceries,229.41,1,UK,229.41
O02806,2025-12-14,C125,P012,Wheat Flour 5kg,Groceries,310.0,1,UK,310.0
O02806,2025-12-14,C125,P018,Dinner Set,Home & Kitchen,2932.68,3,Australia,8798.039999999999
O02806,2025-12-14,C125,P024,Dumbbells 5kg,Sports,1188.47,2,Australia,2376.94
O02806,2025-12-14,C125,P011,Rice 5kg,Groceries,351.83,1,UK,351.83
O02807,2025-08-26,C095,P018,Dinner Set,Home & Kitchen,3039.53,3,India,9118.59
O02807,2025-08-26,C095,P002,Laptop,Electronics,52259.25,2,USA,104518.5
O02807,2025-08-26,C095,P011,Rice 5kg,Groceries,384.03,1,UK,384.03
O02807,2025-08-26,C095,P024,Dumbbells 5kg,Sports,1177.96,2,India,2355.92
O02807,2025-08-26,C095,P014,Sugar 1kg,Groceries,52.88,2,India,105.76
O02808,2025-10-09,C098,P009,Jacket,Fashion,3295.45,2,Australia,6590.9
O02808,2025-10-09,C098,P018,Dinner Set,Home & Kitchen,2732.09,3,Australia,8196.27
O02808,2025-10-09,C098,P008,Sneakers,Fashion,2518.96,1,Canada,2518.96
O02808,2025-10-09,C098,P022,Football,Sports,895.72,3,UK,2687.16
O02808,2025-10-09,C098,P001,Smartphone,Electronics,17810.17,3,UK,53430.509999999995
O02809,2025-05-07,C046,P022,Football,Sports,914.54,1,Australia,914.54
O02809,2025-05-07,C046,P018,Dinner Set,Home & Kitchen,2709.19,2,UK,5418.38
O02809,2025-05-07,C046,P003,Headphones,Electronics,2588.33,2,India,5176.66
O02809,2025-05-07,C046,P023,Yoga Mat,Sports,745.09,1,Australia,745.09
O02809,2025-05-07,C046,P014,Sugar 1kg,Groceries,56.65,2,UK,113.3
O02810,2025-06-12,C004,P024,Dumbbells 5kg,Sports,1185.68,3,USA,3557.04
O02811,2025-03-28,C136,P006,T-Shirt,Fashion,706.82,2,Australia,1413.64
O02812,2025-08-30,C129,P016,Mixer Grinder,Home & Kitchen,3095.54,3,India,9286.619999999999
O02812,2025-08-30,C129,P006,T-Shirt,Fashion,687.41,2,Australia,1374.82
O02812,2025-08-30,C129,P008,Sneakers,Fashion,2672.87,1,UK,2672.87
O02813,2025-12-06,C023,P009,Jacket,Fashion,3168.82,1,Australia,3168.82
O02813,2025-12-06,C023,P024,Dumbbells 5kg,Sports,1147.14,1,USA,1147.14
O02813,2025-12-06,C023,P016,Mixer Grinder,Home & Kitchen,3366.76,1,Australia,3366.76
O02814,2025-02-28,C071,P005,Smartwatch,Electronics,7070.23,2,Australia,14140.46
O02815,2025-10-14,C150,P020,Water Bottle,Home & Kitchen,252.58,2,Australia,505.16
O02816,2025-06-22,C009,P019,Bedsheet,Home & Kitchen,968.22,3,Australia,2904.66
O02816,2025-06-22,C009,P017,Pressure Cooker,Home & Kitchen,2416.05,1,USA,2416.05
O02816,2025-06-22,C009,P003,Headphones,Electronics,2375.78,3,Canada,7127.34
O02817,2025-04-07,C195,P004,Bluetooth Speaker,Electronics,3694.51,2,Canada,7389.02
O02817,2025-04-07,C195,P025,Badminton Racket,Sports,774.39,3,USA,2323.17
O02817,2025-04-07,C195,P022,Football,Sports,922.16,3,Canada,2766.48
O02817,2025-04-07,C195,P006,T-Shirt,Fashion,696.65,3,USA,2089.95
O02818,2025-01-10,C091,P014,Sugar 1kg,Groceries,59.08,2,India,118.16
O02818,2025-01-10,C091,P001,Smartphone,Electronics,18308.44,2,Canada,36616.88
O02818,2025-01-10,C091,P011,Rice 5kg,Groceries,382.34,2,USA,764.68
O02818,2025-01-10,C091,P016,Mixer Grinder,Home & Kitchen,3375.42,3,Australia,10126.26
O02819,2025-07-05,C172,P021,Cricket Bat,Sports,1578.3,2,Australia,3156.6
O02820,2025-01-31,C054,P002,Laptop,Electronics,57191.77,3,Australia,171575.31
O02820,2025-01-31,C054,P018,Dinner Set,Home & Kitchen,2714.46,1,USA,2714.46
O02820,2025-01-31,C054,P022,Football,Sports,865.18,2,USA,1730.36
O02820,2025-01-31,C054,P025,Badminton Racket,Sports,859.2,3,Australia,2577.6000000000004
O02820,2025-01-31,C054,P011,Rice 5kg,Groceries,360.68,3,UK,1082.04
O02821,2025-02-25,C120,P010,Formal Shirt,Fashion,1140.55,2,UK,2281.1
O02822,2025-11-16,C033,P010,Formal Shirt,Fashion,1149.1,2,Australia,2298.2
O02822,2025-11-16,C033,P003,Headphones,Electronics,2635.39,1,UK,2635.39
O02822,2025-11-16,C033,P015,Tea 500g,Groceries,218.57,1,Canada,218.57
O02822,2025-11-16,C033,P002,Laptop,Electronics,52506.91,1,USA,52506.91
O02822,2025-11-16,C033,P022,Football,Sports,948.42,2,USA,1896.84
O02823,2025-07-25,C183,P003,Headphones,Electronics,2419.48,1,USA,2419.48
O02824,2025-06-28,C089,P012,Wheat Flour 5kg,Groceries,307.74,1,Australia,307.74
O02824,2025-06-28,C089,P013,Cooking Oil 1L,Groceries,159.02,3,USA,477.06000000000006
O02824,2025-06-28,C089,P024,Dumbbells 5kg,Sports,1206.57,3,India,3619.71
O02824,2025-06-28,C089,P015,Tea 500g,Groceries,221.76,1,India,221.76
O02825,2025-10-20,C096,P014,Sugar 1kg,Groceries,58.7,3,India,176.10000000000002
O02825,2025-10-20,C096,P004,Bluetooth Speaker,Electronics,3715.2,1,India,3715.2
O02825,2025-10-20,C096,P015,Tea 500g,Groceries,214.53,2,UK,429.06
O02825,2025-10-20,C096,P007,Jeans,Fashion,1551.44,1,USA,1551.44
O02826,2025-08-18,C078,P016,Mixer Grinder,Home & Kitchen,3498.37,2,Australia,6996.74
O02826,2025-08-18,C078,P009,Jacket,Fashion,2927.57,3,Canada,8782.710000000001
O02827,2025-07-20,C196,P009,Jacket,Fashion,2983.29,3,India,8949.869999999999
O02827,2025-07-20,C196,P015,Tea 500g,Groceries,216.48,1,USA,216.48
O02828,2025-07-22,C169,P009,Jacket,Fashion,2971.53,1,Australia,2971.53
O02829,2025-10-13,C008,P001,Smartphone,Electronics,17469.52,3,UK,52408.56
O02829,2025-10-13,C008,P017,Pressure Cooker,Home & Kitchen,2344.65,2,Canada,4689.3
O02829,2025-10-13,C008,P003,Headphones,Electronics,2550.22,3,Canada,7650.66
O02829,2025-10-13,C008,P021,Cricket Bat,Sports,1640.34,1,UK,1640.34
O02830,2025-03-03,C068,P004,Bluetooth Speaker,Electronics,3820.32,1,USA,3820.32
O02831,2025-08-27,C036,P022,Football,Sports,952.84,2,Canada,1905.68
O02831,2025-08-27,C036,P024,Dumbbells 5kg,Sports,1239.6,3,UK,3718.7999999999997
O02831,2025-08-27,C036,P019,Bedsheet,Home & Kitchen,968.97,2,Australia,1937.94
O02831,2025-08-27,C036,P010,Formal Shirt,Fashion,1144.02,3,Canada,3432.06
O02832,2025-01-29,C043,P004,Bluetooth Speaker,Electronics,3470.32,2,Australia,6940.64
O02833,2025-10-12,C129,P005,Smartwatch,Electronics,7598.04,1,USA,7598.04
O02833,2025-10-12,C129,P011,Rice 5kg,Groceries,366.46,2,UK,732.92
O02833,2025-10-12,C129,P019,Bedsheet,Home & Kitchen,966.0,3,Canada,2898.0
O02833,2025-10-12,C129,P015,Tea 500g,Groceries,213.69,2,UK,427.38
O02834,2025-06-26,C046,P009,Jacket,Fashion,3264.64,2,UK,6529.28
O02834,2025-06-26,C046,P007,Jeans,Fashion,1520.04,2,USA,3040.08
O02834,2025-06-26,C046,P011,Rice 5kg,Groceries,378.06,3,UK,1134.18
O02834,2025-06-26,C046,P008,Sneakers,Fashion,2715.18,3,Canada,8145.539999999999
O02835,2025-11-19,C140,P016,Mixer Grinder,Home & Kitchen,3295.38,1,India,3295.38
O02835,2025-11-19,C140,P024,Dumbbells 5kg,Sports,1245.41,1,UK,1245.41
O02836,2025-09-11,C093,P010,Formal Shirt,Fashion,1260.91,2,India,2521.82
O02836,2025-09-11,C093,P007,Jeans,Fashion,1492.74,2,UK,2985.48
O02836,2025-09-11,C093,P012,Wheat Flour 5kg,Groceries,331.87,2,Canada,663.74
O02836,2025-09-11,C093,P002,Laptop,Electronics,55725.38,3,India,167176.13999999998
O02836,2025-09-11,C093,P005,Smartwatch,Electronics,6855.31,2,USA,13710.62
O02837,2025-02-20,C080,P019,Bedsheet,Home & Kitchen,977.91,3,Australia,2933.73
O02838,2025-12-23,C024,P002,Laptop,Electronics,56688.54,2,India,113377.08
O02838,2025-12-23,C024,P004,Bluetooth Speaker,Electronics,3396.56,2,Australia,6793.12
O02838,2025-12-23,C024,P012,Wheat Flour 5kg,Groceries,320.1,2,India,640.2
O02838,2025-12-23,C024,P020,Water Bottle,Home & Kitchen,269.58,2,India,539.16
O02838,2025-12-23,C024,P005,Smartwatch,Electronics,7363.11,2,Australia,14726.22
O02839,2025-02-04,C040,P019,Bedsheet,Home & Kitchen,877.66,2,UK,1755.32
O02839,2025-02-04,C040,P004,Bluetooth Speaker,Electronics,3666.31,2,USA,7332.62
O02840,2025-08-18,C149,P024,Dumbbells 5kg,Sports,1210.9,2,UK,2421.8
O02840,2025-08-18,C149,P014,Sugar 1kg,Groceries,55.35,1,India,55.35
O02841,2025-08-18,C155,P016,Mixer Grinder,Home & Kitchen,3098.97,1,USA,3098.97
O02841,2025-08-18,C155,P009,Jacket,Fashion,2991.27,1,India,2991.27
O02842,2025-11-01,C131,P020,Water Bottle,Home & Kitchen,267.08,2,Australia,534.16
O02842,2025-11-01,C131,P017,Pressure Cooker,Home & Kitchen,2100.68,1,UK,2100.68
O02842,2025-11-01,C131,P012,Wheat Flour 5kg,Groceries,348.19,3,UK,1044.57
O02842,2025-11-01,C131,P022,Football,Sports,984.65,2,India,1969.3
O02842,2025-11-01,C131,P002,Laptop,Electronics,55690.59,2,Australia,111381.18
O02843,2025-06-21,C071,P005,Smartwatch,Electronics,7594.18,3,USA,22782.54
O02844,2025-03-22,C127,P025,Badminton Racket,Sports,852.08,3,India,2556.2400000000002
O02844,2025-03-22,C127,P017,Pressure Cooker,Home & Kitchen,2280.98,3,Australia,6842.9400000000005
O02844,2025-03-22,C127,P005,Smartwatch,Electronics,7451.04,3,Australia,22353.12
O02844,2025-03-22,C127,P023,Yoga Mat,Sports,726.42,1,USA,726.42
O02844,2025-03-22,C127,P008,Sneakers,Fashion,2749.37,1,USA,2749.37
O02845,2025-09-03,C044,P025,Badminton Racket,Sports,783.71,2,Australia,1567.42
O02845,2025-09-03,C044,P017,Pressure Cooker,Home & Kitchen,2216.05,2,Canada,4432.1
O02845,2025-09-03,C044,P003,Headphones,Electronics,2739.21,2,USA,5478.42
O02845,2025-09-03,C044,P015,Tea 500g,Groceries,213.29,2,Australia,426.58
O02846,2025-06-23,C090,P016,Mixer Grinder,Home & Kitchen,3488.93,2,India,6977.86
O02847,2025-08-17,C181,P004,Bluetooth Speaker,Electronics,3335.71,1,USA,3335.71
O02848,2025-04-13,C001,P016,Mixer Grinder,Home & Kitchen,3109.5,2,Canada,6219.0
O02848,2025-04-13,C001,P011,Rice 5kg,Groceries,333.11,3,USA,999.33
O02848,2025-04-13,C001,P024,Dumbbells 5kg,Sports,1233.0,3,Australia,3699.0
O02848,2025-04-13,C001,P010,Formal Shirt,Fashion,1203.39,2,Australia,2406.78
O02849,2025-04-21,C002,P016,Mixer Grinder,Home & Kitchen,3176.2,1,UK,3176.2
O02849,2025-04-21,C002,P003,Headphones,Electronics,2571.06,1,USA,2571.06
O02849,2025-04-21,C002,P015,Tea 500g,Groceries,238.48,3,India,715.4399999999999
O02850,2025-04-01,C101,P024,Dumbbells 5kg,Sports,1268.99,2,UK,2537.98
O02850,2025-04-01,C101,P007,Jeans,Fashion,1458.74,2,India,2917.48
O02850,2025-04-01,C101,P005,Smartwatch,Electronics,7115.86,2,India,14231.72
O02851,2025-12-20,C182,P020,Water Bottle,Home & Kitchen,271.2,1,Canada,271.2
O02851,2025-12-20,C182,P016,Mixer Grinder,Home & Kitchen,3348.6,3,Australia,10045.8
O02851,2025-12-20,C182,P006,T-Shirt,Fashion,698.5,2,Australia,1397.0
O02852,2025-11-17,C030,P022,Football,Sports,936.35,2,UK,1872.7
O02852,2025-11-17,C030,P021,Cricket Bat,Sports,1647.31,2,USA,3294.62
O02852,2025-11-17,C030,P004,Bluetooth Speaker,Electronics,3691.55,2,Australia,7383.1
O02852,2025-11-17,C030,P003,Headphones,Electronics,2473.87,1,Australia,2473.87
O02853,2025-10-29,C130,P023,Yoga Mat,Sports,714.07,3,Australia,2142.21
O02853,2025-10-29,C130,P011,Rice 5kg,Groceries,364.47,2,Canada,728.94
O02853,2025-10-29,C130,P007,Jeans,Fashion,1476.48,1,Canada,1476.48
O02853,2025-10-29,C130,P006,T-Shirt,Fashion,716.3,3,USA,2148.8999999999996
O02854,2025-01-05,C061,P007,Jeans,Fashion,1447.48,2,USA,2894.96
O02854,2025-01-05,C061,P006,T-Shirt,Fashion,704.99,2,USA,1409.98
O02854,2025-01-05,C061,P021,Cricket Bat,Sports,1507.62,3,UK,4522.86
O02854,2025-01-05,C061,P017,Pressure Cooker,Home & Kitchen,2246.26,3,India,6738.780000000001
O02855,2025-07-15,C076,P022,Football,Sports,927.66,1,India,927.66
O02855,2025-07-15,C076,P010,Formal Shirt,Fashion,1164.77,1,UK,1164.77
O02856,2025-04-18,C064,P008,Sneakers,Fashion,2443.46,3,Australia,7330.38
O02856,2025-04-18,C064,P019,Bedsheet,Home & Kitchen,937.83,3,Australia,2813.4900000000002
O02856,2025-04-18,C064,P018,Dinner Set,Home & Kitchen,3002.16,1,Australia,3002.16
O02856,2025-04-18,C064,P015,Tea 500g,Groceries,215.43,1,India,215.43
O02856,2025-04-18,C064,P005,Smartwatch,Electronics,7129.19,1,Canada,7129.19
O02857,2025-04-28,C120,P020,Water Bottle,Home & Kitchen,271.87,1,India,271.87
O02857,2025-04-28,C120,P024,Dumbbells 5kg,Sports,1241.47,1,Australia,1241.47
O02857,2025-04-28,C120,P017,Pressure Cooker,Home & Kitchen,2249.35,2,UK,4498.7
O02857,2025-04-28,C120,P014,Sugar 1kg,Groceries,59.74,3,Australia,179.22
O02858,2025-03-11,C012,P013,Cooking Oil 1L,Groceries,173.62,1,Australia,173.62
O02858,2025-03-11,C012,P025,Badminton Racket,Sports,853.22,1,UK,853.22
O02858,2025-03-11,C012,P004,Bluetooth Speaker,Electronics,3602.45,1,Australia,3602.45
O02858,2025-03-11,C012,P024,Dumbbells 5kg,Sports,1208.07,2,UK,2416.14
O02858,2025-03-11,C012,P016,Mixer Grinder,Home & Kitchen,3217.77,3,Australia,9653.31
O02859,2025-05-08,C010,P002,Laptop,Electronics,58885.68,1,UK,58885.68
O02859,2025-05-08,C010,P019,Bedsheet,Home & Kitchen,872.93,1,UK,872.93
O02860,2025-01-30,C124,P022,Football,Sports,863.75,1,UK,863.75
O02860,2025-01-30,C124,P016,Mixer Grinder,Home & Kitchen,3362.93,2,India,6725.86
O02860,2025-01-30,C124,P011,Rice 5kg,Groceries,358.4,1,USA,358.4
O02860,2025-01-30,C124,P002,Laptop,Electronics,54198.67,1,India,54198.67
O02861,2025-11-08,C179,P002,Laptop,Electronics,55404.19,2,Australia,110808.38
O02861,2025-11-08,C179,P011,Rice 5kg,Groceries,343.37,3,USA,1030.1100000000001
O02861,2025-11-08,C179,P023,Yoga Mat,Sports,740.45,1,Canada,740.45
O02861,2025-11-08,C179,P024,Dumbbells 5kg,Sports,1308.67,2,USA,2617.34
O02862,2025-08-06,C101,P008,Sneakers,Fashion,2714.69,2,Canada,5429.38
O02862,2025-08-06,C101,P020,Water Bottle,Home & Kitchen,267.49,2,USA,534.98
O02862,2025-08-06,C101,P023,Yoga Mat,Sports,688.33,3,UK,2064.9900000000002
O02863,2025-10-10,C055,P021,Cricket Bat,Sports,1484.93,2,Australia,2969.86
O02863,2025-10-10,C055,P015,Tea 500g,Groceries,228.36,3,UK,685.08
O02863,2025-10-10,C055,P004,Bluetooth Speaker,Electronics,3432.82,2,Canada,6865.64
O02863,2025-10-10,C055,P006,T-Shirt,Fashion,687.32,2,Australia,1374.64
O02864,2025-10-08,C192,P016,Mixer Grinder,Home & Kitchen,3072.83,2,USA,6145.66
O02865,2025-04-18,C149,P025,Badminton Racket,Sports,867.82,3,Australia,2603.46
O02865,2025-04-18,C149,P008,Sneakers,Fashion,2405.4,2,Australia,4810.8
O02865,2025-04-18,C149,P009,Jacket,Fashion,2997.23,2,UK,5994.46
O02866,2025-09-09,C059,P001,Smartphone,Electronics,19070.07,3,India,57210.21
O02866,2025-09-09,C059,P009,Jacket,Fashion,2856.19,2,Australia,5712.38
O02866,2025-09-09,C059,P013,Cooking Oil 1L,Groceries,153.55,1,India,153.55
O02866,2025-09-09,C059,P012,Wheat Flour 5kg,Groceries,351.22,1,UK,351.22
O02867,2025-10-20,C110,P014,Sugar 1kg,Groceries,52.53,1,Canada,52.53
O02867,2025-10-20,C110,P025,Badminton Racket,Sports,832.94,3,UK,2498.82
O02868,2025-06-10,C148,P018,Dinner Set,Home & Kitchen,2996.21,3,Canada,8988.630000000001
O02868,2025-06-10,C148,P004,Bluetooth Speaker,Electronics,3779.87,3,Canada,11339.61
O02868,2025-06-10,C148,P012,Wheat Flour 5kg,Groceries,306.65,1,Australia,306.65
O02869,2025-10-01,C042,P002,Laptop,Electronics,56034.41,2,Canada,112068.82
O02870,2025-05-21,C040,P006,T-Shirt,Fashion,740.13,3,USA,2220.39
O02870,2025-05-21,C040,P015,Tea 500g,Groceries,226.55,2,UK,453.1
O02870,2025-05-21,C040,P009,Jacket,Fashion,3163.31,3,USA,9489.93
O02870,2025-05-21,C040,P001,Smartphone,Electronics,18777.94,2,UK,37555.88
O02871,2025-08-07,C141,P014,Sugar 1kg,Groceries,53.14,3,Canada,159.42000000000002
O02872,2025-07-02,C041,P006,T-Shirt,Fashion,685.39,2,India,1370.78
O02872,2025-07-02,C041,P019,Bedsheet,Home & Kitchen,892.76,3,USA,2678.2799999999997
O02873,2025-12-28,C186,P016,Mixer Grinder,Home & Kitchen,3395.99,3,USA,10187.97
O02874,2025-05-01,C079,P002,Laptop,Electronics,53027.75,2,USA,106055.5
O02874,2025-05-01,C079,P003,Headphones,Electronics,2548.2,1,India,2548.2
O02874,2025-05-01,C079,P023,Yoga Mat,Sports,676.21,1,Canada,676.21
O02874,2025-05-01,C079,P022,Football,Sports,897.54,3,India,2692.62
O02875,2025-04-17,C024,P021,Cricket Bat,Sports,1433.6,1,Canada,1433.6
O02875,2025-04-17,C024,P001,Smartphone,Electronics,18652.43,1,UK,18652.43
O02875,2025-04-17,C024,P017,Pressure Cooker,Home & Kitchen,2160.44,1,USA,2160.44
O02875,2025-04-17,C024,P022,Football,Sports,956.84,2,USA,1913.68
O02876,2025-03-20,C031,P006,T-Shirt,Fashion,683.75,3,USA,2051.25
O02876,2025-03-20,C031,P024,Dumbbells 5kg,Sports,1310.59,1,UK,1310.59
O02876,2025-03-20,C031,P011,Rice 5kg,Groceries,365.92,1,UK,365.92
O02876,2025-03-20,C031,P019,Bedsheet,Home & Kitchen,897.09,1,Australia,897.09
O02876,2025-03-20,C031,P013,Cooking Oil 1L,Groceries,158.0,2,USA,316.0
O02877,2025-03-21,C117,P006,T-Shirt,Fashion,674.82,3,India,2024.46
O02877,2025-03-21,C117,P001,Smartphone,Electronics,18894.24,2,India,37788.48
O02877,2025-03-21,C117,P023,Yoga Mat,Sports,710.94,2,USA,1421.88
O02877,2025-03-21,C117,P002,Laptop,Electronics,53900.35,3,USA,161701.05
O02877,2025-03-21,C117,P019,Bedsheet,Home & Kitchen,914.59,2,UK,1829.18
O02878,2025-02-28,C035,P011,Rice 5kg,Groceries,345.24,2,Canada,690.48
O02878,2025-02-28,C035,P002,Laptop,Electronics,59808.79,1,USA,59808.79
O02878,2025-02-28,C035,P020,Water Bottle,Home & Kitchen,257.77,3,Canada,773.31
O02878,2025-02-28,C035,P015,Tea 500g,Groceries,213.55,1,Canada,213.55
O02879,2025-03-16,C066,P009,Jacket,Fashion,3107.16,1,Canada,3107.16
O02879,2025-03-16,C066,P002,Laptop,Electronics,53548.86,1,Canada,53548.86
O02879,2025-03-16,C066,P012,Wheat Flour 5kg,Groceries,340.36,2,USA,680.72
O02879,2025-03-16,C066,P019,Bedsheet,Home & Kitchen,860.23,2,Canada,1720.46
O02879,2025-03-16,C066,P005,Smartwatch,Electronics,7287.67,1,USA,7287.67
O02880,2025-01-31,C085,P025,Badminton Racket,Sports,861.49,3,Canada,2584.4700000000003
O02881,2025-12-16,C014,P008,Sneakers,Fashion,2514.59,3,Canada,7543.77
O02881,2025-12-16,C014,P023,Yoga Mat,Sports,710.42,3,Canada,2131.2599999999998
O02881,2025-12-16,C014,P019,Bedsheet,Home & Kitchen,939.85,3,UK,2819.55
O02882,2025-04-21,C018,P003,Headphones,Electronics,2650.22,3,UK,7950.66
O02882,2025-04-21,C018,P009,Jacket,Fashion,2991.71,2,USA,5983.42
O02883,2025-01-25,C052,P023,Yoga Mat,Sports,764.24,2,USA,1528.48
O02883,2025-01-25,C052,P022,Football,Sports,913.54,2,Canada,1827.08
O02883,2025-01-25,C052,P020,Water Bottle,Home & Kitchen,238.14,2,USA,476.28
O02883,2025-01-25,C052,P019,Bedsheet,Home & Kitchen,977.53,1,USA,977.53
O02884,2025-06-28,C189,P006,T-Shirt,Fashion,751.9,3,USA,2255.7
O02884,2025-06-28,C189,P005,Smartwatch,Electronics,7032.0,2,India,14064.0
O02884,2025-06-28,C189,P020,Water Bottle,Home & Kitchen,266.44,3,Australia,799.3199999999999
O02884,2025-06-28,C189,P002,Laptop,Electronics,59383.59,2,UK,118767.18
O02885,2025-01-02,C009,P018,Dinner Set,Home & Kitchen,2983.57,1,UK,2983.57
O02886,2025-04-21,C133,P002,Laptop,Electronics,57650.82,1,Australia,57650.82
O02887,2025-05-18,C029,P020,Water Bottle,Home & Kitchen,240.54,1,UK,240.54
O02888,2025-06-28,C004,P014,Sugar 1kg,Groceries,52.62,1,India,52.62
O02888,2025-06-28,C004,P012,Wheat Flour 5kg,Groceries,336.21,1,India,336.21
O02888,2025-06-28,C004,P006,T-Shirt,Fashion,743.69,1,Canada,743.69
O02888,2025-06-28,C004,P008,Sneakers,Fashion,2482.48,1,India,2482.48
O02889,2025-06-06,C098,P019,Bedsheet,Home & Kitchen,952.86,2,Australia,1905.72
O02889,2025-06-06,C098,P014,Sugar 1kg,Groceries,53.55,3,UK,160.64999999999998
O02889,2025-06-06,C098,P010,Formal Shirt,Fashion,1184.63,2,Australia,2369.26
O02889,2025-06-06,C098,P005,Smartwatch,Electronics,7225.18,3,USA,21675.54
O02889,2025-06-06,C098,P007,Jeans,Fashion,1648.71,3,Canada,4946.13
O02890,2025-10-09,C017,P013,Cooking Oil 1L,Groceries,174.06,1,Canada,174.06
O02890,2025-10-09,C017,P012,Wheat Flour 5kg,Groceries,310.93,1,Canada,310.93
O02890,2025-10-09,C017,P007,Jeans,Fashion,1633.72,2,USA,3267.44
O02890,2025-10-09,C017,P003,Headphones,Electronics,2740.69,1,UK,2740.69
O02890,2025-10-09,C017,P016,Mixer Grinder,Home & Kitchen,3452.95,1,Australia,3452.95
O02891,2025-04-08,C069,P006,T-Shirt,Fashion,703.24,3,Canada,2109.7200000000003
O02891,2025-04-08,C069,P003,Headphones,Electronics,2585.28,2,USA,5170.56
O02892,2025-12-21,C146,P020,Water Bottle,Home & Kitchen,250.79,2,USA,501.58
O02892,2025-12-21,C146,P021,Cricket Bat,Sports,1595.97,2,USA,3191.94
O02892,2025-12-21,C146,P009,Jacket,Fashion,2993.55,2,India,5987.1
O02892,2025-12-21,C146,P003,Headphones,Electronics,2587.32,3,India,7761.960000000001
O02892,2025-12-21,C146,P022,Football,Sports,948.65,3,Canada,2845.95
O02893,2025-03-26,C057,P011,Rice 5kg,Groceries,353.59,3,India,1060.77
O02893,2025-03-26,C057,P013,Cooking Oil 1L,Groceries,158.98,1,UK,158.98
O02893,2025-03-26,C057,P015,Tea 500g,Groceries,241.79,3,India,725.37
O02893,2025-03-26,C057,P004,Bluetooth Speaker,Electronics,3793.55,2,Canada,7587.1
O02894,2025-02-19,C042,P013,Cooking Oil 1L,Groceries,166.94,3,Australia,500.82
O02894,2025-02-19,C042,P008,Sneakers,Fashion,2628.53,3,UK,7885.59
O02894,2025-02-19,C042,P021,Cricket Bat,Sports,1591.11,2,Australia,3182.22
O02895,2025-04-24,C190,P002,Laptop,Electronics,56432.61,2,India,112865.22
O02895,2025-04-24,C190,P025,Badminton Racket,Sports,769.12,3,Canada,2307.36
O02895,2025-04-24,C190,P013,Cooking Oil 1L,Groceries,160.17,2,Australia,320.34
O02895,2025-04-24,C190,P020,Water Bottle,Home & Kitchen,272.39,3,USA,817.17
O02896,2025-11-04,C033,P007,Jeans,Fashion,1441.84,1,Australia,1441.84
O02897,2025-05-19,C004,P023,Yoga Mat,Sports,715.35,2,Australia,1430.7
O02897,2025-05-19,C004,P015,Tea 500g,Groceries,231.85,1,USA,231.85
O02898,2025-10-06,C178,P013,Cooking Oil 1L,Groceries,169.25,2,UK,338.5
O02898,2025-10-06,C178,P001,Smartphone,Electronics,17253.72,3,USA,51761.16
O02898,2025-10-06,C178,P003,Headphones,Electronics,2419.36,1,Australia,2419.36
O02899,2025-02-04,C046,P014,Sugar 1kg,Groceries,56.5,1,Canada,56.5
O02899,2025-02-04,C046,P025,Badminton Racket,Sports,778.44,1,USA,778.44
O02900,2025-11-18,C096,P017,Pressure Cooker,Home & Kitchen,2416.06,3,Australia,7248.18
O02901,2025-09-17,C021,P015,Tea 500g,Groceries,210.65,2,Canada,421.3
O02902,2025-10-05,C025,P014,Sugar 1kg,Groceries,57.55,3,Canada,172.64999999999998
O02902,2025-10-05,C025,P019,Bedsheet,Home & Kitchen,955.35,2,India,1910.7
O02903,2025-07-12,C111,P021,Cricket Bat,Sports,1509.17,1,USA,1509.17
O02903,2025-07-12,C111,P001,Smartphone,Electronics,19546.45,2,Australia,39092.9
O02903,2025-07-12,C111,P025,Badminton Racket,Sports,761.93,1,UK,761.93
O02903,2025-07-12,C111,P014,Sugar 1kg,Groceries,56.11,2,USA,112.22
O02903,2025-07-12,C111,P012,Wheat Flour 5kg,Groceries,309.83,2,USA,619.66
O02904,2025-03-13,C046,P004,Bluetooth Speaker,Electronics,3503.31,2,USA,7006.62
O02904,2025-03-13,C046,P015,Tea 500g,Groceries,225.11,2,Australia,450.22
O02904,2025-03-13,C046,P017,Pressure Cooker,Home & Kitchen,2252.05,1,USA,2252.05
O02904,2025-03-13,C046,P009,Jacket,Fashion,3209.71,2,Australia,6419.42
O02905,2025-03-13,C013,P012,Wheat Flour 5kg,Groceries,329.08,1,Australia,329.08
O02906,2025-02-21,C078,P022,Football,Sports,950.18,2,Canada,1900.36
O02906,2025-02-21,C078,P001,Smartphone,Electronics,19528.23,1,Australia,19528.23
O02907,2025-02-27,C055,P012,Wheat Flour 5kg,Groceries,350.46,1,Australia,350.46
O02907,2025-02-27,C055,P010,Formal Shirt,Fashion,1208.86,2,Canada,2417.72
O02907,2025-02-27,C055,P020,Water Bottle,Home & Kitchen,248.45,1,Australia,248.45
O02907,2025-02-27,C055,P006,T-Shirt,Fashion,684.57,1,UK,684.57
O02907,2025-02-27,C055,P024,Dumbbells 5kg,Sports,1159.81,2,India,2319.62
O02908,2025-06-16,C145,P021,Cricket Bat,Sports,1487.3,3,India,4461.9
O02909,2025-04-13,C011,P018,Dinner Set,Home & Kitchen,2710.66,1,USA,2710.66
O02910,2025-09-20,C158,P006,T-Shirt,Fashion,670.07,1,Canada,670.07
O02911,2025-10-30,C159,P024,Dumbbells 5kg,Sports,1265.06,3,UK,3795.18
O02911,2025-10-30,C159,P019,Bedsheet,Home & Kitchen,933.59,1,USA,933.59
O02911,2025-10-30,C159,P016,Mixer Grinder,Home & Kitchen,3173.43,1,India,3173.43
O02911,2025-10-30,C159,P023,Yoga Mat,Sports,694.92,1,USA,694.92
O02912,2025-01-25,C161,P023,Yoga Mat,Sports,703.11,3,UK,2109.33
O02912,2025-01-25,C161,P020,Water Bottle,Home & Kitchen,258.51,1,India,258.51
O02913,2025-05-03,C030,P004,Bluetooth Speaker,Electronics,3442.1,2,India,6884.2
O02913,2025-05-03,C030,P020,Water Bottle,Home & Kitchen,243.97,3,Australia,731.91
O02913,2025-05-03,C030,P017,Pressure Cooker,Home & Kitchen,2280.27,3,Canada,6840.8099999999995
O02913,2025-05-03,C030,P015,Tea 500g,Groceries,209.88,2,Canada,419.76
O02913,2025-05-03,C030,P022,Football,Sports,898.67,2,India,1797.34
O02914,2025-04-02,C026,P007,Jeans,Fashion,1453.03,3,USA,4359.09
O02914,2025-04-02,C026,P004,Bluetooth Speaker,Electronics,3431.82,2,UK,6863.64
O02914,2025-04-02,C026,P014,Sugar 1kg,Groceries,57.57,1,Australia,57.57
O02914,2025-04-02,C026,P024,Dumbbells 5kg,Sports,1150.71,2,Australia,2301.42
O02915,2025-08-28,C046,P013,Cooking Oil 1L,Groceries,157.34,3,Canada,472.02
O02916,2025-12-08,C110,P024,Dumbbells 5kg,Sports,1151.37,3,India,3454.1099999999997
O02916,2025-12-08,C110,P017,Pressure Cooker,Home & Kitchen,2126.52,2,USA,4253.04
O02916,2025-12-08,C110,P013,Cooking Oil 1L,Groceries,172.89,2,USA,345.78
O02916,2025-12-08,C110,P020,Water Bottle,Home & Kitchen,244.04,2,USA,488.08
O02916,2025-12-08,C110,P016,Mixer Grinder,Home & Kitchen,3074.9,1,Australia,3074.9
O02917,2025-04-29,C200,P023,Yoga Mat,Sports,725.59,2,Canada,1451.18
O02917,2025-04-29,C200,P009,Jacket,Fashion,3078.23,2,Australia,6156.46
O02917,2025-04-29,C200,P016,Mixer Grinder,Home & Kitchen,3412.35,3,India,10237.05
O02918,2025-07-01,C038,P019,Bedsheet,Home & Kitchen,864.53,2,Canada,1729.06
O02918,2025-07-01,C038,P002,Laptop,Electronics,59365.4,1,Australia,59365.4
O02918,2025-07-01,C038,P014,Sugar 1kg,Groceries,53.83,1,Australia,53.83
O02918,2025-07-01,C038,P024,Dumbbells 5kg,Sports,1190.08,1,India,1190.08
O02918,2025-07-01,C038,P004,Bluetooth Speaker,Electronics,3552.35,1,India,3552.35
O02919,2025-11-14,C187,P017,Pressure Cooker,Home & Kitchen,2301.87,1,USA,2301.87
O02920,2025-01-26,C083,P024,Dumbbells 5kg,Sports,1212.76,2,UK,2425.52
O02921,2025-03-25,C035,P007,Jeans,Fashion,1533.74,3,Australia,4601.22
O02921,2025-03-25,C035,P005,Smartwatch,Electronics,7667.77,3,USA,23003.31
O02922,2025-05-15,C156,P005,Smartwatch,Electronics,6790.72,2,Australia,13581.44
O02922,2025-05-15,C156,P004,Bluetooth Speaker,Electronics,3376.98,3,UK,10130.94
O02922,2025-05-15,C156,P023,Yoga Mat,Sports,746.65,3,Australia,2239.95
O02922,2025-05-15,C156,P006,T-Shirt,Fashion,769.91,2,UK,1539.82
O02922,2025-05-15,C156,P024,Dumbbells 5kg,Sports,1284.9,2,Canada,2569.8
O02923,2025-04-25,C025,P017,Pressure Cooker,Home & Kitchen,2137.26,1,India,2137.26
O02923,2025-04-25,C025,P021,Cricket Bat,Sports,1503.23,2,Canada,3006.46
O02923,2025-04-25,C025,P019,Bedsheet,Home & Kitchen,855.62,3,USA,2566.86
O02924,2025-05-15,C159,P008,Sneakers,Fashion,2653.81,3,Australia,7961.43
O02924,2025-05-15,C159,P010,Formal Shirt,Fashion,1232.86,1,India,1232.86
O02924,2025-05-15,C159,P016,Mixer Grinder,Home & Kitchen,3134.05,1,UK,3134.05
O02924,2025-05-15,C159,P021,Cricket Bat,Sports,1490.51,2,UK,2981.02
O02925,2025-02-20,C054,P014,Sugar 1kg,Groceries,52.32,1,India,52.32
O02925,2025-02-20,C054,P011,Rice 5kg,Groceries,334.51,3,Canada,1003.53
O02925,2025-02-20,C054,P022,Football,Sports,952.52,3,India,2857.56
O02925,2025-02-20,C054,P021,Cricket Bat,Sports,1583.85,2,India,3167.7
O02925,2025-02-20,C054,P008,Sneakers,Fashion,2695.71,3,USA,8087.13
O02926,2025-04-04,C186,P001,Smartphone,Electronics,17108.27,1,Australia,17108.27
O02926,2025-04-04,C186,P013,Cooking Oil 1L,Groceries,152.97,3,Canada,458.90999999999997
O02926,2025-04-04,C186,P016,Mixer Grinder,Home & Kitchen,3085.4,2,USA,6170.8
O02926,2025-04-04,C186,P017,Pressure Cooker,Home & Kitchen,2108.03,1,Canada,2108.03
O02927,2025-10-08,C193,P016,Mixer Grinder,Home & Kitchen,3343.94,3,India,10031.82
O02927,2025-10-08,C193,P025,Badminton Racket,Sports,775.72,1,UK,775.72
O02927,2025-10-08,C193,P013,Cooking Oil 1L,Groceries,153.23,2,USA,306.46
O02927,2025-10-08,C193,P023,Yoga Mat,Sports,711.38,3,UK,2134.14
O02927,2025-10-08,C193,P008,Sneakers,Fashion,2624.41,2,USA,5248.82
O02928,2025-07-17,C011,P007,Jeans,Fashion,1577.36,1,Australia,1577.36
O02928,2025-07-17,C011,P009,Jacket,Fashion,3041.99,3,UK,9125.97
O02929,2025-05-30,C177,P001,Smartphone,Electronics,19690.11,1,Canada,19690.11
O02929,2025-05-30,C177,P018,Dinner Set,Home & Kitchen,3025.98,3,Canada,9077.94
O02929,2025-05-30,C177,P022,Football,Sports,914.53,3,USA,2743.59
O02929,2025-05-30,C177,P004,Bluetooth Speaker,Electronics,3493.76,1,USA,3493.76
O02930,2025-01-21,C189,P010,Formal Shirt,Fashion,1225.57,2,USA,2451.14
O02930,2025-01-21,C189,P021,Cricket Bat,Sports,1630.83,3,USA,4892.49
O02930,2025-01-21,C189,P007,Jeans,Fashion,1539.41,3,UK,4618.2300000000005
O02930,2025-01-21,C189,P003,Headphones,Electronics,2396.53,2,Canada,4793.06
O02931,2025-08-04,C115,P019,Bedsheet,Home & Kitchen,914.91,3,USA,2744.73
O02931,2025-08-04,C115,P010,Formal Shirt,Fashion,1148.59,1,Australia,1148.59
O02932,2025-05-22,C095,P002,Laptop,Electronics,54785.62,2,Australia,109571.24
O02932,2025-05-22,C095,P022,Football,Sports,951.03,3,Canada,2853.09
O02933,2025-12-09,C051,P022,Football,Sports,935.89,1,Canada,935.89
O02933,2025-12-09,C051,P002,Laptop,Electronics,55921.17,3,USA,167763.51
O02933,2025-12-09,C051,P008,Sneakers,Fashion,2469.39,2,USA,4938.78
O02933,2025-12-09,C051,P004,Bluetooth Speaker,Electronics,3758.63,3,USA,11275.89
O02933,2025-12-09,C051,P010,Formal Shirt,Fashion,1279.66,1,USA,1279.66
O02934,2025-06-12,C143,P013,Cooking Oil 1L,Groceries,167.6,3,Australia,502.79999999999995
O02934,2025-06-12,C143,P020,Water Bottle,Home & Kitchen,266.62,3,Canada,799.86
O02935,2025-03-12,C114,P009,Jacket,Fashion,3246.69,2,USA,6493.38
O02936,2025-09-02,C169,P022,Football,Sports,921.99,1,India,921.99
O02937,2025-11-01,C165,P018,Dinner Set,Home & Kitchen,3053.65,3,USA,9160.95
O02937,2025-11-01,C165,P006,T-Shirt,Fashion,706.39,2,India,1412.78
O02937,2025-11-01,C165,P014,Sugar 1kg,Groceries,52.59,3,Australia,157.77
O02937,2025-11-01,C165,P012,Wheat Flour 5kg,Groceries,306.28,1,India,306.28
O02938,2025-07-07,C161,P024,Dumbbells 5kg,Sports,1300.13,2,Canada,2600.26
O02939,2025-02-22,C027,P024,Dumbbells 5kg,Sports,1192.17,3,Australia,3576.51
O02939,2025-02-22,C027,P020,Water Bottle,Home & Kitchen,270.84,3,Australia,812.52
O02939,2025-02-22,C027,P021,Cricket Bat,Sports,1453.78,1,India,1453.78
O02939,2025-02-22,C027,P017,Pressure Cooker,Home & Kitchen,2381.29,2,India,4762.58
O02939,2025-02-22,C027,P008,Sneakers,Fashion,2717.31,3,India,8151.93
O02940,2025-06-30,C035,P015,Tea 500g,Groceries,234.95,1,UK,234.95
O02940,2025-06-30,C035,P009,Jacket,Fashion,2917.82,2,UK,5835.64
O02940,2025-06-30,C035,P010,Formal Shirt,Fashion,1246.39,3,USA,3739.17
O02940,2025-06-30,C035,P003,Headphones,Electronics,2527.58,3,Canada,7582.74
O02940,2025-06-30,C035,P025,Badminton Racket,Sports,809.77,2,USA,1619.54
O02941,2025-07-25,C040,P015,Tea 500g,Groceries,210.18,2,Canada,420.36
O02941,2025-07-25,C040,P019,Bedsheet,Home & Kitchen,933.3,1,Canada,933.3
O02942,2025-04-25,C030,P002,Laptop,Electronics,53642.07,3,India,160926.21
O02942,2025-04-25,C030,P012,Wheat Flour 5kg,Groceries,312.19,1,Australia,312.19
O02942,2025-04-25,C030,P017,Pressure Cooker,Home & Kitchen,2141.36,1,UK,2141.36
O02942,2025-04-25,C030,P014,Sugar 1kg,Groceries,52.35,1,USA,52.35
O02943,2025-01-15,C084,P017,Pressure Cooker,Home & Kitchen,2270.02,3,Canada,6810.0599999999995
O02943,2025-01-15,C084,P002,Laptop,Electronics,54273.88,3,Canada,162821.63999999998
O02944,2025-02-09,C156,P019,Bedsheet,Home & Kitchen,890.6,3,Australia,2671.8
O02944,2025-02-09,C156,P024,Dumbbells 5kg,Sports,1263.43,3,UK,3790.29
O02944,2025-02-09,C156,P014,Sugar 1kg,Groceries,55.9,1,Australia,55.9
O02945,2025-06-01,C098,P025,Badminton Racket,Sports,792.56,1,UK,792.56
O02945,2025-06-01,C098,P010,Formal Shirt,Fashion,1148.4,3,India,3445.2000000000003
O02945,2025-06-01,C098,P001,Smartphone,Electronics,17659.58,3,USA,52978.740000000005
O02945,2025-06-01,C098,P017,Pressure Cooker,Home & Kitchen,2314.41,2,Canada,4628.82
O02945,2025-06-01,C098,P015,Tea 500g,Groceries,217.04,1,India,217.04
O02946,2025-09-30,C023,P022,Football,Sports,913.74,3,India,2741.2200000000003
O02946,2025-09-30,C023,P020,Water Bottle,Home & Kitchen,257.37,2,UK,514.74
O02947,2025-07-06,C087,P010,Formal Shirt,Fashion,1278.57,3,Australia,3835.71
O02947,2025-07-06,C087,P023,Yoga Mat,Sports,718.99,2,Australia,1437.98
O02948,2025-08-28,C073,P025,Badminton Racket,Sports,867.37,3,Australia,2602.11
O02948,2025-08-28,C073,P012,Wheat Flour 5kg,Groceries,314.0,1,Canada,314.0
O02949,2025-05-03,C124,P007,Jeans,Fashion,1529.5,1,UK,1529.5
O02949,2025-05-03,C124,P008,Sneakers,Fashion,2603.71,1,UK,2603.71
O02949,2025-05-03,C124,P003,Headphones,Electronics,2457.57,3,Australia,7372.710000000001
O02949,2025-05-03,C124,P006,T-Shirt,Fashion,681.14,3,USA,2043.42
O02949,2025-05-03,C124,P023,Yoga Mat,Sports,730.4,3,UK,2191.2
O02950,2025-03-25,C032,P009,Jacket,Fashion,3146.54,1,USA,3146.54
O02950,2025-03-25,C032,P020,Water Bottle,Home & Kitchen,254.06,2,Australia,508.12
O02950,2025-03-25,C032,P023,Yoga Mat,Sports,667.74,3,Canada,2003.22
O02951,2025-09-20,C130,P019,Bedsheet,Home & Kitchen,954.8,3,USA,2864.3999999999996
O02951,2025-09-20,C130,P017,Pressure Cooker,Home & Kitchen,2305.87,1,Australia,2305.87
O02951,2025-09-20,C130,P007,Jeans,Fashion,1643.05,3,USA,4929.15
O02951,2025-09-20,C130,P013,Cooking Oil 1L,Groceries,162.18,2,USA,324.36
O02951,2025-09-20,C130,P005,Smartwatch,Electronics,7393.42,3,Canada,22180.260000000002
O02952,2025-08-21,C048,P024,Dumbbells 5kg,Sports,1279.37,2,UK,2558.74
O02952,2025-08-21,C048,P022,Football,Sports,946.18,2,USA,1892.36
O02953,2025-04-30,C196,P015,Tea 500g,Groceries,214.84,1,Australia,214.84
O02954,2025-09-19,C115,P003,Headphones,Electronics,2544.96,1,India,2544.96
O02955,2025-02-06,C019,P007,Jeans,Fashion,1509.34,3,India,4528.0199999999995
O02956,2025-07-13,C048,P003,Headphones,Electronics,2455.22,3,Australia,7365.66
O02956,2025-07-13,C048,P025,Badminton Racket,Sports,877.48,1,UK,877.48
O02956,2025-07-13,C048,P024,Dumbbells 5kg,Sports,1262.65,2,UK,2525.3
O02956,2025-07-13,C048,P009,Jacket,Fashion,3022.25,1,Canada,3022.25
O02956,2025-07-13,C048,P005,Smartwatch,Electronics,7294.3,3,USA,21882.9
O02957,2025-05-14,C140,P020,Water Bottle,Home & Kitchen,272.32,1,USA,272.32
O02957,2025-05-14,C140,P024,Dumbbells 5kg,Sports,1165.94,2,Australia,2331.88
O02957,2025-05-14,C140,P014,Sugar 1kg,Groceries,55.24,2,UK,110.48
O02958,2025-10-29,C192,P012,Wheat Flour 5kg,Groceries,304.39,2,India,608.78
O02958,2025-10-29,C192,P022,Football,Sports,907.91,3,Australia,2723.73
O02958,2025-10-29,C192,P007,Jeans,Fashion,1441.08,1,Australia,1441.08
O02958,2025-10-29,C192,P011,Rice 5kg,Groceries,362.7,3,USA,1088.1
O02958,2025-10-29,C192,P013,Cooking Oil 1L,Groceries,168.95,3,India,506.84999999999997
O02959,2025-12-16,C137,P003,Headphones,Electronics,2403.65,2,India,4807.3
O02959,2025-12-16,C137,P019,Bedsheet,Home & Kitchen,959.27,3,Australia,2877.81
O02959,2025-12-16,C137,P015,Tea 500g,Groceries,238.39,2,USA,476.78
O02960,2025-07-16,C175,P016,Mixer Grinder,Home & Kitchen,3056.03,1,UK,3056.03
O02960,2025-07-16,C175,P004,Bluetooth Speaker,Electronics,3675.96,1,Canada,3675.96
O02960,2025-07-16,C175,P014,Sugar 1kg,Groceries,52.89,3,UK,158.67000000000002
O02961,2025-12-07,C171,P010,Formal Shirt,Fashion,1168.82,2,Canada,2337.64
O02961,2025-12-07,C171,P022,Football,Sports,953.49,3,India,2860.4700000000003
O02961,2025-12-07,C171,P018,Dinner Set,Home & Kitchen,2780.97,3,UK,8342.91
O02962,2025-01-03,C199,P002,Laptop,Electronics,58142.21,2,Australia,116284.42
O02962,2025-01-03,C199,P004,Bluetooth Speaker,Electronics,3457.0,3,USA,10371.0
O02962,2025-01-03,C199,P021,Cricket Bat,Sports,1596.4,2,USA,3192.8
O02962,2025-01-03,C199,P022,Football,Sports,858.91,3,UK,2576.73
O02963,2025-03-16,C077,P007,Jeans,Fashion,1488.62,2,Canada,2977.24
O02964,2025-07-05,C032,P014,Sugar 1kg,Groceries,55.94,2,UK,111.88
O02964,2025-07-05,C032,P018,Dinner Set,Home & Kitchen,2901.46,2,UK,5802.92
O02964,2025-07-05,C032,P017,Pressure Cooker,Home & Kitchen,2364.0,2,Australia,4728.0
O02964,2025-07-05,C032,P002,Laptop,Electronics,57496.06,3,India,172488.18
O02964,2025-07-05,C032,P012,Wheat Flour 5kg,Groceries,320.95,1,Australia,320.95
O02965,2025-03-21,C062,P015,Tea 500g,Groceries,236.15,1,India,236.15
O02965,2025-03-21,C062,P005,Smartwatch,Electronics,7275.47,3,USA,21826.41
O02965,2025-03-21,C062,P017,Pressure Cooker,Home & Kitchen,2095.43,3,UK,6286.289999999999
O02966,2025-10-18,C074,P009,Jacket,Fashion,2905.77,3,Australia,8717.31
O02966,2025-10-18,C074,P010,Formal Shirt,Fashion,1275.94,3,Australia,3827.82
O02966,2025-10-18,C074,P023,Yoga Mat,Sports,729.87,3,Australia,2189.61
O02966,2025-10-18,C074,P021,Cricket Bat,Sports,1605.37,2,UK,3210.74
O02966,2025-10-18,C074,P017,Pressure Cooker,Home & Kitchen,2350.7,1,India,2350.7
O02967,2025-07-11,C108,P007,Jeans,Fashion,1549.81,3,Canada,4649.43
O02968,2025-11-10,C084,P007,Jeans,Fashion,1532.87,3,Canada,4598.61
O02968,2025-11-10,C084,P002,Laptop,Electronics,54647.55,1,Australia,54647.55
O02968,2025-11-10,C084,P017,Pressure Cooker,Home & Kitchen,2217.55,1,Canada,2217.55
O02969,2025-03-31,C035,P005,Smartwatch,Electronics,6865.95,1,USA,6865.95
O02969,2025-03-31,C035,P013,Cooking Oil 1L,Groceries,170.7,2,UK,341.4
O02969,2025-03-31,C035,P021,Cricket Bat,Sports,1507.39,2,USA,3014.78
O02970,2025-10-02,C159,P019,Bedsheet,Home & Kitchen,972.34,1,USA,972.34
O02971,2025-10-19,C014,P022,Football,Sports,893.98,3,Australia,2681.94
O02971,2025-10-19,C014,P006,T-Shirt,Fashion,731.95,3,India,2195.8500000000004
O02971,2025-10-19,C014,P003,Headphones,Electronics,2441.36,3,UK,7324.08
O02971,2025-10-19,C014,P001,Smartphone,Electronics,18201.06,3,Canada,54603.18000000001
O02972,2025-08-14,C174,P005,Smartwatch,Electronics,7503.67,2,India,15007.34
O02972,2025-08-14,C174,P012,Wheat Flour 5kg,Groceries,329.95,2,USA,659.9
O02972,2025-08-14,C174,P020,Water Bottle,Home & Kitchen,259.54,3,India,778.6200000000001
O02973,2025-08-28,C068,P003,Headphones,Electronics,2614.45,1,India,2614.45
O02973,2025-08-28,C068,P013,Cooking Oil 1L,Groceries,156.0,2,Canada,312.0
O02973,2025-08-28,C068,P009,Jacket,Fashion,2980.67,2,Canada,5961.34
O02974,2025-12-31,C035,P002,Laptop,Electronics,53375.99,3,USA,160127.97
O02975,2025-03-14,C064,P016,Mixer Grinder,Home & Kitchen,3150.13,1,UK,3150.13
O02975,2025-03-14,C064,P017,Pressure Cooker,Home & Kitchen,2127.76,2,Canada,4255.52
O02975,2025-03-14,C064,P002,Laptop,Electronics,60230.34,2,USA,120460.68
O02976,2025-07-11,C022,P019,Bedsheet,Home & Kitchen,888.87,3,UK,2666.61
O02976,2025-07-11,C022,P011,Rice 5kg,Groceries,340.35,1,Australia,340.35
O02977,2025-04-22,C080,P007,Jeans,Fashion,1469.47,3,Australia,4408.41
O02977,2025-04-22,C080,P011,Rice 5kg,Groceries,372.8,3,USA,1118.4
O02978,2025-11-11,C058,P006,T-Shirt,Fashion,691.86,2,Canada,1383.72
O02978,2025-11-11,C058,P003,Headphones,Electronics,2517.45,1,Canada,2517.45
O02978,2025-11-11,C058,P008,Sneakers,Fashion,2455.12,3,Australia,7365.36
O02979,2025-06-04,C101,P020,Water Bottle,Home & Kitchen,264.79,1,USA,264.79
O02979,2025-06-04,C101,P008,Sneakers,Fashion,2727.01,1,India,2727.01
O02979,2025-06-04,C101,P015,Tea 500g,Groceries,219.15,2,Australia,438.3
O02979,2025-06-04,C101,P011,Rice 5kg,Groceries,364.07,1,Canada,364.07
O02979,2025-06-04,C101,P021,Cricket Bat,Sports,1629.08,1,Australia,1629.08
O02980,2025-06-17,C017,P022,Football,Sports,926.74,2,Canada,1853.48
O02980,2025-06-17,C017,P004,Bluetooth Speaker,Electronics,3498.15,2,UK,6996.3
O02980,2025-06-17,C017,P025,Badminton Racket,Sports,814.33,1,USA,814.33
O02981,2025-06-20,C113,P004,Bluetooth Speaker,Electronics,3519.23,2,USA,7038.46
O02981,2025-06-20,C113,P018,Dinner Set,Home & Kitchen,3026.33,1,Canada,3026.33
O02981,2025-06-20,C113,P005,Smartwatch,Electronics,7328.91,2,UK,14657.82
O02982,2025-05-01,C060,P024,Dumbbells 5kg,Sports,1232.22,2,India,2464.44
O02982,2025-05-01,C060,P009,Jacket,Fashion,3291.96,2,USA,6583.92
O02982,2025-05-01,C060,P012,Wheat Flour 5kg,Groceries,325.24,1,Australia,325.24
O02983,2025-09-10,C187,P001,Smartphone,Electronics,17581.28,1,India,17581.28
O02983,2025-09-10,C187,P020,Water Bottle,Home & Kitchen,258.77,2,USA,517.54
O02983,2025-09-10,C187,P013,Cooking Oil 1L,Groceries,176.0,2,UK,352.0
O02983,2025-09-10,C187,P006,T-Shirt,Fashion,693.47,2,Canada,1386.94
O02984,2025-01-22,C110,P018,Dinner Set,Home & Kitchen,2960.12,3,India,8880.36
O02984,2025-01-22,C110,P007,Jeans,Fashion,1427.43,2,Canada,2854.86
O02984,2025-01-22,C110,P001,Smartphone,Electronics,19241.08,2,Australia,38482.16
O02984,2025-01-22,C110,P014,Sugar 1kg,Groceries,54.5,2,Australia,109.0
O02984,2025-01-22,C110,P024,Dumbbells 5kg,Sports,1276.4,2,USA,2552.8
O02985,2025-01-22,C155,P013,Cooking Oil 1L,Groceries,166.3,2,Canada,332.6
O02986,2025-04-05,C030,P009,Jacket,Fashion,2942.03,3,UK,8826.09
O02987,2025-06-07,C135,P009,Jacket,Fashion,3099.08,1,India,3099.08
O02987,2025-06-07,C135,P018,Dinner Set,Home & Kitchen,2953.84,1,UK,2953.84
O02988,2025-06-01,C151,P020,Water Bottle,Home & Kitchen,251.03,3,India,753.09
O02988,2025-06-01,C151,P005,Smartwatch,Electronics,6818.08,1,Australia,6818.08
O02988,2025-06-01,C151,P003,Headphones,Electronics,2579.46,1,India,2579.46
O02988,2025-06-01,C151,P021,Cricket Bat,Sports,1477.26,3,India,4431.78
O02989,2025-10-27,C100,P017,Pressure Cooker,Home & Kitchen,2395.93,2,Australia,4791.86
O02989,2025-10-27,C100,P023,Yoga Mat,Sports,768.19,3,UK,2304.57
O02989,2025-10-27,C100,P010,Formal Shirt,Fashion,1297.84,1,Canada,1297.84
O02989,2025-10-27,C100,P011,Rice 5kg,Groceries,375.22,2,USA,750.44
O02989,2025-10-27,C100,P024,Dumbbells 5kg,Sports,1250.74,3,Australia,3752.2200000000003
O02990,2025-01-13,C140,P011,Rice 5kg,Groceries,346.94,3,UK,1040.82
O02990,2025-01-13,C140,P023,Yoga Mat,Sports,665.55,3,India,1996.6499999999999
O02990,2025-01-13,C140,P008,Sneakers,Fashion,2482.53,1,UK,2482.53
O02991,2025-07-11,C055,P017,Pressure Cooker,Home & Kitchen,2157.67,1,India,2157.67
O02991,2025-07-11,C055,P007,Jeans,Fashion,1507.28,3,USA,4521.84
O02991,2025-07-11,C055,P002,Laptop,Electronics,58098.3,1,Canada,58098.3
O02992,2025-03-27,C119,P003,Headphones,Electronics,2498.56,2,Australia,4997.12
O02992,2025-03-27,C119,P006,T-Shirt,Fashion,716.59,1,Australia,716.59
O02993,2025-06-05,C029,P022,Football,Sports,940.92,3,Australia,2822.7599999999998
O02993,2025-06-05,C029,P016,Mixer Grinder,Home & Kitchen,3143.86,2,Canada,6287.72
O02993,2025-06-05,C029,P020,Water Bottle,Home & Kitchen,247.59,2,UK,495.18
O02993,2025-06-05,C029,P006,T-Shirt,Fashion,718.75,1,Canada,718.75
O02994,2025-05-02,C013,P013,Cooking Oil 1L,Groceries,162.49,3,Canada,487.47
O02994,2025-05-02,C013,P018,Dinner Set,Home & Kitchen,3003.61,2,Australia,6007.22
O02994,2025-05-02,C013,P023,Yoga Mat,Sports,725.73,2,Australia,1451.46
O02994,2025-05-02,C013,P008,Sneakers,Fashion,2727.39,1,USA,2727.39
O02995,2025-12-28,C199,P003,Headphones,Electronics,2588.79,1,India,2588.79
O02995,2025-12-28,C199,P025,Badminton Racket,Sports,864.55,1,UK,864.55
O02996,2025-03-14,C116,P004,Bluetooth Speaker,Electronics,3697.09,1,Australia,3697.09
O02997,2025-09-26,C027,P020,Water Bottle,Home & Kitchen,244.3,3,Australia,732.9000000000001
O02997,2025-09-26,C027,P009,Jacket,Fashion,2911.69,3,Australia,8735.07
O02997,2025-09-26,C027,P022,Football,Sports,895.38,1,India,895.38
O02997,2025-09-26,C027,P012,Wheat Flour 5kg,Groceries,319.7,3,India,959.0999999999999
O02998,2025-11-10,C111,P017,Pressure Cooker,Home & Kitchen,2404.17,2,UK,4808.34
O02998,2025-11-10,C111,P018,Dinner Set,Home & Kitchen,3075.15,1,UK,3075.15
O02999,2025-09-18,C133,P017,Pressure Cooker,Home & Kitchen,2318.89,1,Canada,2318.89
O02999,2025-09-18,C133,P003,Headphones,Electronics,2627.59,3,USA,7882.77
O02999,2025-09-18,C133,P024,Dumbbells 5kg,Sports,1269.17,3,India,3807.51
O03000,2025-06-23,C184,P006,T-Shirt,Fashion,684.81,3,Canada,2054.43
O03000,2025-06-23,C184,P023,Yoga Mat,Sports,665.46,2,India,1330.92
